============================================================
Using device: cuda
============================================================
Vision Transformer Fine-tuning on Caltech-101
Using Gradient Chain Selection - Rank 8
============================================================
Using random seed: 2369

Loading dataset...
Image directory already exists at /export/home/achyut/sam/data/caltech-101/101_ObjectCategories
Dataset loaded: 7315 train samples, 1829 val samples
Number of classes: 102

Creating ViT model for 102 classes...

PEFT config: PacaConfig(peft_type=<PeftType.PACA: 'PACA'>, auto_mapping=None, base_model_name_or_path=None, revision=None, task_type=<TaskType.FEATURE_EXTRACTION: 'FEATURE_EXTRACTION'>, inference_mode=False, r=8, target_modules={'out_proj', 'mlp.0', 'mlp.3'}, paca_alpha=16, fan_in_fan_out=False, bias='all', modules_to_save=['head'], layers_to_transform=None, layers_pattern=None, rank_pattern={}, alpha_pattern={}, megatron_config=None, megatron_core='megatron.core', layer_replication=None, gradient_accumulation_steps=1, steps_per_epoch=115, arm_distribution='gradient_chain', num_arms=3, num_arms_to_select=1, ucb_alpha=0.5, use_fixed_indices=False, arm_selection_method='thompson', thompson_distribution='gaussian', thompson_alpha_prior=1.0, thompson_beta_prior=1.0, thompson_gaussian_prior_mean=0.0, thompson_gaussian_prior_std=10.0, thompson_gaussian_noise_std=5.0, gradient_chain_warmup_epochs=2, gradient_chain_num_samples=5)
Total parameters: 149,656,524
Trainable parameters: 545,484 (0.36%)
Frozen parameters: 149,111,040 (99.64%)

============================================================
Fine-tuning ViT using Gradient Chain Selection:
============================================================
Calculating initial validation accuracy...
Initial Val Acc: 0.98%

Reward: 0.00% (normalized: 0.00)
Gradient chain warmup: 1/2

Epoch 1/100 | LR: 0.000100 | Time: 47.19s
Train Loss: 4.6473 | Train Acc: 0.74%
Val Loss: 4.6395 | Val Acc: 0.98%

Gradient Chain Statistics:
[PacaGradientChainManager - Gradient Chain Logs]
  Chains Built: False
  Number of Chains: 0
  Current Epoch: 0
  Arm Means: [0.0, 0.0, 0.0]
  Arm Stds: [10.0, 10.0, 10.0]
  Arm Observation Counts: [0, 0, 0]
------------------------------------------------------------

Reward: 20.34% (normalized: 2.03)

============================================================
Building Gradient Chains...
============================================================
Sampling 5 batches to estimate gradients...
  Batch 1/5 processed
  Batch 2/5 processed
  Batch 3/5 processed
  Batch 4/5 processed
  Batch 5/5 processed

Averaging gradients across batches...

Building 3 gradient chains...

Chain 0: Starting from neuron 1
  Layer 0 (encoder.layers.encoder_layer_0.mlp.0): input_col=1 -> output_neuron=2437 (grad=0.0003)
  Layer 1 (encoder.layers.encoder_layer_0.mlp.3): input_col=5 -> output_neuron=235 (grad=0.0002)
  Warning: No gradients for layer encoder.layers.encoder_layer_1.self_attention.out_proj, skipping
  Layer 3 (encoder.layers.encoder_layer_1.mlp.0): input_col=3 -> output_neuron=2059 (grad=0.0004)
  Layer 4 (encoder.layers.encoder_layer_1.mlp.3): input_col=3 -> output_neuron=492 (grad=0.0006)
  Warning: No gradients for layer encoder.layers.encoder_layer_2.self_attention.out_proj, skipping
  Layer 6 (encoder.layers.encoder_layer_2.mlp.0): input_col=4 -> output_neuron=2054 (grad=0.0001)
  Layer 7 (encoder.layers.encoder_layer_2.mlp.3): input_col=6 -> output_neuron=235 (grad=0.0016)
  Warning: No gradients for layer encoder.layers.encoder_layer_3.self_attention.out_proj, skipping
  Layer 9 (encoder.layers.encoder_layer_3.mlp.0): input_col=3 -> output_neuron=266 (grad=0.0001)
  Layer 10 (encoder.layers.encoder_layer_3.mlp.3): input_col=2 -> output_neuron=225 (grad=0.0012)
  Warning: No gradients for layer encoder.layers.encoder_layer_4.self_attention.out_proj, skipping
  Layer 12 (encoder.layers.encoder_layer_4.mlp.0): input_col=1 -> output_neuron=2225 (grad=0.0000)
  Layer 13 (encoder.layers.encoder_layer_4.mlp.3): input_col=1 -> output_neuron=235 (grad=0.0008)
  Warning: No gradients for layer encoder.layers.encoder_layer_5.self_attention.out_proj, skipping
  Layer 15 (encoder.layers.encoder_layer_5.mlp.0): input_col=3 -> output_neuron=607 (grad=0.0015)
  Layer 16 (encoder.layers.encoder_layer_5.mlp.3): input_col=7 -> output_neuron=587 (grad=0.0007)
  Warning: No gradients for layer encoder.layers.encoder_layer_6.self_attention.out_proj, skipping
  Layer 18 (encoder.layers.encoder_layer_6.mlp.0): input_col=3 -> output_neuron=411 (grad=0.0005)
  Layer 19 (encoder.layers.encoder_layer_6.mlp.3): input_col=3 -> output_neuron=366 (grad=0.0008)
  Warning: No gradients for layer encoder.layers.encoder_layer_7.self_attention.out_proj, skipping
  Layer 21 (encoder.layers.encoder_layer_7.mlp.0): input_col=6 -> output_neuron=901 (grad=0.0007)
  Layer 22 (encoder.layers.encoder_layer_7.mlp.3): input_col=5 -> output_neuron=592 (grad=0.0023)
  Warning: No gradients for layer encoder.layers.encoder_layer_8.self_attention.out_proj, skipping
  Layer 24 (encoder.layers.encoder_layer_8.mlp.0): input_col=0 -> output_neuron=1660 (grad=0.0005)
  Layer 25 (encoder.layers.encoder_layer_8.mlp.3): input_col=4 -> output_neuron=656 (grad=0.0006)
  Warning: No gradients for layer encoder.layers.encoder_layer_9.self_attention.out_proj, skipping
  Layer 27 (encoder.layers.encoder_layer_9.mlp.0): input_col=0 -> output_neuron=1397 (grad=0.0011)
  Layer 28 (encoder.layers.encoder_layer_9.mlp.3): input_col=5 -> output_neuron=592 (grad=0.0034)
  Warning: No gradients for layer encoder.layers.encoder_layer_10.self_attention.out_proj, skipping
  Layer 30 (encoder.layers.encoder_layer_10.mlp.0): input_col=0 -> output_neuron=2985 (grad=0.0049)
  Layer 31 (encoder.layers.encoder_layer_10.mlp.3): input_col=1 -> output_neuron=235 (grad=0.0020)
  Warning: No gradients for layer encoder.layers.encoder_layer_11.self_attention.out_proj, skipping
  Layer 33 (encoder.layers.encoder_layer_11.mlp.0): input_col=3 -> output_neuron=1420 (grad=0.0075)
  Layer 34 (encoder.layers.encoder_layer_11.mlp.3): input_col=4 -> output_neuron=235 (grad=0.0042)

Chain 1: Starting from neuron 4
  Layer 0 (encoder.layers.encoder_layer_0.mlp.0): input_col=4 -> output_neuron=2299 (grad=0.0002)
  Layer 1 (encoder.layers.encoder_layer_0.mlp.3): input_col=3 -> output_neuron=592 (grad=0.0003)
  Warning: No gradients for layer encoder.layers.encoder_layer_1.self_attention.out_proj, skipping
  Layer 3 (encoder.layers.encoder_layer_1.mlp.0): input_col=0 -> output_neuron=2059 (grad=0.0001)
  Layer 4 (encoder.layers.encoder_layer_1.mlp.3): input_col=3 -> output_neuron=492 (grad=0.0006)
  Warning: No gradients for layer encoder.layers.encoder_layer_2.self_attention.out_proj, skipping
  Layer 6 (encoder.layers.encoder_layer_2.mlp.0): input_col=4 -> output_neuron=2054 (grad=0.0001)
  Layer 7 (encoder.layers.encoder_layer_2.mlp.3): input_col=6 -> output_neuron=235 (grad=0.0016)
  Warning: No gradients for layer encoder.layers.encoder_layer_3.self_attention.out_proj, skipping
  Layer 9 (encoder.layers.encoder_layer_3.mlp.0): input_col=3 -> output_neuron=266 (grad=0.0001)
  Layer 10 (encoder.layers.encoder_layer_3.mlp.3): input_col=2 -> output_neuron=225 (grad=0.0012)
  Warning: No gradients for layer encoder.layers.encoder_layer_4.self_attention.out_proj, skipping
  Layer 12 (encoder.layers.encoder_layer_4.mlp.0): input_col=1 -> output_neuron=2225 (grad=0.0000)
  Layer 13 (encoder.layers.encoder_layer_4.mlp.3): input_col=1 -> output_neuron=235 (grad=0.0008)
  Warning: No gradients for layer encoder.layers.encoder_layer_5.self_attention.out_proj, skipping
  Layer 15 (encoder.layers.encoder_layer_5.mlp.0): input_col=3 -> output_neuron=607 (grad=0.0015)
  Layer 16 (encoder.layers.encoder_layer_5.mlp.3): input_col=7 -> output_neuron=587 (grad=0.0007)
  Warning: No gradients for layer encoder.layers.encoder_layer_6.self_attention.out_proj, skipping
  Layer 18 (encoder.layers.encoder_layer_6.mlp.0): input_col=3 -> output_neuron=411 (grad=0.0005)
  Layer 19 (encoder.layers.encoder_layer_6.mlp.3): input_col=3 -> output_neuron=366 (grad=0.0008)
  Warning: No gradients for layer encoder.layers.encoder_layer_7.self_attention.out_proj, skipping
  Layer 21 (encoder.layers.encoder_layer_7.mlp.0): input_col=6 -> output_neuron=901 (grad=0.0007)
  Layer 22 (encoder.layers.encoder_layer_7.mlp.3): input_col=5 -> output_neuron=592 (grad=0.0023)
  Warning: No gradients for layer encoder.layers.encoder_layer_8.self_attention.out_proj, skipping
  Layer 24 (encoder.layers.encoder_layer_8.mlp.0): input_col=0 -> output_neuron=1660 (grad=0.0005)
  Layer 25 (encoder.layers.encoder_layer_8.mlp.3): input_col=4 -> output_neuron=656 (grad=0.0006)
  Warning: No gradients for layer encoder.layers.encoder_layer_9.self_attention.out_proj, skipping
  Layer 27 (encoder.layers.encoder_layer_9.mlp.0): input_col=0 -> output_neuron=1397 (grad=0.0011)
  Layer 28 (encoder.layers.encoder_layer_9.mlp.3): input_col=5 -> output_neuron=592 (grad=0.0034)
  Warning: No gradients for layer encoder.layers.encoder_layer_10.self_attention.out_proj, skipping
  Layer 30 (encoder.layers.encoder_layer_10.mlp.0): input_col=0 -> output_neuron=2985 (grad=0.0049)
  Layer 31 (encoder.layers.encoder_layer_10.mlp.3): input_col=1 -> output_neuron=235 (grad=0.0020)
  Warning: No gradients for layer encoder.layers.encoder_layer_11.self_attention.out_proj, skipping
  Layer 33 (encoder.layers.encoder_layer_11.mlp.0): input_col=3 -> output_neuron=1420 (grad=0.0075)
  Layer 34 (encoder.layers.encoder_layer_11.mlp.3): input_col=4 -> output_neuron=235 (grad=0.0042)

Chain 2: Starting from neuron 3
  Layer 0 (encoder.layers.encoder_layer_0.mlp.0): input_col=3 -> output_neuron=2829 (grad=0.0000)
  Layer 1 (encoder.layers.encoder_layer_0.mlp.3): input_col=5 -> output_neuron=235 (grad=0.0002)
  Warning: No gradients for layer encoder.layers.encoder_layer_1.self_attention.out_proj, skipping
  Layer 3 (encoder.layers.encoder_layer_1.mlp.0): input_col=3 -> output_neuron=2059 (grad=0.0004)
  Layer 4 (encoder.layers.encoder_layer_1.mlp.3): input_col=3 -> output_neuron=492 (grad=0.0006)
  Warning: No gradients for layer encoder.layers.encoder_layer_2.self_attention.out_proj, skipping
  Layer 6 (encoder.layers.encoder_layer_2.mlp.0): input_col=4 -> output_neuron=2054 (grad=0.0001)
  Layer 7 (encoder.layers.encoder_layer_2.mlp.3): input_col=6 -> output_neuron=235 (grad=0.0016)
  Warning: No gradients for layer encoder.layers.encoder_layer_3.self_attention.out_proj, skipping
  Layer 9 (encoder.layers.encoder_layer_3.mlp.0): input_col=3 -> output_neuron=266 (grad=0.0001)
  Layer 10 (encoder.layers.encoder_layer_3.mlp.3): input_col=2 -> output_neuron=225 (grad=0.0012)
  Warning: No gradients for layer encoder.layers.encoder_layer_4.self_attention.out_proj, skipping
  Layer 12 (encoder.layers.encoder_layer_4.mlp.0): input_col=1 -> output_neuron=2225 (grad=0.0000)
  Layer 13 (encoder.layers.encoder_layer_4.mlp.3): input_col=1 -> output_neuron=235 (grad=0.0008)
  Warning: No gradients for layer encoder.layers.encoder_layer_5.self_attention.out_proj, skipping
  Layer 15 (encoder.layers.encoder_layer_5.mlp.0): input_col=3 -> output_neuron=607 (grad=0.0015)
  Layer 16 (encoder.layers.encoder_layer_5.mlp.3): input_col=7 -> output_neuron=587 (grad=0.0007)
  Warning: No gradients for layer encoder.layers.encoder_layer_6.self_attention.out_proj, skipping
  Layer 18 (encoder.layers.encoder_layer_6.mlp.0): input_col=3 -> output_neuron=411 (grad=0.0005)
  Layer 19 (encoder.layers.encoder_layer_6.mlp.3): input_col=3 -> output_neuron=366 (grad=0.0008)
  Warning: No gradients for layer encoder.layers.encoder_layer_7.self_attention.out_proj, skipping
  Layer 21 (encoder.layers.encoder_layer_7.mlp.0): input_col=6 -> output_neuron=901 (grad=0.0007)
  Layer 22 (encoder.layers.encoder_layer_7.mlp.3): input_col=5 -> output_neuron=592 (grad=0.0023)
  Warning: No gradients for layer encoder.layers.encoder_layer_8.self_attention.out_proj, skipping
  Layer 24 (encoder.layers.encoder_layer_8.mlp.0): input_col=0 -> output_neuron=1660 (grad=0.0005)
  Layer 25 (encoder.layers.encoder_layer_8.mlp.3): input_col=4 -> output_neuron=656 (grad=0.0006)
  Warning: No gradients for layer encoder.layers.encoder_layer_9.self_attention.out_proj, skipping
  Layer 27 (encoder.layers.encoder_layer_9.mlp.0): input_col=0 -> output_neuron=1397 (grad=0.0011)
  Layer 28 (encoder.layers.encoder_layer_9.mlp.3): input_col=5 -> output_neuron=592 (grad=0.0034)
  Warning: No gradients for layer encoder.layers.encoder_layer_10.self_attention.out_proj, skipping
  Layer 30 (encoder.layers.encoder_layer_10.mlp.0): input_col=0 -> output_neuron=2985 (grad=0.0049)
  Layer 31 (encoder.layers.encoder_layer_10.mlp.3): input_col=1 -> output_neuron=235 (grad=0.0020)
  Warning: No gradients for layer encoder.layers.encoder_layer_11.self_attention.out_proj, skipping
  Layer 33 (encoder.layers.encoder_layer_11.mlp.0): input_col=3 -> output_neuron=1420 (grad=0.0075)
  Layer 34 (encoder.layers.encoder_layer_11.mlp.3): input_col=4 -> output_neuron=235 (grad=0.0042)

============================================================
✓ Successfully built 3 gradient chains
============================================================

Epoch 2/100 | LR: 0.000200 | Time: 49.60s
Train Loss: 4.1733 | Train Acc: 16.75%
Val Loss: 3.8179 | Val Acc: 21.32%

Gradient Chain Statistics:
[PacaGradientChainManager - Gradient Chain Logs]
  Chains Built: True
  Number of Chains: 3
  Current Epoch: 1
  Selected Arms: [2]
  Arm Means: [0.0, 0.0, 0.0]
  Arm Stds: [10.0, 10.0, 10.0]
  Arm Observation Counts: [0, 0, 0]
  Last Sampled Values: [-10.734441757202148, -18.831823348999023, -6.184477806091309]
------------------------------------------------------------

Reward: 17.17% (normalized: 1.72)

Epoch 3/100 | LR: 0.000300 | Time: 47.33s
Train Loss: 3.3915 | Train Acc: 30.08%
Val Loss: 2.9574 | Val Acc: 38.49%

Gradient Chain Statistics:
[PacaGradientChainManager - Gradient Chain Logs]
  Chains Built: True
  Number of Chains: 3
  Current Epoch: 2
  Selected Arms: [0]
  Arm Means: [0.0, 0.0, 1.3734281063079834]
  Arm Stds: [10.0, 10.0, 4.4721360206604]
  Arm Observation Counts: [0, 0, 1]
  Last Sampled Values: [9.102836608886719, 6.635218620300293, -0.4800229072570801]
------------------------------------------------------------

Reward: 20.07% (normalized: 2.01)

Epoch 4/100 | LR: 0.000400 | Time: 47.29s
Train Loss: 2.5585 | Train Acc: 47.83%
Val Loss: 2.2542 | Val Acc: 58.56%

Gradient Chain Statistics:
[PacaGradientChainManager - Gradient Chain Logs]
  Chains Built: True
  Number of Chains: 3
  Current Epoch: 3
  Selected Arms: [2]
  Arm Means: [1.6052488088607788, 0.0, 1.3734281063079834]
  Arm Stds: [4.4721360206604, 10.0, 4.4721360206604]
  Arm Observation Counts: [1, 0, 1]
  Last Sampled Values: [-1.523616909980774, -9.586148262023926, 0.7937762141227722]
------------------------------------------------------------

Reward: 12.19% (normalized: 1.22)

Epoch 5/100 | LR: 0.000500 | Time: 47.31s
Train Loss: 1.9499 | Train Acc: 66.43%
Val Loss: 1.7875 | Val Acc: 70.75%

Gradient Chain Statistics:
[PacaGradientChainManager - Gradient Chain Logs]
  Chains Built: True
  Number of Chains: 3
  Current Epoch: 4
  Selected Arms: [1]
  Arm Means: [1.6052488088607788, 0.0, 1.3049025535583496]
  Arm Stds: [4.4721360206604, 10.0, 3.3333334922790527]
  Arm Observation Counts: [1, 0, 2]
  Last Sampled Values: [2.424374580383301, 15.518712997436523, 6.423555374145508]
------------------------------------------------------------

Reward: 5.03% (normalized: 0.50)

Epoch 6/100 | LR: 0.000600 | Time: 47.31s
Train Loss: 1.5125 | Train Acc: 77.99%
Val Loss: 1.4476 | Val Acc: 75.78%

Gradient Chain Statistics:
[PacaGradientChainManager - Gradient Chain Logs]
  Chains Built: True
  Number of Chains: 3
  Current Epoch: 5
  Selected Arms: [1]
  Arm Means: [1.6052488088607788, 0.40240567922592163, 1.3049025535583496]
  Arm Stds: [4.4721360206604, 4.4721360206604, 3.3333334922790527]
  Arm Observation Counts: [1, 1, 2]
  Last Sampled Values: [-2.1762189865112305, 0.06998565793037415, -4.433645725250244]
------------------------------------------------------------

Reward: 7.60% (normalized: 0.76)

Epoch 7/100 | LR: 0.000700 | Time: 47.28s
Train Loss: 1.1611 | Train Acc: 85.55%
Val Loss: 1.1542 | Val Acc: 83.38%

Gradient Chain Statistics:
[PacaGradientChainManager - Gradient Chain Logs]
  Chains Built: True
  Number of Chains: 3
  Current Epoch: 6
  Selected Arms: [2]
  Arm Means: [1.6052488088607788, 0.5613267421722412, 1.3049025535583496]
  Arm Stds: [4.4721360206604, 3.3333334922790527, 3.3333334922790527]
  Arm Observation Counts: [1, 2, 2]
  Last Sampled Values: [2.1838176250457764, -2.0986366271972656, 4.860187530517578]
------------------------------------------------------------

Reward: 0.77% (normalized: 0.08)

Epoch 8/100 | LR: 0.000800 | Time: 47.30s
Train Loss: 0.9459 | Train Acc: 89.75%
Val Loss: 1.0100 | Val Acc: 84.14%

Gradient Chain Statistics:
[PacaGradientChainManager - Gradient Chain Logs]
  Chains Built: True
  Number of Chains: 3
  Current Epoch: 7
  Selected Arms: [0]
  Arm Means: [1.6052488088607788, 0.5613267421722412, 0.926946222782135]
  Arm Stds: [4.4721360206604, 3.3333334922790527, 2.77350115776062]
  Arm Observation Counts: [1, 2, 3]
  Last Sampled Values: [8.09307861328125, -0.44646644592285156, -0.31677860021591187]
------------------------------------------------------------

Reward: 4.65% (normalized: 0.46)

Epoch 9/100 | LR: 0.000900 | Time: 47.37s
Train Loss: 0.7547 | Train Acc: 92.86%
Val Loss: 0.8340 | Val Acc: 88.79%

Gradient Chain Statistics:
[PacaGradientChainManager - Gradient Chain Logs]
  Chains Built: True
  Number of Chains: 3
  Current Epoch: 8
  Selected Arms: [0]
  Arm Means: [1.0983537435531616, 0.5613267421722412, 0.926946222782135]
  Arm Stds: [3.3333334922790527, 3.3333334922790527, 2.77350115776062]
  Arm Observation Counts: [2, 2, 3]
  Last Sampled Values: [3.1046981811523438, -2.009620428085327, -0.08922559022903442]
------------------------------------------------------------

Reward: 0.87% (normalized: 0.09)

Epoch 10/100 | LR: 0.001000 | Time: 47.31s
Train Loss: 0.6105 | Train Acc: 94.87%
Val Loss: 0.7961 | Val Acc: 89.67%

Gradient Chain Statistics:
[PacaGradientChainManager - Gradient Chain Logs]
  Chains Built: True
  Number of Chains: 3
  Current Epoch: 9
  Selected Arms: [2]
  Arm Means: [0.7873154878616333, 0.5613267421722412, 0.926946222782135]
  Arm Stds: [2.77350115776062, 3.3333334922790527, 2.77350115776062]
  Arm Observation Counts: [3, 2, 3]
  Last Sampled Values: [-2.157766342163086, 0.10400187969207764, 3.8185272216796875]
------------------------------------------------------------

Reward: 1.48% (normalized: 0.15)

Epoch 11/100 | LR: 0.001000 | Time: 47.50s
Train Loss: 0.4830 | Train Acc: 96.50%
Val Loss: 0.6551 | Val Acc: 91.14%

Gradient Chain Statistics:
[PacaGradientChainManager - Gradient Chain Logs]
  Chains Built: True
  Number of Chains: 3
  Current Epoch: 10
  Selected Arms: [1]
  Arm Means: [0.7873154878616333, 0.5613267421722412, 0.7435756921768188]
  Arm Stds: [2.77350115776062, 3.3333334922790527, 2.425356388092041]
  Arm Observation Counts: [3, 2, 4]
  Last Sampled Values: [2.9638118743896484, 5.279285430908203, 1.0650484561920166]
------------------------------------------------------------

Reward: -3.50% (normalized: -0.35)

Epoch 12/100 | LR: 0.000999 | Time: 47.53s
Train Loss: 0.3829 | Train Acc: 97.81%
Val Loss: 0.6831 | Val Acc: 87.64%

Gradient Chain Statistics:
[PacaGradientChainManager - Gradient Chain Logs]
  Chains Built: True
  Number of Chains: 3
  Current Epoch: 11
  Selected Arms: [2]
  Arm Means: [0.7873154878616333, 0.28094372153282166, 0.7435756921768188]
  Arm Stds: [2.77350115776062, 2.77350115776062, 2.425356388092041]
  Arm Observation Counts: [3, 3, 4]
  Last Sampled Values: [1.3947532176971436, 1.9663395881652832, 5.8722662925720215]
------------------------------------------------------------
No improvement for 1 epoch(s)

Reward: 4.26% (normalized: 0.43)

Epoch 13/100 | LR: 0.000997 | Time: 47.53s
Train Loss: 0.3381 | Train Acc: 98.22%
Val Loss: 0.5374 | Val Acc: 91.91%

Gradient Chain Statistics:
[PacaGradientChainManager - Gradient Chain Logs]
  Chains Built: True
  Number of Chains: 3
  Current Epoch: 12
  Selected Arms: [2]
  Arm Means: [0.7873154878616333, 0.28094372153282166, 0.6831731796264648]
  Arm Stds: [2.77350115776062, 2.77350115776062, 2.1821789741516113]
  Arm Observation Counts: [3, 3, 5]
  Last Sampled Values: [-0.4855365753173828, 1.6711174249649048, 2.629525661468506]
------------------------------------------------------------

Reward: 1.69% (normalized: 0.17)

Epoch 14/100 | LR: 0.000995 | Time: 47.52s
Train Loss: 0.2451 | Train Acc: 99.02%
Val Loss: 0.4752 | Val Acc: 93.60%

Gradient Chain Statistics:
[PacaGradientChainManager - Gradient Chain Logs]
  Chains Built: True
  Number of Chains: 3
  Current Epoch: 13
  Selected Arms: [0]
  Arm Means: [0.7873154878616333, 0.28094372153282166, 0.6009840965270996]
  Arm Stds: [2.77350115776062, 2.77350115776062, 2.0]
  Arm Observation Counts: [3, 3, 6]
  Last Sampled Values: [0.7601281404495239, -5.997463226318359, -0.14604896306991577]
------------------------------------------------------------

Reward: 0.33% (normalized: 0.03)

Epoch 15/100 | LR: 0.000992 | Time: 47.57s
Train Loss: 0.1940 | Train Acc: 99.23%
Val Loss: 0.4328 | Val Acc: 93.93%

Gradient Chain Statistics:
[PacaGradientChainManager - Gradient Chain Logs]
  Chains Built: True
  Number of Chains: 3
  Current Epoch: 14
  Selected Arms: [2]
  Arm Means: [0.6097835302352905, 0.28094372153282166, 0.6009840965270996]
  Arm Stds: [2.425356388092041, 2.77350115776062, 2.0]
  Arm Observation Counts: [4, 3, 6]
  Last Sampled Values: [-1.9710348844528198, -2.8023953437805176, -0.3673890233039856]
------------------------------------------------------------

Reward: -1.31% (normalized: -0.13)

Epoch 16/100 | LR: 0.000989 | Time: 47.52s
Train Loss: 0.1623 | Train Acc: 99.59%
Val Loss: 0.4206 | Val Acc: 92.62%

Gradient Chain Statistics:
[PacaGradientChainManager - Gradient Chain Logs]
  Chains Built: True
  Number of Chains: 3
  Current Epoch: 15
  Selected Arms: [0]
  Arm Means: [0.6097835302352905, 0.28094372153282166, 0.4999905228614807]
  Arm Stds: [2.425356388092041, 2.77350115776062, 1.8569533824920654]
  Arm Observation Counts: [4, 3, 7]
  Last Sampled Values: [2.763253688812256, 1.259729027748108, -1.336256980895996]
------------------------------------------------------------

Reward: 1.04% (normalized: 0.10)

Epoch 17/100 | LR: 0.000985 | Time: 47.54s
Train Loss: 0.1295 | Train Acc: 99.67%
Val Loss: 0.3784 | Val Acc: 93.66%

Gradient Chain Statistics:
[PacaGradientChainManager - Gradient Chain Logs]
  Chains Built: True
  Number of Chains: 3
  Current Epoch: 16
  Selected Arms: [0]
  Arm Means: [0.5134212970733643, 0.28094372153282166, 0.4999905228614807]
  Arm Stds: [2.1821789741516113, 2.77350115776062, 1.8569533824920654]
  Arm Observation Counts: [5, 3, 7]
  Last Sampled Values: [3.712688684463501, 1.5743293762207031, 1.0061525106430054]
------------------------------------------------------------

Reward: -0.27% (normalized: -0.03)

Epoch 18/100 | LR: 0.000981 | Time: 47.53s
Train Loss: 0.1048 | Train Acc: 99.84%
Val Loss: 0.3708 | Val Acc: 93.38%

Gradient Chain Statistics:
[PacaGradientChainManager - Gradient Chain Logs]
  Chains Built: True
  Number of Chains: 3
  Current Epoch: 17
  Selected Arms: [2]
  Arm Means: [0.42689990997314453, 0.28094372153282166, 0.4999905228614807]
  Arm Stds: [2.0, 2.77350115776062, 1.8569533824920654]
  Arm Observation Counts: [6, 3, 7]
  Last Sampled Values: [-3.2004029750823975, -0.37769147753715515, 1.0078344345092773]
------------------------------------------------------------

Reward: -0.05% (normalized: -0.01)

Epoch 19/100 | LR: 0.000976 | Time: 47.52s
Train Loss: 0.0952 | Train Acc: 99.75%
Val Loss: 0.3703 | Val Acc: 93.33%

Gradient Chain Statistics:
[PacaGradientChainManager - Gradient Chain Logs]
  Chains Built: True
  Number of Chains: 3
  Current Epoch: 18
  Selected Arms: [1]
  Arm Means: [0.42689990997314453, 0.28094372153282166, 0.4387228786945343]
  Arm Stds: [2.0, 2.77350115776062, 1.740776538848877]
  Arm Observation Counts: [6, 3, 8]
  Last Sampled Values: [3.3318588733673096, 3.4983975887298584, 1.9379467964172363]
------------------------------------------------------------

Reward: -0.71% (normalized: -0.07)

Epoch 20/100 | LR: 0.000970 | Time: 47.59s
Train Loss: 0.0780 | Train Acc: 99.92%
Val Loss: 0.3652 | Val Acc: 92.62%

Gradient Chain Statistics:
[PacaGradientChainManager - Gradient Chain Logs]
  Chains Built: True
  Number of Chains: 3
  Current Epoch: 19
  Selected Arms: [1]
  Arm Means: [0.42689990997314453, 0.1981152892112732, 0.4387228786945343]
  Arm Stds: [2.0, 2.425356388092041, 1.740776538848877]
  Arm Observation Counts: [6, 4, 8]
  Last Sampled Values: [-0.2668638229370117, 2.1455507278442383, -2.988532781600952]
------------------------------------------------------------

Reward: 0.55% (normalized: 0.05)

Epoch 21/100 | LR: 0.000964 | Time: 47.54s
Train Loss: 0.0671 | Train Acc: 99.93%
Val Loss: 0.3471 | Val Acc: 93.17%

Gradient Chain Statistics:
[PacaGradientChainManager - Gradient Chain Logs]
  Chains Built: True
  Number of Chains: 3
  Current Epoch: 20
  Selected Arms: [1]
  Arm Means: [0.42689990997314453, 0.17079326510429382, 0.4387228786945343]
  Arm Stds: [2.0, 2.1821789741516113, 1.740776538848877]
  Arm Observation Counts: [6, 5, 8]
  Last Sampled Values: [-4.338028907775879, 1.3782845735549927, -2.320390462875366]
------------------------------------------------------------

Reward: 0.77% (normalized: 0.08)

Epoch 22/100 | LR: 0.000957 | Time: 47.59s
Train Loss: 0.0662 | Train Acc: 99.88%
Val Loss: 0.3226 | Val Acc: 93.93%

Gradient Chain Statistics:
[PacaGradientChainManager - Gradient Chain Logs]
  Chains Built: True
  Number of Chains: 3
  Current Epoch: 21
  Selected Arms: [1]
  Arm Means: [0.42689990997314453, 0.15571346879005432, 0.4387228786945343]
  Arm Stds: [2.0, 2.0, 1.740776538848877]
  Arm Observation Counts: [6, 6, 8]
  Last Sampled Values: [0.5426604151725769, 3.575474739074707, 0.6977909207344055]
------------------------------------------------------------

Reward: -0.16% (normalized: -0.02)

Epoch 23/100 | LR: 0.000949 | Time: 47.52s
Train Loss: 0.0574 | Train Acc: 99.92%
Val Loss: 0.3181 | Val Acc: 93.77%

Gradient Chain Statistics:
[PacaGradientChainManager - Gradient Chain Logs]
  Chains Built: True
  Number of Chains: 3
  Current Epoch: 22
  Selected Arms: [2]
  Arm Means: [0.42689990997314453, 0.13197334110736847, 0.4387228786945343]
  Arm Stds: [2.0, 1.8569533824920654, 1.740776538848877]
  Arm Observation Counts: [6, 7, 8]
  Last Sampled Values: [-0.4990665912628174, -1.0077524185180664, 0.7372312545776367]
------------------------------------------------------------

Reward: 0.33% (normalized: 0.03)

Epoch 24/100 | LR: 0.000941 | Time: 47.55s
Train Loss: 0.0478 | Train Acc: 99.95%
Val Loss: 0.3082 | Val Acc: 94.10%

Gradient Chain Statistics:
[PacaGradientChainManager - Gradient Chain Logs]
  Chains Built: True
  Number of Chains: 3
  Current Epoch: 23
  Selected Arms: [2]
  Arm Means: [0.42689990997314453, 0.13197334110736847, 0.3948398530483246]
  Arm Stds: [2.0, 1.8569533824920654, 1.64398992061615]
  Arm Observation Counts: [6, 7, 9]
  Last Sampled Values: [0.16506090760231018, 0.5707478523254395, 0.6817606687545776]
------------------------------------------------------------

Reward: -0.44% (normalized: -0.04)

Epoch 25/100 | LR: 0.000933 | Time: 47.48s
Train Loss: 0.0418 | Train Acc: 99.99%
Val Loss: 0.3175 | Val Acc: 93.66%

Gradient Chain Statistics:
[PacaGradientChainManager - Gradient Chain Logs]
  Chains Built: True
  Number of Chains: 3
  Current Epoch: 24
  Selected Arms: [1]
  Arm Means: [0.42689990997314453, 0.13197334110736847, 0.35205158591270447]
  Arm Stds: [2.0, 1.8569533824920654, 1.5617376565933228]
  Arm Observation Counts: [6, 7, 10]
  Last Sampled Values: [-0.1570338010787964, 0.9226939678192139, 0.7322038412094116]
------------------------------------------------------------
No improvement for 1 epoch(s)

Reward: -1.53% (normalized: -0.15)

Epoch 26/100 | LR: 0.000924 | Time: 47.55s
Train Loss: 0.0399 | Train Acc: 99.97%
Val Loss: 0.3642 | Val Acc: 92.13%

Gradient Chain Statistics:
[PacaGradientChainManager - Gradient Chain Logs]
  Chains Built: True
  Number of Chains: 3
  Current Epoch: 25
  Selected Arms: [0]
  Arm Means: [0.42689990997314453, 0.09742031246423721, 0.35205158591270447]
  Arm Stds: [2.0, 1.740776538848877, 1.5617376565933228]
  Arm Observation Counts: [6, 8, 10]
  Last Sampled Values: [1.766071081161499, -0.6552040576934814, 1.3731845617294312]
------------------------------------------------------------
No improvement for 2 epoch(s)

Reward: 0.44% (normalized: 0.04)

Epoch 27/100 | LR: 0.000915 | Time: 47.54s
Train Loss: 0.0576 | Train Acc: 99.78%
Val Loss: 0.3888 | Val Acc: 92.56%

Gradient Chain Statistics:
[PacaGradientChainManager - Gradient Chain Logs]
  Chains Built: True
  Number of Chains: 3
  Current Epoch: 26
  Selected Arms: [0]
  Arm Means: [0.37405022978782654, 0.09742031246423721, 0.35205158591270447]
  Arm Stds: [1.8569533824920654, 1.740776538848877, 1.5617376565933228]
  Arm Observation Counts: [7, 8, 10]
  Last Sampled Values: [0.9911352396011353, 0.9040582180023193, 0.44415801763534546]
------------------------------------------------------------
No improvement for 3 epoch(s)

Reward: 0.49% (normalized: 0.05)

Epoch 28/100 | LR: 0.000905 | Time: 47.55s
Train Loss: 0.0375 | Train Acc: 99.99%
Val Loss: 0.3309 | Val Acc: 93.06%

Gradient Chain Statistics:
[PacaGradientChainManager - Gradient Chain Logs]
  Chains Built: True
  Number of Chains: 3
  Current Epoch: 27
  Selected Arms: [1]
  Arm Means: [0.33467531204223633, 0.09742031246423721, 0.35205158591270447]
  Arm Stds: [1.740776538848877, 1.740776538848877, 1.5617376565933228]
  Arm Observation Counts: [8, 8, 10]
  Last Sampled Values: [-1.9909462928771973, 0.5632205605506897, -0.37190207839012146]
------------------------------------------------------------
No improvement for 4 epoch(s)

Reward: 0.98% (normalized: 0.10)

Epoch 29/100 | LR: 0.000894 | Time: 47.53s
Train Loss: 0.0324 | Train Acc: 99.97%
Val Loss: 0.3158 | Val Acc: 94.04%

Gradient Chain Statistics:
[PacaGradientChainManager - Gradient Chain Logs]
  Chains Built: True
  Number of Chains: 3
  Current Epoch: 28
  Selected Arms: [0]
  Arm Means: [0.33467531204223633, 0.09752778708934784, 0.35205158591270447]
  Arm Stds: [1.740776538848877, 1.64398992061615, 1.5617376565933228]
  Arm Observation Counts: [8, 9, 10]
  Last Sampled Values: [1.931274652481079, 0.4655202627182007, -1.1556720733642578]
------------------------------------------------------------
No improvement for 5 epoch(s)

Reward: -0.16% (normalized: -0.02)

Epoch 30/100 | LR: 0.000883 | Time: 47.50s
Train Loss: 0.0380 | Train Acc: 99.93%
Val Loss: 0.3009 | Val Acc: 93.88%

Gradient Chain Statistics:
[PacaGradientChainManager - Gradient Chain Logs]
  Chains Built: True
  Number of Chains: 3
  Current Epoch: 29
  Selected Arms: [2]
  Arm Means: [0.296720951795578, 0.09752778708934784, 0.35205158591270447]
  Arm Stds: [1.64398992061615, 1.64398992061615, 1.5617376565933228]
  Arm Observation Counts: [9, 9, 10]
  Last Sampled Values: [0.8824299573898315, -0.6659742593765259, 1.6002333164215088]
------------------------------------------------------------

Reward: -0.11% (normalized: -0.01)

Epoch 31/100 | LR: 0.000872 | Time: 47.54s
Train Loss: 0.0275 | Train Acc: 99.97%
Val Loss: 0.2972 | Val Acc: 93.77%

Gradient Chain Statistics:
[PacaGradientChainManager - Gradient Chain Logs]
  Chains Built: True
  Number of Chains: 3
  Current Epoch: 30
  Selected Arms: [0]
  Arm Means: [0.296720951795578, 0.09752778708934784, 0.31978610157966614]
  Arm Stds: [1.64398992061615, 1.64398992061615, 1.49071204662323]
  Arm Observation Counts: [9, 9, 11]
  Last Sampled Values: [1.5317778587341309, 0.5168653130531311, -1.9267890453338623]
------------------------------------------------------------

Reward: -1.91% (normalized: -0.19)

Epoch 32/100 | LR: 0.000860 | Time: 47.57s
Train Loss: 0.0535 | Train Acc: 99.74%
Val Loss: 0.4442 | Val Acc: 91.85%

Gradient Chain Statistics:
[PacaGradientChainManager - Gradient Chain Logs]
  Chains Built: True
  Number of Chains: 3
  Current Epoch: 31
  Selected Arms: [0]
  Arm Means: [0.24910315871238708, 0.09752778708934784, 0.31978610157966614]
  Arm Stds: [1.5617376565933228, 1.64398992061615, 1.49071204662323]
  Arm Observation Counts: [10, 9, 11]
  Last Sampled Values: [2.1890220642089844, 1.7394696474075317, 2.0177273750305176]
------------------------------------------------------------
No improvement for 1 epoch(s)

Reward: 1.37% (normalized: 0.14)

Epoch 33/100 | LR: 0.000847 | Time: 47.52s
Train Loss: 0.0484 | Train Acc: 99.95%
Val Loss: 0.3048 | Val Acc: 93.22%

Gradient Chain Statistics:
[PacaGradientChainManager - Gradient Chain Logs]
  Chains Built: True
  Number of Chains: 3
  Current Epoch: 32
  Selected Arms: [2]
  Arm Means: [0.23911058902740479, 0.09752778708934784, 0.31978610157966614]
  Arm Stds: [1.49071204662323, 1.64398992061615, 1.49071204662323]
  Arm Observation Counts: [11, 9, 11]
  Last Sampled Values: [-1.1291704177856445, -0.7472120523452759, 1.3887585401535034]
------------------------------------------------------------
No improvement for 2 epoch(s)

Reward: -0.05% (normalized: -0.01)

Epoch 34/100 | LR: 0.000835 | Time: 47.54s
Train Loss: 0.0283 | Train Acc: 99.97%
Val Loss: 0.3133 | Val Acc: 93.17%

Gradient Chain Statistics:
[PacaGradientChainManager - Gradient Chain Logs]
  Chains Built: True
  Number of Chains: 3
  Current Epoch: 33
  Selected Arms: [1]
  Arm Means: [0.23911058902740479, 0.09752778708934784, 0.29323479533195496]
  Arm Stds: [1.49071204662323, 1.64398992061615, 1.4285714626312256]
  Arm Observation Counts: [11, 9, 12]
  Last Sampled Values: [-0.6286816596984863, 0.4873756170272827, -1.229141354560852]
------------------------------------------------------------
No improvement for 3 epoch(s)

Reward: -0.05% (normalized: -0.01)

Epoch 35/100 | LR: 0.000821 | Time: 47.50s
Train Loss: 0.0261 | Train Acc: 99.95%
Val Loss: 0.3020 | Val Acc: 93.11%

Gradient Chain Statistics:
[PacaGradientChainManager - Gradient Chain Logs]
  Chains Built: True
  Number of Chains: 3
  Current Epoch: 34
  Selected Arms: [2]
  Arm Means: [0.23911058902740479, 0.08747947216033936, 0.29323479533195496]
  Arm Stds: [1.49071204662323, 1.5617376565933228, 1.4285714626312256]
  Arm Observation Counts: [11, 10, 12]
  Last Sampled Values: [-1.4016146659851074, -0.1989038586616516, 1.0232388973236084]
------------------------------------------------------------
No improvement for 4 epoch(s)

Reward: -0.11% (normalized: -0.01)

Epoch 36/100 | LR: 0.000808 | Time: 47.57s
Train Loss: 0.0213 | Train Acc: 99.99%
Val Loss: 0.3067 | Val Acc: 93.00%

Gradient Chain Statistics:
[PacaGradientChainManager - Gradient Chain Logs]
  Chains Built: True
  Number of Chains: 3
  Current Epoch: 35
  Selected Arms: [0]
  Arm Means: [0.23911058902740479, 0.08747947216033936, 0.27027860283851624]
  Arm Stds: [1.49071204662323, 1.5617376565933228, 1.373605728149414]
  Arm Observation Counts: [11, 10, 13]
  Last Sampled Values: [1.4836046695709229, -0.1197829395532608, -1.7663053274154663]
------------------------------------------------------------
No improvement for 5 epoch(s)

Reward: 0.00% (normalized: 0.00)

Epoch 37/100 | LR: 0.000794 | Time: 47.56s
Train Loss: 0.0199 | Train Acc: 99.97%
Val Loss: 0.3097 | Val Acc: 93.00%

Gradient Chain Statistics:
[PacaGradientChainManager - Gradient Chain Logs]
  Chains Built: True
  Number of Chains: 3
  Current Epoch: 36
  Selected Arms: [0]
  Arm Means: [0.21959134936332703, 0.08747947216033936, 0.27027860283851624]
  Arm Stds: [1.4285714626312256, 1.5617376565933228, 1.373605728149414]
  Arm Observation Counts: [12, 10, 13]
  Last Sampled Values: [2.3515677452087402, 2.0986328125, -0.6828476190567017]
------------------------------------------------------------
No improvement for 6 epoch(s)

Reward: 0.87% (normalized: 0.09)

Epoch 38/100 | LR: 0.000780 | Time: 47.57s
Train Loss: 0.0180 | Train Acc: 99.99%
Val Loss: 0.3014 | Val Acc: 93.88%

Gradient Chain Statistics:
[PacaGradientChainManager - Gradient Chain Logs]
  Chains Built: True
  Number of Chains: 3
  Current Epoch: 37
  Selected Arms: [1]
  Arm Means: [0.2096206396818161, 0.08747947216033936, 0.27027860283851624]
  Arm Stds: [1.373605728149414, 1.5617376565933228, 1.373605728149414]
  Arm Observation Counts: [13, 10, 13]
  Last Sampled Values: [0.37561240792274475, 1.583961009979248, 0.2401043027639389]
------------------------------------------------------------
No improvement for 7 epoch(s)
Early stopping triggered after 38 epochs.
Total training time: 1806.35 seconds
Average time per epoch: 47.54 seconds

============================================================
Training completed!
============================================================
Using device: cuda
============================================================
Vision Transformer Fine-tuning on Caltech-101
Using Gradient Chain Selection - Rank 16
============================================================
Using random seed: 4487

Loading dataset...
Image directory already exists at /export/home/achyut/sam/data/caltech-101/101_ObjectCategories
Dataset loaded: 7315 train samples, 1829 val samples
Number of classes: 102

Creating ViT model for 102 classes...

PEFT config: PacaConfig(peft_type=<PeftType.PACA: 'PACA'>, auto_mapping=None, base_model_name_or_path=None, revision=None, task_type=<TaskType.FEATURE_EXTRACTION: 'FEATURE_EXTRACTION'>, inference_mode=False, r=16, target_modules={'mlp.3', 'out_proj', 'mlp.0'}, paca_alpha=32, fan_in_fan_out=False, bias='all', modules_to_save=['head'], layers_to_transform=None, layers_pattern=None, rank_pattern={}, alpha_pattern={}, megatron_config=None, megatron_core='megatron.core', layer_replication=None, gradient_accumulation_steps=1, steps_per_epoch=115, arm_distribution='gradient_chain', num_arms=3, num_arms_to_select=1, ucb_alpha=0.5, use_fixed_indices=False, arm_selection_method='thompson', thompson_distribution='gaussian', thompson_alpha_prior=1.0, thompson_beta_prior=1.0, thompson_gaussian_prior_mean=0.0, thompson_gaussian_prior_std=10.0, thompson_gaussian_noise_std=5.0, gradient_chain_warmup_epochs=2, gradient_chain_num_samples=5)
Total parameters: 149,656,524
Trainable parameters: 987,852 (0.66%)
Frozen parameters: 148,668,672 (99.34%)

============================================================
Fine-tuning ViT using Gradient Chain Selection:
============================================================
Calculating initial validation accuracy...
Initial Val Acc: 0.77%

Reward: 0.00% (normalized: 0.00)
Gradient chain warmup: 1/2

Epoch 1/100 | LR: 0.000100 | Time: 47.14s
Train Loss: 4.7367 | Train Acc: 0.92%
Val Loss: 4.7312 | Val Acc: 0.77%

Gradient Chain Statistics:
[PacaGradientChainManager - Gradient Chain Logs]
  Chains Built: False
  Number of Chains: 0
  Current Epoch: 0
  Arm Means: [0.0, 0.0, 0.0]
  Arm Stds: [10.0, 10.0, 10.0]
  Arm Observation Counts: [0, 0, 0]
------------------------------------------------------------

Reward: 24.93% (normalized: 2.49)

============================================================
Building Gradient Chains...
============================================================
Sampling 5 batches to estimate gradients...
  Batch 1/5 processed
  Batch 2/5 processed
  Batch 3/5 processed
  Batch 4/5 processed
  Batch 5/5 processed

Averaging gradients across batches...

Building 3 gradient chains...

Chain 0: Starting from neuron 9
  Layer 0 (encoder.layers.encoder_layer_0.mlp.0): input_col=9 -> output_neuron=2437 (grad=0.0042)
  Layer 1 (encoder.layers.encoder_layer_0.mlp.3): input_col=5 -> output_neuron=124 (grad=0.0002)
  Warning: No gradients for layer encoder.layers.encoder_layer_1.self_attention.out_proj, skipping
  Layer 3 (encoder.layers.encoder_layer_1.mlp.0): input_col=12 -> output_neuron=703 (grad=0.0007)
  Layer 4 (encoder.layers.encoder_layer_1.mlp.3): input_col=15 -> output_neuron=124 (grad=0.0008)
  Warning: No gradients for layer encoder.layers.encoder_layer_2.self_attention.out_proj, skipping
  Layer 6 (encoder.layers.encoder_layer_2.mlp.0): input_col=12 -> output_neuron=2698 (grad=0.0001)
  Layer 7 (encoder.layers.encoder_layer_2.mlp.3): input_col=10 -> output_neuron=124 (grad=0.0007)
  Warning: No gradients for layer encoder.layers.encoder_layer_3.self_attention.out_proj, skipping
  Layer 9 (encoder.layers.encoder_layer_3.mlp.0): input_col=12 -> output_neuron=381 (grad=0.0004)
  Layer 10 (encoder.layers.encoder_layer_3.mlp.3): input_col=13 -> output_neuron=697 (grad=0.0010)
  Warning: No gradients for layer encoder.layers.encoder_layer_4.self_attention.out_proj, skipping
  Layer 12 (encoder.layers.encoder_layer_4.mlp.0): input_col=9 -> output_neuron=1957 (grad=0.0008)
  Layer 13 (encoder.layers.encoder_layer_4.mlp.3): input_col=5 -> output_neuron=9 (grad=0.0013)
  Warning: No gradients for layer encoder.layers.encoder_layer_5.self_attention.out_proj, skipping
  Layer 15 (encoder.layers.encoder_layer_5.mlp.0): input_col=9 -> output_neuron=374 (grad=0.0022)
  Layer 16 (encoder.layers.encoder_layer_5.mlp.3): input_col=6 -> output_neuron=425 (grad=0.0008)
  Warning: No gradients for layer encoder.layers.encoder_layer_6.self_attention.out_proj, skipping
  Layer 18 (encoder.layers.encoder_layer_6.mlp.0): input_col=9 -> output_neuron=1639 (grad=0.0024)
  Layer 19 (encoder.layers.encoder_layer_6.mlp.3): input_col=7 -> output_neuron=124 (grad=0.0009)
  Warning: No gradients for layer encoder.layers.encoder_layer_7.self_attention.out_proj, skipping
  Layer 21 (encoder.layers.encoder_layer_7.mlp.0): input_col=12 -> output_neuron=2188 (grad=0.0004)
  Layer 22 (encoder.layers.encoder_layer_7.mlp.3): input_col=12 -> output_neuron=378 (grad=0.0008)
  Warning: No gradients for layer encoder.layers.encoder_layer_8.self_attention.out_proj, skipping
  Layer 24 (encoder.layers.encoder_layer_8.mlp.0): input_col=10 -> output_neuron=2281 (grad=0.0010)
  Layer 25 (encoder.layers.encoder_layer_8.mlp.3): input_col=9 -> output_neuron=592 (grad=0.0012)
  Warning: No gradients for layer encoder.layers.encoder_layer_9.self_attention.out_proj, skipping
  Layer 27 (encoder.layers.encoder_layer_9.mlp.0): input_col=0 -> output_neuron=2266 (grad=0.0067)
  Layer 28 (encoder.layers.encoder_layer_9.mlp.3): input_col=10 -> output_neuron=592 (grad=0.0018)
  Warning: No gradients for layer encoder.layers.encoder_layer_10.self_attention.out_proj, skipping
  Layer 30 (encoder.layers.encoder_layer_10.mlp.0): input_col=0 -> output_neuron=2985 (grad=0.0041)
  Layer 31 (encoder.layers.encoder_layer_10.mlp.3): input_col=9 -> output_neuron=331 (grad=0.0016)
  Warning: No gradients for layer encoder.layers.encoder_layer_11.self_attention.out_proj, skipping
  Layer 33 (encoder.layers.encoder_layer_11.mlp.0): input_col=11 -> output_neuron=2006 (grad=0.0021)
  Layer 34 (encoder.layers.encoder_layer_11.mlp.3): input_col=6 -> output_neuron=378 (grad=0.0043)

Chain 1: Starting from neuron 1
  Layer 0 (encoder.layers.encoder_layer_0.mlp.0): input_col=1 -> output_neuron=2437 (grad=0.0001)
  Layer 1 (encoder.layers.encoder_layer_0.mlp.3): input_col=5 -> output_neuron=124 (grad=0.0002)
  Warning: No gradients for layer encoder.layers.encoder_layer_1.self_attention.out_proj, skipping
  Layer 3 (encoder.layers.encoder_layer_1.mlp.0): input_col=12 -> output_neuron=703 (grad=0.0007)
  Layer 4 (encoder.layers.encoder_layer_1.mlp.3): input_col=15 -> output_neuron=124 (grad=0.0008)
  Warning: No gradients for layer encoder.layers.encoder_layer_2.self_attention.out_proj, skipping
  Layer 6 (encoder.layers.encoder_layer_2.mlp.0): input_col=12 -> output_neuron=2698 (grad=0.0001)
  Layer 7 (encoder.layers.encoder_layer_2.mlp.3): input_col=10 -> output_neuron=124 (grad=0.0007)
  Warning: No gradients for layer encoder.layers.encoder_layer_3.self_attention.out_proj, skipping
  Layer 9 (encoder.layers.encoder_layer_3.mlp.0): input_col=12 -> output_neuron=381 (grad=0.0004)
  Layer 10 (encoder.layers.encoder_layer_3.mlp.3): input_col=13 -> output_neuron=697 (grad=0.0010)
  Warning: No gradients for layer encoder.layers.encoder_layer_4.self_attention.out_proj, skipping
  Layer 12 (encoder.layers.encoder_layer_4.mlp.0): input_col=9 -> output_neuron=1957 (grad=0.0008)
  Layer 13 (encoder.layers.encoder_layer_4.mlp.3): input_col=5 -> output_neuron=9 (grad=0.0013)
  Warning: No gradients for layer encoder.layers.encoder_layer_5.self_attention.out_proj, skipping
  Layer 15 (encoder.layers.encoder_layer_5.mlp.0): input_col=9 -> output_neuron=374 (grad=0.0022)
  Layer 16 (encoder.layers.encoder_layer_5.mlp.3): input_col=6 -> output_neuron=425 (grad=0.0008)
  Warning: No gradients for layer encoder.layers.encoder_layer_6.self_attention.out_proj, skipping
  Layer 18 (encoder.layers.encoder_layer_6.mlp.0): input_col=9 -> output_neuron=1639 (grad=0.0024)
  Layer 19 (encoder.layers.encoder_layer_6.mlp.3): input_col=7 -> output_neuron=124 (grad=0.0009)
  Warning: No gradients for layer encoder.layers.encoder_layer_7.self_attention.out_proj, skipping
  Layer 21 (encoder.layers.encoder_layer_7.mlp.0): input_col=12 -> output_neuron=2188 (grad=0.0004)
  Layer 22 (encoder.layers.encoder_layer_7.mlp.3): input_col=12 -> output_neuron=378 (grad=0.0008)
  Warning: No gradients for layer encoder.layers.encoder_layer_8.self_attention.out_proj, skipping
  Layer 24 (encoder.layers.encoder_layer_8.mlp.0): input_col=10 -> output_neuron=2281 (grad=0.0010)
  Layer 25 (encoder.layers.encoder_layer_8.mlp.3): input_col=9 -> output_neuron=592 (grad=0.0012)
  Warning: No gradients for layer encoder.layers.encoder_layer_9.self_attention.out_proj, skipping
  Layer 27 (encoder.layers.encoder_layer_9.mlp.0): input_col=0 -> output_neuron=2266 (grad=0.0067)
  Layer 28 (encoder.layers.encoder_layer_9.mlp.3): input_col=10 -> output_neuron=592 (grad=0.0018)
  Warning: No gradients for layer encoder.layers.encoder_layer_10.self_attention.out_proj, skipping
  Layer 30 (encoder.layers.encoder_layer_10.mlp.0): input_col=0 -> output_neuron=2985 (grad=0.0041)
  Layer 31 (encoder.layers.encoder_layer_10.mlp.3): input_col=9 -> output_neuron=331 (grad=0.0016)
  Warning: No gradients for layer encoder.layers.encoder_layer_11.self_attention.out_proj, skipping
  Layer 33 (encoder.layers.encoder_layer_11.mlp.0): input_col=11 -> output_neuron=2006 (grad=0.0021)
  Layer 34 (encoder.layers.encoder_layer_11.mlp.3): input_col=6 -> output_neuron=378 (grad=0.0043)

Chain 2: Starting from neuron 6
  Layer 0 (encoder.layers.encoder_layer_0.mlp.0): input_col=6 -> output_neuron=2437 (grad=0.0006)
  Layer 1 (encoder.layers.encoder_layer_0.mlp.3): input_col=5 -> output_neuron=124 (grad=0.0002)
  Warning: No gradients for layer encoder.layers.encoder_layer_1.self_attention.out_proj, skipping
  Layer 3 (encoder.layers.encoder_layer_1.mlp.0): input_col=12 -> output_neuron=703 (grad=0.0007)
  Layer 4 (encoder.layers.encoder_layer_1.mlp.3): input_col=15 -> output_neuron=124 (grad=0.0008)
  Warning: No gradients for layer encoder.layers.encoder_layer_2.self_attention.out_proj, skipping
  Layer 6 (encoder.layers.encoder_layer_2.mlp.0): input_col=12 -> output_neuron=2698 (grad=0.0001)
  Layer 7 (encoder.layers.encoder_layer_2.mlp.3): input_col=10 -> output_neuron=124 (grad=0.0007)
  Warning: No gradients for layer encoder.layers.encoder_layer_3.self_attention.out_proj, skipping
  Layer 9 (encoder.layers.encoder_layer_3.mlp.0): input_col=12 -> output_neuron=381 (grad=0.0004)
  Layer 10 (encoder.layers.encoder_layer_3.mlp.3): input_col=13 -> output_neuron=697 (grad=0.0010)
  Warning: No gradients for layer encoder.layers.encoder_layer_4.self_attention.out_proj, skipping
  Layer 12 (encoder.layers.encoder_layer_4.mlp.0): input_col=9 -> output_neuron=1957 (grad=0.0008)
  Layer 13 (encoder.layers.encoder_layer_4.mlp.3): input_col=5 -> output_neuron=9 (grad=0.0013)
  Warning: No gradients for layer encoder.layers.encoder_layer_5.self_attention.out_proj, skipping
  Layer 15 (encoder.layers.encoder_layer_5.mlp.0): input_col=9 -> output_neuron=374 (grad=0.0022)
  Layer 16 (encoder.layers.encoder_layer_5.mlp.3): input_col=6 -> output_neuron=425 (grad=0.0008)
  Warning: No gradients for layer encoder.layers.encoder_layer_6.self_attention.out_proj, skipping
  Layer 18 (encoder.layers.encoder_layer_6.mlp.0): input_col=9 -> output_neuron=1639 (grad=0.0024)
  Layer 19 (encoder.layers.encoder_layer_6.mlp.3): input_col=7 -> output_neuron=124 (grad=0.0009)
  Warning: No gradients for layer encoder.layers.encoder_layer_7.self_attention.out_proj, skipping
  Layer 21 (encoder.layers.encoder_layer_7.mlp.0): input_col=12 -> output_neuron=2188 (grad=0.0004)
  Layer 22 (encoder.layers.encoder_layer_7.mlp.3): input_col=12 -> output_neuron=378 (grad=0.0008)
  Warning: No gradients for layer encoder.layers.encoder_layer_8.self_attention.out_proj, skipping
  Layer 24 (encoder.layers.encoder_layer_8.mlp.0): input_col=10 -> output_neuron=2281 (grad=0.0010)
  Layer 25 (encoder.layers.encoder_layer_8.mlp.3): input_col=9 -> output_neuron=592 (grad=0.0012)
  Warning: No gradients for layer encoder.layers.encoder_layer_9.self_attention.out_proj, skipping
  Layer 27 (encoder.layers.encoder_layer_9.mlp.0): input_col=0 -> output_neuron=2266 (grad=0.0067)
  Layer 28 (encoder.layers.encoder_layer_9.mlp.3): input_col=10 -> output_neuron=592 (grad=0.0018)
  Warning: No gradients for layer encoder.layers.encoder_layer_10.self_attention.out_proj, skipping
  Layer 30 (encoder.layers.encoder_layer_10.mlp.0): input_col=0 -> output_neuron=2985 (grad=0.0041)
  Layer 31 (encoder.layers.encoder_layer_10.mlp.3): input_col=9 -> output_neuron=331 (grad=0.0016)
  Warning: No gradients for layer encoder.layers.encoder_layer_11.self_attention.out_proj, skipping
  Layer 33 (encoder.layers.encoder_layer_11.mlp.0): input_col=11 -> output_neuron=2006 (grad=0.0021)
  Layer 34 (encoder.layers.encoder_layer_11.mlp.3): input_col=6 -> output_neuron=378 (grad=0.0043)

============================================================
✓ Successfully built 3 gradient chains
============================================================

Epoch 2/100 | LR: 0.000200 | Time: 49.47s
Train Loss: 4.0345 | Train Acc: 17.38%
Val Loss: 3.5207 | Val Acc: 25.70%

Gradient Chain Statistics:
[PacaGradientChainManager - Gradient Chain Logs]
  Chains Built: True
  Number of Chains: 3
  Current Epoch: 1
  Selected Arms: [1]
  Arm Means: [0.0, 0.0, 0.0]
  Arm Stds: [10.0, 10.0, 10.0]
  Arm Observation Counts: [0, 0, 0]
  Last Sampled Values: [-6.670204162597656, 2.497685194015503, -3.698399066925049]
------------------------------------------------------------

Reward: 25.21% (normalized: 2.52)

Epoch 3/100 | LR: 0.000300 | Time: 47.33s
Train Loss: 2.9773 | Train Acc: 38.24%
Val Loss: 2.4636 | Val Acc: 50.90%

Gradient Chain Statistics:
[PacaGradientChainManager - Gradient Chain Logs]
  Chains Built: True
  Number of Chains: 3
  Current Epoch: 2
  Selected Arms: [1]
  Arm Means: [0.0, 2.01640248298645, 0.0]
  Arm Stds: [10.0, 4.4721360206604, 10.0]
  Arm Observation Counts: [0, 1, 0]
  Last Sampled Values: [6.716003894805908, 7.1092729568481445, -4.931121349334717]
------------------------------------------------------------

Reward: 20.72% (normalized: 2.07)

Epoch 4/100 | LR: 0.000400 | Time: 47.37s
Train Loss: 2.0071 | Train Acc: 65.02%
Val Loss: 1.7833 | Val Acc: 71.62%

Gradient Chain Statistics:
[PacaGradientChainManager - Gradient Chain Logs]
  Chains Built: True
  Number of Chains: 3
  Current Epoch: 3
  Selected Arms: [1]
  Arm Means: [0.0, 2.0411882400512695, 0.0]
  Arm Stds: [10.0, 3.3333334922790527, 10.0]
  Arm Observation Counts: [0, 2, 0]
  Last Sampled Values: [-10.115504264831543, 0.4726245403289795, -9.929352760314941]
------------------------------------------------------------

Reward: 9.29% (normalized: 0.93)

Epoch 5/100 | LR: 0.000500 | Time: 47.35s
Train Loss: 1.3621 | Train Acc: 81.65%
Val Loss: 1.2264 | Val Acc: 80.92%

Gradient Chain Statistics:
[PacaGradientChainManager - Gradient Chain Logs]
  Chains Built: True
  Number of Chains: 3
  Current Epoch: 4
  Selected Arms: [0]
  Arm Means: [0.0, 1.6991209983825684, 0.0]
  Arm Stds: [10.0, 2.77350115776062, 10.0]
  Arm Observation Counts: [0, 3, 0]
  Last Sampled Values: [13.677178382873535, 1.5786179304122925, 3.4131827354431152]
------------------------------------------------------------

Reward: 6.83% (normalized: 0.68)

Epoch 6/100 | LR: 0.000600 | Time: 47.33s
Train Loss: 0.9276 | Train Acc: 89.77%
Val Loss: 0.9151 | Val Acc: 87.75%

Gradient Chain Statistics:
[PacaGradientChainManager - Gradient Chain Logs]
  Chains Built: True
  Number of Chains: 3
  Current Epoch: 5
  Selected Arms: [2]
  Arm Means: [0.5467468500137329, 1.6991209983825684, 0.0]
  Arm Stds: [4.4721360206604, 2.77350115776062, 10.0]
  Arm Observation Counts: [1, 3, 0]
  Last Sampled Values: [2.5448904037475586, 2.1647818088531494, 15.277066230773926]
------------------------------------------------------------

Reward: 2.08% (normalized: 0.21)

Epoch 7/100 | LR: 0.000700 | Time: 47.33s
Train Loss: 0.6693 | Train Acc: 94.01%
Val Loss: 0.7683 | Val Acc: 89.83%

Gradient Chain Statistics:
[PacaGradientChainManager - Gradient Chain Logs]
  Chains Built: True
  Number of Chains: 3
  Current Epoch: 6
  Selected Arms: [2]
  Arm Means: [0.5467468500137329, 1.6991209983825684, 0.16621103882789612]
  Arm Stds: [4.4721360206604, 2.77350115776062, 4.4721360206604]
  Arm Observation Counts: [1, 3, 1]
  Last Sampled Values: [11.095399856567383, -1.9914305210113525, 11.167682647705078]
------------------------------------------------------------

Reward: 1.91% (normalized: 0.19)

Epoch 8/100 | LR: 0.000800 | Time: 47.38s
Train Loss: 0.4715 | Train Acc: 96.92%
Val Loss: 0.6149 | Val Acc: 91.74%

Gradient Chain Statistics:
[PacaGradientChainManager - Gradient Chain Logs]
  Chains Built: True
  Number of Chains: 3
  Current Epoch: 7
  Selected Arms: [0]
  Arm Means: [0.5467468500137329, 1.6991209983825684, 0.1773889809846878]
  Arm Stds: [4.4721360206604, 2.77350115776062, 3.3333334922790527]
  Arm Observation Counts: [1, 3, 2]
  Last Sampled Values: [0.95915687084198, 0.5623257160186768, 0.4764310121536255]
------------------------------------------------------------

Reward: 1.15% (normalized: 0.11)

Epoch 9/100 | LR: 0.000900 | Time: 47.34s
Train Loss: 0.3321 | Train Acc: 98.14%
Val Loss: 0.5073 | Val Acc: 92.89%

Gradient Chain Statistics:
[PacaGradientChainManager - Gradient Chain Logs]
  Chains Built: True
  Number of Chains: 3
  Current Epoch: 8
  Selected Arms: [1]
  Arm Means: [0.3547779619693756, 1.6991209983825684, 0.1773889809846878]
  Arm Stds: [3.3333334922790527, 2.77350115776062, 3.3333334922790527]
  Arm Observation Counts: [2, 3, 2]
  Last Sampled Values: [-3.605907917022705, 4.259730815887451, 2.534505844116211]
------------------------------------------------------------

Reward: -0.22% (normalized: -0.02)

Epoch 10/100 | LR: 0.001000 | Time: 47.32s
Train Loss: 0.2347 | Train Acc: 98.88%
Val Loss: 0.4689 | Val Acc: 92.67%

Gradient Chain Statistics:
[PacaGradientChainManager - Gradient Chain Logs]
  Chains Built: True
  Number of Chains: 3
  Current Epoch: 9
  Selected Arms: [1]
  Arm Means: [0.3547779619693756, 1.2941819429397583, 0.1773889809846878]
  Arm Stds: [3.3333334922790527, 2.425356388092041, 3.3333334922790527]
  Arm Observation Counts: [2, 4, 2]
  Last Sampled Values: [-0.35273030400276184, 2.9424471855163574, -4.049849033355713]
------------------------------------------------------------

Reward: 0.05% (normalized: 0.01)

Epoch 11/100 | LR: 0.001000 | Time: 47.57s
Train Loss: 0.1690 | Train Acc: 99.41%
Val Loss: 0.3971 | Val Acc: 92.73%

Gradient Chain Statistics:
[PacaGradientChainManager - Gradient Chain Logs]
  Chains Built: True
  Number of Chains: 3
  Current Epoch: 10
  Selected Arms: [0]
  Arm Means: [0.3547779619693756, 1.0487124919891357, 0.1773889809846878]
  Arm Stds: [3.3333334922790527, 2.1821789741516113, 3.3333334922790527]
  Arm Observation Counts: [2, 5, 2]
  Last Sampled Values: [2.8373966217041016, 2.4823989868164062, 1.2820533514022827]
------------------------------------------------------------

Reward: 0.71% (normalized: 0.07)

Epoch 12/100 | LR: 0.000999 | Time: 47.55s
Train Loss: 0.1158 | Train Acc: 99.56%
Val Loss: 0.3624 | Val Acc: 93.44%

Gradient Chain Statistics:
[PacaGradientChainManager - Gradient Chain Logs]
  Chains Built: True
  Number of Chains: 3
  Current Epoch: 11
  Selected Arms: [1]
  Arm Means: [0.2674853801727295, 1.0487124919891357, 0.1773889809846878]
  Arm Stds: [2.77350115776062, 2.1821789741516113, 3.3333334922790527]
  Arm Observation Counts: [3, 5, 2]
  Last Sampled Values: [-1.8474838733673096, 1.8396536111831665, -0.8855543732643127]
------------------------------------------------------------

Reward: 0.93% (normalized: 0.09)

Epoch 13/100 | LR: 0.000997 | Time: 47.57s
Train Loss: 0.0877 | Train Acc: 99.78%
Val Loss: 0.3305 | Val Acc: 94.37%

Gradient Chain Statistics:
[PacaGradientChainManager - Gradient Chain Logs]
  Chains Built: True
  Number of Chains: 3
  Current Epoch: 12
  Selected Arms: [2]
  Arm Means: [0.2674853801727295, 0.8957899808883667, 0.1773889809846878]
  Arm Stds: [2.77350115776062, 2.0, 3.3333334922790527]
  Arm Observation Counts: [3, 6, 2]
  Last Sampled Values: [-3.6328141689300537, -1.5698796510696411, 2.144183397293091]
------------------------------------------------------------

Reward: -0.27% (normalized: -0.03)

Epoch 14/100 | LR: 0.000995 | Time: 47.55s
Train Loss: 0.0889 | Train Acc: 99.64%
Val Loss: 0.3192 | Val Acc: 94.10%

Gradient Chain Statistics:
[PacaGradientChainManager - Gradient Chain Logs]
  Chains Built: True
  Number of Chains: 3
  Current Epoch: 13
  Selected Arms: [2]
  Arm Means: [0.2674853801727295, 0.8957899808883667, 0.11439625918865204]
  Arm Stds: [2.77350115776062, 2.0, 2.77350115776062]
  Arm Observation Counts: [3, 6, 3]
  Last Sampled Values: [-6.805571556091309, 3.0087547302246094, 4.431114673614502]
------------------------------------------------------------

Reward: -0.33% (normalized: -0.03)

Epoch 15/100 | LR: 0.000992 | Time: 47.59s
Train Loss: 0.0569 | Train Acc: 99.81%
Val Loss: 0.3149 | Val Acc: 93.77%

Gradient Chain Statistics:
[PacaGradientChainManager - Gradient Chain Logs]
  Chains Built: True
  Number of Chains: 3
  Current Epoch: 14
  Selected Arms: [0]
  Arm Means: [0.2674853801727295, 0.8957899808883667, 0.07976070791482925]
  Arm Stds: [2.77350115776062, 2.0, 2.425356388092041]
  Arm Observation Counts: [3, 6, 4]
  Last Sampled Values: [-0.18694999814033508, -2.9409737586975098, -0.2450234293937683]
------------------------------------------------------------

Reward: 0.00% (normalized: 0.00)

Epoch 16/100 | LR: 0.000989 | Time: 47.52s
Train Loss: 0.0443 | Train Acc: 99.93%
Val Loss: 0.3115 | Val Acc: 93.77%

Gradient Chain Statistics:
[PacaGradientChainManager - Gradient Chain Logs]
  Chains Built: True
  Number of Chains: 3
  Current Epoch: 15
  Selected Arms: [1]
  Arm Means: [0.20454764366149902, 0.8957899808883667, 0.07976070791482925]
  Arm Stds: [2.425356388092041, 2.0, 2.425356388092041]
  Arm Observation Counts: [4, 6, 4]
  Last Sampled Values: [-1.4201029539108276, 1.959700345993042, -2.2165682315826416]
------------------------------------------------------------

Reward: 0.38% (normalized: 0.04)

Epoch 17/100 | LR: 0.000985 | Time: 47.50s
Train Loss: 0.0445 | Train Acc: 99.82%
Val Loss: 0.2920 | Val Acc: 94.15%

Gradient Chain Statistics:
[PacaGradientChainManager - Gradient Chain Logs]
  Chains Built: True
  Number of Chains: 3
  Current Epoch: 16
  Selected Arms: [1]
  Arm Means: [0.20454764366149902, 0.7775116562843323, 0.07976070791482925]
  Arm Stds: [2.425356388092041, 1.8569533824920654, 2.425356388092041]
  Arm Observation Counts: [4, 7, 4]
  Last Sampled Values: [-0.5637628436088562, 2.8438992500305176, -0.04111842066049576]
------------------------------------------------------------

Reward: -0.11% (normalized: -0.01)

Epoch 18/100 | LR: 0.000981 | Time: 47.50s
Train Loss: 0.0319 | Train Acc: 99.96%
Val Loss: 0.2900 | Val Acc: 94.04%

Gradient Chain Statistics:
[PacaGradientChainManager - Gradient Chain Logs]
  Chains Built: True
  Number of Chains: 3
  Current Epoch: 17
  Selected Arms: [2]
  Arm Means: [0.20454764366149902, 0.681942343711853, 0.07976070791482925]
  Arm Stds: [2.425356388092041, 1.740776538848877, 2.425356388092041]
  Arm Observation Counts: [4, 8, 4]
  Last Sampled Values: [-3.7481582164764404, -0.058041930198669434, 1.0201607942581177]
------------------------------------------------------------

Reward: -0.16% (normalized: -0.02)

Epoch 19/100 | LR: 0.000976 | Time: 47.55s
Train Loss: 0.0306 | Train Acc: 99.89%
Val Loss: 0.2913 | Val Acc: 93.88%

Gradient Chain Statistics:
[PacaGradientChainManager - Gradient Chain Logs]
  Chains Built: True
  Number of Chains: 3
  Current Epoch: 18
  Selected Arms: [2]
  Arm Means: [0.20454764366149902, 0.681942343711853, 0.06144392117857933]
  Arm Stds: [2.425356388092041, 1.740776538848877, 2.1821789741516113]
  Arm Observation Counts: [4, 8, 5]
  Last Sampled Values: [-1.125153660774231, 0.16248035430908203, 0.8674787282943726]
------------------------------------------------------------
No improvement for 1 epoch(s)

Reward: 0.55% (normalized: 0.05)

Epoch 20/100 | LR: 0.000970 | Time: 47.61s
Train Loss: 0.0345 | Train Acc: 99.85%
Val Loss: 0.2757 | Val Acc: 94.42%

Gradient Chain Statistics:
[PacaGradientChainManager - Gradient Chain Logs]
  Chains Built: True
  Number of Chains: 3
  Current Epoch: 19
  Selected Arms: [1]
  Arm Means: [0.20454764366149902, 0.681942343711853, 0.06036084517836571]
  Arm Stds: [2.425356388092041, 1.740776538848877, 2.0]
  Arm Observation Counts: [4, 8, 6]
  Last Sampled Values: [-0.5170973539352417, 1.7834241390228271, -2.076847791671753]
------------------------------------------------------------

Reward: 0.27% (normalized: 0.03)

Epoch 21/100 | LR: 0.000964 | Time: 47.55s
Train Loss: 0.0233 | Train Acc: 99.95%
Val Loss: 0.2674 | Val Acc: 94.70%

Gradient Chain Statistics:
[PacaGradientChainManager - Gradient Chain Logs]
  Chains Built: True
  Number of Chains: 3
  Current Epoch: 20
  Selected Arms: [2]
  Arm Means: [0.20454764366149902, 0.6111742258071899, 0.06036084517836571]
  Arm Stds: [2.425356388092041, 1.64398992061615, 2.0]
  Arm Observation Counts: [4, 9, 6]
  Last Sampled Values: [-0.728344738483429, -0.7206374406814575, 1.9304269552230835]
------------------------------------------------------------

Reward: -0.93% (normalized: -0.09)

Epoch 22/100 | LR: 0.000957 | Time: 48.12s
Train Loss: 0.0204 | Train Acc: 99.96%
Val Loss: 0.2776 | Val Acc: 93.77%

Gradient Chain Statistics:
[PacaGradientChainManager - Gradient Chain Logs]
  Chains Built: True
  Number of Chains: 3
  Current Epoch: 21
  Selected Arms: [0]
  Arm Means: [0.20454764366149902, 0.6111742258071899, 0.03921493887901306]
  Arm Stds: [2.425356388092041, 1.64398992061615, 1.8569533824920654]
  Arm Observation Counts: [4, 9, 7]
  Last Sampled Values: [1.4904369115829468, -0.17446672916412354, 0.009080985561013222]
------------------------------------------------------------
No improvement for 1 epoch(s)

Reward: 0.71% (normalized: 0.07)

Epoch 23/100 | LR: 0.000949 | Time: 47.55s
Train Loss: 0.0195 | Train Acc: 99.92%
Val Loss: 0.2699 | Val Acc: 94.48%

Gradient Chain Statistics:
[PacaGradientChainManager - Gradient Chain Logs]
  Chains Built: True
  Number of Chains: 3
  Current Epoch: 22
  Selected Arms: [1]
  Arm Means: [0.17912468314170837, 0.6111742258071899, 0.03921493887901306]
  Arm Stds: [2.1821789741516113, 1.64398992061615, 1.8569533824920654]
  Arm Observation Counts: [5, 9, 7]
  Last Sampled Values: [-1.3399533033370972, 1.1368188858032227, 0.41556093096733093]
------------------------------------------------------------
No improvement for 2 epoch(s)

Reward: -0.33% (normalized: -0.03)

Epoch 24/100 | LR: 0.000941 | Time: 47.61s
Train Loss: 0.0175 | Train Acc: 99.93%
Val Loss: 0.2733 | Val Acc: 94.15%

Gradient Chain Statistics:
[PacaGradientChainManager - Gradient Chain Logs]
  Chains Built: True
  Number of Chains: 3
  Current Epoch: 23
  Selected Arms: [0]
  Arm Means: [0.17912468314170837, 0.548346996307373, 0.03921493887901306]
  Arm Stds: [2.1821789741516113, 1.5617376565933228, 1.8569533824920654]
  Arm Observation Counts: [5, 10, 7]
  Last Sampled Values: [3.102166175842285, -1.7042365074157715, -2.706780195236206]
------------------------------------------------------------
No improvement for 3 epoch(s)

Reward: -0.33% (normalized: -0.03)

Epoch 25/100 | LR: 0.000933 | Time: 47.53s
Train Loss: 0.0167 | Train Acc: 99.97%
Val Loss: 0.2823 | Val Acc: 93.82%

Gradient Chain Statistics:
[PacaGradientChainManager - Gradient Chain Logs]
  Chains Built: True
  Number of Chains: 3
  Current Epoch: 24
  Selected Arms: [0]
  Arm Means: [0.1452159583568573, 0.548346996307373, 0.03921493887901306]
  Arm Stds: [2.0, 1.5617376565933228, 1.8569533824920654]
  Arm Observation Counts: [6, 10, 7]
  Last Sampled Values: [2.7932698726654053, 2.4616923332214355, 0.26073765754699707]
------------------------------------------------------------
No improvement for 4 epoch(s)

Reward: 0.16% (normalized: 0.02)

Epoch 26/100 | LR: 0.000924 | Time: 47.51s
Train Loss: 0.0160 | Train Acc: 99.96%
Val Loss: 0.2729 | Val Acc: 93.99%

Gradient Chain Statistics:
[PacaGradientChainManager - Gradient Chain Logs]
  Chains Built: True
  Number of Chains: 3
  Current Epoch: 25
  Selected Arms: [0]
  Arm Means: [0.12744857370853424, 0.548346996307373, 0.03921493887901306]
  Arm Stds: [1.8569533824920654, 1.5617376565933228, 1.8569533824920654]
  Arm Observation Counts: [7, 10, 7]
  Last Sampled Values: [0.18040680885314941, -0.01598149538040161, -0.04436824470758438]
------------------------------------------------------------
No improvement for 5 epoch(s)

Reward: -0.11% (normalized: -0.01)

Epoch 27/100 | LR: 0.000915 | Time: 47.53s
Train Loss: 0.0164 | Train Acc: 99.90%
Val Loss: 0.2848 | Val Acc: 93.88%

Gradient Chain Statistics:
[PacaGradientChainManager - Gradient Chain Logs]
  Chains Built: True
  Number of Chains: 3
  Current Epoch: 26
  Selected Arms: [2]
  Arm Means: [0.11067481338977814, 0.548346996307373, 0.03921493887901306]
  Arm Stds: [1.740776538848877, 1.5617376565933228, 1.8569533824920654]
  Arm Observation Counts: [8, 10, 7]
  Last Sampled Values: [-2.330327033996582, -2.058441638946533, 3.340104818344116]
------------------------------------------------------------
No improvement for 6 epoch(s)

Reward: 0.22% (normalized: 0.02)

Epoch 28/100 | LR: 0.000905 | Time: 47.47s
Train Loss: 0.0160 | Train Acc: 99.96%
Val Loss: 0.2704 | Val Acc: 94.10%

Gradient Chain Statistics:
[PacaGradientChainManager - Gradient Chain Logs]
  Chains Built: True
  Number of Chains: 3
  Current Epoch: 27
  Selected Arms: [1]
  Arm Means: [0.11067481338977814, 0.548346996307373, 0.037112507969141006]
  Arm Stds: [1.740776538848877, 1.5617376565933228, 1.740776538848877]
  Arm Observation Counts: [8, 10, 8]
  Last Sampled Values: [0.47092103958129883, 1.369769811630249, -1.5489968061447144]
------------------------------------------------------------
No improvement for 7 epoch(s)
Early stopping triggered after 28 epochs.
Total training time: 1331.72 seconds
Average time per epoch: 47.56 seconds

============================================================
Training completed!
============================================================
Using device: cuda
============================================================
Vision Transformer Fine-tuning on Caltech-101
Using Gradient Chain Selection - Rank 32
============================================================
Using random seed: 4325

Loading dataset...
Image directory already exists at /export/home/achyut/sam/data/caltech-101/101_ObjectCategories
Dataset loaded: 7315 train samples, 1829 val samples
Number of classes: 102

Creating ViT model for 102 classes...

PEFT config: PacaConfig(peft_type=<PeftType.PACA: 'PACA'>, auto_mapping=None, base_model_name_or_path=None, revision=None, task_type=<TaskType.FEATURE_EXTRACTION: 'FEATURE_EXTRACTION'>, inference_mode=False, r=32, target_modules={'out_proj', 'mlp.0', 'mlp.3'}, paca_alpha=64, fan_in_fan_out=False, bias='all', modules_to_save=['head'], layers_to_transform=None, layers_pattern=None, rank_pattern={}, alpha_pattern={}, megatron_config=None, megatron_core='megatron.core', layer_replication=None, gradient_accumulation_steps=1, steps_per_epoch=115, arm_distribution='gradient_chain', num_arms=3, num_arms_to_select=1, ucb_alpha=0.5, use_fixed_indices=False, arm_selection_method='thompson', thompson_distribution='gaussian', thompson_alpha_prior=1.0, thompson_beta_prior=1.0, thompson_gaussian_prior_mean=0.0, thompson_gaussian_prior_std=10.0, thompson_gaussian_noise_std=5.0, gradient_chain_warmup_epochs=2, gradient_chain_num_samples=5)
Total parameters: 149,656,524
Trainable parameters: 1,872,588 (1.25%)
Frozen parameters: 147,783,936 (98.75%)

============================================================
Fine-tuning ViT using Gradient Chain Selection:
============================================================
Calculating initial validation accuracy...
Initial Val Acc: 1.53%

Reward: 0.00% (normalized: 0.00)
Gradient chain warmup: 1/2

Epoch 1/100 | LR: 0.000100 | Time: 47.28s
Train Loss: 4.6940 | Train Acc: 1.33%
Val Loss: 4.7050 | Val Acc: 1.53%

Gradient Chain Statistics:
[PacaGradientChainManager - Gradient Chain Logs]
  Chains Built: False
  Number of Chains: 0
  Current Epoch: 0
  Arm Means: [0.0, 0.0, 0.0]
  Arm Stds: [10.0, 10.0, 10.0]
  Arm Observation Counts: [0, 0, 0]
------------------------------------------------------------

Reward: 27.99% (normalized: 2.80)

============================================================
Building Gradient Chains...
============================================================
Sampling 5 batches to estimate gradients...
  Batch 1/5 processed
  Batch 2/5 processed
  Batch 3/5 processed
  Batch 4/5 processed
  Batch 5/5 processed

Averaging gradients across batches...

Building 3 gradient chains...

Chain 0: Starting from neuron 21
  Layer 0 (encoder.layers.encoder_layer_0.mlp.0): input_col=21 -> output_neuron=2524 (grad=0.0003)
  Layer 1 (encoder.layers.encoder_layer_0.mlp.3): input_col=28 -> output_neuron=172 (grad=0.0005)
  Warning: No gradients for layer encoder.layers.encoder_layer_1.self_attention.out_proj, skipping
  Layer 3 (encoder.layers.encoder_layer_1.mlp.0): input_col=12 -> output_neuron=1408 (grad=0.0000)
  Layer 4 (encoder.layers.encoder_layer_1.mlp.3): input_col=0 -> output_neuron=259 (grad=0.0008)
  Warning: No gradients for layer encoder.layers.encoder_layer_2.self_attention.out_proj, skipping
  Layer 6 (encoder.layers.encoder_layer_2.mlp.0): input_col=3 -> output_neuron=1567 (grad=0.0005)
  Layer 7 (encoder.layers.encoder_layer_2.mlp.3): input_col=31 -> output_neuron=179 (grad=0.0008)
  Warning: No gradients for layer encoder.layers.encoder_layer_3.self_attention.out_proj, skipping
  Layer 9 (encoder.layers.encoder_layer_3.mlp.0): input_col=19 -> output_neuron=373 (grad=0.0034)
  Layer 10 (encoder.layers.encoder_layer_3.mlp.3): input_col=21 -> output_neuron=641 (grad=0.0004)
  Warning: No gradients for layer encoder.layers.encoder_layer_4.self_attention.out_proj, skipping
  Layer 12 (encoder.layers.encoder_layer_4.mlp.0): input_col=1 -> output_neuron=2099 (grad=0.0010)
  Layer 13 (encoder.layers.encoder_layer_4.mlp.3): input_col=19 -> output_neuron=71 (grad=0.0002)
  Warning: No gradients for layer encoder.layers.encoder_layer_5.self_attention.out_proj, skipping
  Layer 15 (encoder.layers.encoder_layer_5.mlp.0): input_col=7 -> output_neuron=1009 (grad=0.0015)
  Layer 16 (encoder.layers.encoder_layer_5.mlp.3): input_col=17 -> output_neuron=8 (grad=0.0002)
  Warning: No gradients for layer encoder.layers.encoder_layer_6.self_attention.out_proj, skipping
  Layer 18 (encoder.layers.encoder_layer_6.mlp.0): input_col=8 -> output_neuron=654 (grad=0.0001)
  Layer 19 (encoder.layers.encoder_layer_6.mlp.3): input_col=14 -> output_neuron=172 (grad=0.0013)
  Warning: No gradients for layer encoder.layers.encoder_layer_7.self_attention.out_proj, skipping
  Layer 21 (encoder.layers.encoder_layer_7.mlp.0): input_col=12 -> output_neuron=921 (grad=0.0007)
  Layer 22 (encoder.layers.encoder_layer_7.mlp.3): input_col=25 -> output_neuron=8 (grad=0.0008)
  Warning: No gradients for layer encoder.layers.encoder_layer_8.self_attention.out_proj, skipping
  Layer 24 (encoder.layers.encoder_layer_8.mlp.0): input_col=8 -> output_neuron=1132 (grad=0.0006)
  Layer 25 (encoder.layers.encoder_layer_8.mlp.3): input_col=12 -> output_neuron=472 (grad=0.0009)
  Warning: No gradients for layer encoder.layers.encoder_layer_9.self_attention.out_proj, skipping
  Layer 27 (encoder.layers.encoder_layer_9.mlp.0): input_col=24 -> output_neuron=2842 (grad=0.0017)
  Layer 28 (encoder.layers.encoder_layer_9.mlp.3): input_col=26 -> output_neuron=330 (grad=0.0021)
  Warning: No gradients for layer encoder.layers.encoder_layer_10.self_attention.out_proj, skipping
  Layer 30 (encoder.layers.encoder_layer_10.mlp.0): input_col=10 -> output_neuron=2985 (grad=0.0025)
  Layer 31 (encoder.layers.encoder_layer_10.mlp.3): input_col=9 -> output_neuron=172 (grad=0.0029)
  Warning: No gradients for layer encoder.layers.encoder_layer_11.self_attention.out_proj, skipping
  Layer 33 (encoder.layers.encoder_layer_11.mlp.0): input_col=12 -> output_neuron=68 (grad=0.0027)
  Layer 34 (encoder.layers.encoder_layer_11.mlp.3): input_col=4 -> output_neuron=8 (grad=0.0020)

Chain 1: Starting from neuron 3
  Layer 0 (encoder.layers.encoder_layer_0.mlp.0): input_col=3 -> output_neuron=2524 (grad=0.0000)
  Layer 1 (encoder.layers.encoder_layer_0.mlp.3): input_col=28 -> output_neuron=172 (grad=0.0005)
  Warning: No gradients for layer encoder.layers.encoder_layer_1.self_attention.out_proj, skipping
  Layer 3 (encoder.layers.encoder_layer_1.mlp.0): input_col=12 -> output_neuron=1408 (grad=0.0000)
  Layer 4 (encoder.layers.encoder_layer_1.mlp.3): input_col=0 -> output_neuron=259 (grad=0.0008)
  Warning: No gradients for layer encoder.layers.encoder_layer_2.self_attention.out_proj, skipping
  Layer 6 (encoder.layers.encoder_layer_2.mlp.0): input_col=3 -> output_neuron=1567 (grad=0.0005)
  Layer 7 (encoder.layers.encoder_layer_2.mlp.3): input_col=31 -> output_neuron=179 (grad=0.0008)
  Warning: No gradients for layer encoder.layers.encoder_layer_3.self_attention.out_proj, skipping
  Layer 9 (encoder.layers.encoder_layer_3.mlp.0): input_col=19 -> output_neuron=373 (grad=0.0034)
  Layer 10 (encoder.layers.encoder_layer_3.mlp.3): input_col=21 -> output_neuron=641 (grad=0.0004)
  Warning: No gradients for layer encoder.layers.encoder_layer_4.self_attention.out_proj, skipping
  Layer 12 (encoder.layers.encoder_layer_4.mlp.0): input_col=1 -> output_neuron=2099 (grad=0.0010)
  Layer 13 (encoder.layers.encoder_layer_4.mlp.3): input_col=19 -> output_neuron=71 (grad=0.0002)
  Warning: No gradients for layer encoder.layers.encoder_layer_5.self_attention.out_proj, skipping
  Layer 15 (encoder.layers.encoder_layer_5.mlp.0): input_col=7 -> output_neuron=1009 (grad=0.0015)
  Layer 16 (encoder.layers.encoder_layer_5.mlp.3): input_col=17 -> output_neuron=8 (grad=0.0002)
  Warning: No gradients for layer encoder.layers.encoder_layer_6.self_attention.out_proj, skipping
  Layer 18 (encoder.layers.encoder_layer_6.mlp.0): input_col=8 -> output_neuron=654 (grad=0.0001)
  Layer 19 (encoder.layers.encoder_layer_6.mlp.3): input_col=14 -> output_neuron=172 (grad=0.0013)
  Warning: No gradients for layer encoder.layers.encoder_layer_7.self_attention.out_proj, skipping
  Layer 21 (encoder.layers.encoder_layer_7.mlp.0): input_col=12 -> output_neuron=921 (grad=0.0007)
  Layer 22 (encoder.layers.encoder_layer_7.mlp.3): input_col=25 -> output_neuron=8 (grad=0.0008)
  Warning: No gradients for layer encoder.layers.encoder_layer_8.self_attention.out_proj, skipping
  Layer 24 (encoder.layers.encoder_layer_8.mlp.0): input_col=8 -> output_neuron=1132 (grad=0.0006)
  Layer 25 (encoder.layers.encoder_layer_8.mlp.3): input_col=12 -> output_neuron=472 (grad=0.0009)
  Warning: No gradients for layer encoder.layers.encoder_layer_9.self_attention.out_proj, skipping
  Layer 27 (encoder.layers.encoder_layer_9.mlp.0): input_col=24 -> output_neuron=2842 (grad=0.0017)
  Layer 28 (encoder.layers.encoder_layer_9.mlp.3): input_col=26 -> output_neuron=330 (grad=0.0021)
  Warning: No gradients for layer encoder.layers.encoder_layer_10.self_attention.out_proj, skipping
  Layer 30 (encoder.layers.encoder_layer_10.mlp.0): input_col=10 -> output_neuron=2985 (grad=0.0025)
  Layer 31 (encoder.layers.encoder_layer_10.mlp.3): input_col=9 -> output_neuron=172 (grad=0.0029)
  Warning: No gradients for layer encoder.layers.encoder_layer_11.self_attention.out_proj, skipping
  Layer 33 (encoder.layers.encoder_layer_11.mlp.0): input_col=12 -> output_neuron=68 (grad=0.0027)
  Layer 34 (encoder.layers.encoder_layer_11.mlp.3): input_col=4 -> output_neuron=8 (grad=0.0020)

Chain 2: Starting from neuron 17
  Layer 0 (encoder.layers.encoder_layer_0.mlp.0): input_col=17 -> output_neuron=2437 (grad=0.0006)
  Layer 1 (encoder.layers.encoder_layer_0.mlp.3): input_col=5 -> output_neuron=72 (grad=0.0010)
  Warning: No gradients for layer encoder.layers.encoder_layer_1.self_attention.out_proj, skipping
  Layer 3 (encoder.layers.encoder_layer_1.mlp.0): input_col=8 -> output_neuron=2177 (grad=0.0003)
  Layer 4 (encoder.layers.encoder_layer_1.mlp.3): input_col=1 -> output_neuron=72 (grad=0.0001)
  Warning: No gradients for layer encoder.layers.encoder_layer_2.self_attention.out_proj, skipping
  Layer 6 (encoder.layers.encoder_layer_2.mlp.0): input_col=8 -> output_neuron=1124 (grad=0.0000)
  Layer 7 (encoder.layers.encoder_layer_2.mlp.3): input_col=4 -> output_neuron=172 (grad=0.0010)
  Warning: No gradients for layer encoder.layers.encoder_layer_3.self_attention.out_proj, skipping
  Layer 9 (encoder.layers.encoder_layer_3.mlp.0): input_col=12 -> output_neuron=373 (grad=0.0004)
  Layer 10 (encoder.layers.encoder_layer_3.mlp.3): input_col=21 -> output_neuron=641 (grad=0.0004)
  Warning: No gradients for layer encoder.layers.encoder_layer_4.self_attention.out_proj, skipping
  Layer 12 (encoder.layers.encoder_layer_4.mlp.0): input_col=1 -> output_neuron=2099 (grad=0.0010)
  Layer 13 (encoder.layers.encoder_layer_4.mlp.3): input_col=19 -> output_neuron=71 (grad=0.0002)
  Warning: No gradients for layer encoder.layers.encoder_layer_5.self_attention.out_proj, skipping
  Layer 15 (encoder.layers.encoder_layer_5.mlp.0): input_col=7 -> output_neuron=1009 (grad=0.0015)
  Layer 16 (encoder.layers.encoder_layer_5.mlp.3): input_col=17 -> output_neuron=8 (grad=0.0002)
  Warning: No gradients for layer encoder.layers.encoder_layer_6.self_attention.out_proj, skipping
  Layer 18 (encoder.layers.encoder_layer_6.mlp.0): input_col=8 -> output_neuron=654 (grad=0.0001)
  Layer 19 (encoder.layers.encoder_layer_6.mlp.3): input_col=14 -> output_neuron=172 (grad=0.0013)
  Warning: No gradients for layer encoder.layers.encoder_layer_7.self_attention.out_proj, skipping
  Layer 21 (encoder.layers.encoder_layer_7.mlp.0): input_col=12 -> output_neuron=921 (grad=0.0007)
  Layer 22 (encoder.layers.encoder_layer_7.mlp.3): input_col=25 -> output_neuron=8 (grad=0.0008)
  Warning: No gradients for layer encoder.layers.encoder_layer_8.self_attention.out_proj, skipping
  Layer 24 (encoder.layers.encoder_layer_8.mlp.0): input_col=8 -> output_neuron=1132 (grad=0.0006)
  Layer 25 (encoder.layers.encoder_layer_8.mlp.3): input_col=12 -> output_neuron=472 (grad=0.0009)
  Warning: No gradients for layer encoder.layers.encoder_layer_9.self_attention.out_proj, skipping
  Layer 27 (encoder.layers.encoder_layer_9.mlp.0): input_col=24 -> output_neuron=2842 (grad=0.0017)
  Layer 28 (encoder.layers.encoder_layer_9.mlp.3): input_col=26 -> output_neuron=330 (grad=0.0021)
  Warning: No gradients for layer encoder.layers.encoder_layer_10.self_attention.out_proj, skipping
  Layer 30 (encoder.layers.encoder_layer_10.mlp.0): input_col=10 -> output_neuron=2985 (grad=0.0025)
  Layer 31 (encoder.layers.encoder_layer_10.mlp.3): input_col=9 -> output_neuron=172 (grad=0.0029)
  Warning: No gradients for layer encoder.layers.encoder_layer_11.self_attention.out_proj, skipping
  Layer 33 (encoder.layers.encoder_layer_11.mlp.0): input_col=12 -> output_neuron=68 (grad=0.0027)
  Layer 34 (encoder.layers.encoder_layer_11.mlp.3): input_col=4 -> output_neuron=8 (grad=0.0020)

============================================================
✓ Successfully built 3 gradient chains
============================================================

Epoch 2/100 | LR: 0.000200 | Time: 49.61s
Train Loss: 3.8938 | Train Acc: 19.95%
Val Loss: 3.2888 | Val Acc: 29.52%

Gradient Chain Statistics:
[PacaGradientChainManager - Gradient Chain Logs]
  Chains Built: True
  Number of Chains: 3
  Current Epoch: 1
  Selected Arms: [0]
  Arm Means: [0.0, 0.0, 0.0]
  Arm Stds: [10.0, 10.0, 10.0]
  Arm Observation Counts: [0, 0, 0]
  Last Sampled Values: [12.37452507019043, 11.103042602539062, -15.68966007232666]
------------------------------------------------------------

Reward: 41.39% (normalized: 4.14)

Epoch 3/100 | LR: 0.000300 | Time: 47.49s
Train Loss: 2.4976 | Train Acc: 52.26%
Val Loss: 1.7597 | Val Acc: 70.91%

Gradient Chain Statistics:
[PacaGradientChainManager - Gradient Chain Logs]
  Chains Built: True
  Number of Chains: 3
  Current Epoch: 2
  Selected Arms: [0]
  Arm Means: [3.311099052429199, 0.0, 0.0]
  Arm Stds: [4.4721360206604, 10.0, 10.0]
  Arm Observation Counts: [1, 0, 0]
  Last Sampled Values: [6.183361053466797, -7.360698699951172, -16.399015426635742]
------------------------------------------------------------

Reward: 13.12% (normalized: 1.31)

Epoch 4/100 | LR: 0.000400 | Time: 47.45s
Train Loss: 1.3477 | Train Acc: 80.27%
Val Loss: 1.0621 | Val Acc: 84.03%

Gradient Chain Statistics:
[PacaGradientChainManager - Gradient Chain Logs]
  Chains Built: True
  Number of Chains: 3
  Current Epoch: 3
  Selected Arms: [2]
  Arm Means: [2.422696113586426, 0.0, 0.0]
  Arm Stds: [3.3333334922790527, 10.0, 10.0]
  Arm Observation Counts: [2, 0, 0]
  Last Sampled Values: [2.4650685787200928, -19.303438186645508, 17.709095001220703]
------------------------------------------------------------

Reward: 4.76% (normalized: 0.48)

Epoch 5/100 | LR: 0.000500 | Time: 47.51s
Train Loss: 0.7901 | Train Acc: 91.25%
Val Loss: 0.7618 | Val Acc: 88.79%

Gradient Chain Statistics:
[PacaGradientChainManager - Gradient Chain Logs]
  Chains Built: True
  Number of Chains: 3
  Current Epoch: 4
  Selected Arms: [1]
  Arm Means: [2.422696113586426, 0.0, 0.3805358111858368]
  Arm Stds: [3.3333334922790527, 10.0, 4.4721360206604]
  Arm Observation Counts: [2, 0, 1]
  Last Sampled Values: [1.809409260749817, 15.22103500366211, -0.9193975925445557]
------------------------------------------------------------

Reward: 3.17% (normalized: 0.32)

Epoch 6/100 | LR: 0.000600 | Time: 47.52s
Train Loss: 0.4809 | Train Acc: 96.06%
Val Loss: 0.5460 | Val Acc: 91.96%

Gradient Chain Statistics:
[PacaGradientChainManager - Gradient Chain Logs]
  Chains Built: True
  Number of Chains: 3
  Current Epoch: 5
  Selected Arms: [0]
  Arm Means: [2.422696113586426, 0.25369054079055786, 0.3805358111858368]
  Arm Stds: [3.3333334922790527, 4.4721360206604, 4.4721360206604]
  Arm Observation Counts: [2, 1, 1]
  Last Sampled Values: [0.6109042167663574, -1.2296843528747559, 0.5091910362243652]
------------------------------------------------------------

Reward: 2.46% (normalized: 0.25)

Epoch 7/100 | LR: 0.000700 | Time: 47.52s
Train Loss: 0.2951 | Train Acc: 98.26%
Val Loss: 0.4141 | Val Acc: 94.42%

Gradient Chain Statistics:
[PacaGradientChainManager - Gradient Chain Logs]
  Chains Built: True
  Number of Chains: 3
  Current Epoch: 6
  Selected Arms: [2]
  Arm Means: [1.7529544830322266, 0.25369054079055786, 0.3805358111858368]
  Arm Stds: [2.77350115776062, 4.4721360206604, 4.4721360206604]
  Arm Observation Counts: [3, 1, 1]
  Last Sampled Values: [-1.5244762897491455, -0.23489609360694885, 1.2986098527908325]
------------------------------------------------------------

Reward: 0.71% (normalized: 0.07)

Epoch 8/100 | LR: 0.000800 | Time: 47.58s
Train Loss: 0.2101 | Train Acc: 98.54%
Val Loss: 0.3533 | Val Acc: 95.13%

Gradient Chain Statistics:
[PacaGradientChainManager - Gradient Chain Logs]
  Chains Built: True
  Number of Chains: 3
  Current Epoch: 7
  Selected Arms: [1]
  Arm Means: [1.7529544830322266, 0.25369054079055786, 0.24299860000610352]
  Arm Stds: [2.77350115776062, 4.4721360206604, 3.3333334922790527]
  Arm Observation Counts: [3, 1, 2]
  Last Sampled Values: [2.7062957286834717, 5.114466667175293, -0.20935815572738647]
------------------------------------------------------------

Reward: -0.27% (normalized: -0.03)

Epoch 9/100 | LR: 0.000900 | Time: 47.48s
Train Loss: 0.1284 | Train Acc: 99.45%
Val Loss: 0.3139 | Val Acc: 94.86%

Gradient Chain Statistics:
[PacaGradientChainManager - Gradient Chain Logs]
  Chains Built: True
  Number of Chains: 3
  Current Epoch: 8
  Selected Arms: [1]
  Arm Means: [1.7529544830322266, 0.1287892609834671, 0.24299860000610352]
  Arm Stds: [2.77350115776062, 3.3333334922790527, 3.3333334922790527]
  Arm Observation Counts: [3, 2, 2]
  Last Sampled Values: [3.694490432739258, 4.484145164489746, -4.507507801055908]
------------------------------------------------------------

Reward: 0.77% (normalized: 0.08)

Epoch 10/100 | LR: 0.001000 | Time: 47.49s
Train Loss: 0.0777 | Train Acc: 99.75%
Val Loss: 0.2708 | Val Acc: 95.63%

Gradient Chain Statistics:
[PacaGradientChainManager - Gradient Chain Logs]
  Chains Built: True
  Number of Chains: 3
  Current Epoch: 9
  Selected Arms: [0]
  Arm Means: [1.7529544830322266, 0.11271397024393082, 0.24299860000610352]
  Arm Stds: [2.77350115776062, 2.77350115776062, 3.3333334922790527]
  Arm Observation Counts: [3, 3, 2]
  Last Sampled Values: [3.826920986175537, -1.191989779472351, -4.910760402679443]
------------------------------------------------------------

Reward: -0.16% (normalized: -0.02)

Epoch 11/100 | LR: 0.001000 | Time: 47.80s
Train Loss: 0.0602 | Train Acc: 99.79%
Val Loss: 0.2463 | Val Acc: 95.46%

Gradient Chain Statistics:
[PacaGradientChainManager - Gradient Chain Logs]
  Chains Built: True
  Number of Chains: 3
  Current Epoch: 10
  Selected Arms: [0]
  Arm Means: [1.3366352319717407, 0.11271397024393082, 0.24299860000610352]
  Arm Stds: [2.425356388092041, 2.77350115776062, 3.3333334922790527]
  Arm Observation Counts: [4, 3, 2]
  Last Sampled Values: [3.5781965255737305, -2.0773398876190186, 1.4145500659942627]
------------------------------------------------------------

Reward: -0.16% (normalized: -0.02)

Epoch 12/100 | LR: 0.000999 | Time: 47.75s
Train Loss: 0.0459 | Train Acc: 99.79%
Val Loss: 0.2258 | Val Acc: 95.30%

Gradient Chain Statistics:
[PacaGradientChainManager - Gradient Chain Logs]
  Chains Built: True
  Number of Chains: 3
  Current Epoch: 11
  Selected Arms: [1]
  Arm Means: [1.0789138078689575, 0.11271397024393082, 0.24299860000610352]
  Arm Stds: [2.1821789741516113, 2.77350115776062, 3.3333334922790527]
  Arm Observation Counts: [5, 3, 2]
  Last Sampled Values: [0.23401731252670288, 1.0975555181503296, 0.9849998950958252]
------------------------------------------------------------

Reward: -0.22% (normalized: -0.02)

Epoch 13/100 | LR: 0.000997 | Time: 47.76s
Train Loss: 0.0409 | Train Acc: 99.78%
Val Loss: 0.2319 | Val Acc: 95.08%

Gradient Chain Statistics:
[PacaGradientChainManager - Gradient Chain Logs]
  Chains Built: True
  Number of Chains: 3
  Current Epoch: 12
  Selected Arms: [0]
  Arm Means: [1.0789138078689575, 0.0810471773147583, 0.24299860000610352]
  Arm Stds: [2.1821789741516113, 2.425356388092041, 3.3333334922790527]
  Arm Observation Counts: [5, 4, 2]
  Last Sampled Values: [1.968687653541565, 0.6657782196998596, 0.5167744755744934]
------------------------------------------------------------
No improvement for 1 epoch(s)

Reward: 0.38% (normalized: 0.04)

Epoch 14/100 | LR: 0.000995 | Time: 47.77s
Train Loss: 0.0324 | Train Acc: 99.86%
Val Loss: 0.2449 | Val Acc: 95.46%

Gradient Chain Statistics:
[PacaGradientChainManager - Gradient Chain Logs]
  Chains Built: True
  Number of Chains: 3
  Current Epoch: 13
  Selected Arms: [0]
  Arm Means: [0.9124111533164978, 0.0810471773147583, 0.24299860000610352]
  Arm Stds: [2.0, 2.425356388092041, 3.3333334922790527]
  Arm Observation Counts: [6, 4, 2]
  Last Sampled Values: [2.567809581756592, 1.2032232284545898, 0.13703280687332153]
------------------------------------------------------------
No improvement for 2 epoch(s)

Reward: -0.77% (normalized: -0.08)

Epoch 15/100 | LR: 0.000992 | Time: 47.77s
Train Loss: 0.0420 | Train Acc: 99.70%
Val Loss: 0.2506 | Val Acc: 94.70%

Gradient Chain Statistics:
[PacaGradientChainManager - Gradient Chain Logs]
  Chains Built: True
  Number of Chains: 3
  Current Epoch: 14
  Selected Arms: [2]
  Arm Means: [0.7760034799575806, 0.0810471773147583, 0.24299860000610352]
  Arm Stds: [1.8569533824920654, 2.425356388092041, 3.3333334922790527]
  Arm Observation Counts: [7, 4, 2]
  Last Sampled Values: [0.4895961880683899, 0.6263637542724609, 0.9788830280303955]
------------------------------------------------------------
No improvement for 3 epoch(s)

Reward: 0.27% (normalized: 0.03)

Epoch 16/100 | LR: 0.000989 | Time: 47.76s
Train Loss: 0.0270 | Train Acc: 99.90%
Val Loss: 0.2240 | Val Acc: 94.97%

Gradient Chain Statistics:
[PacaGradientChainManager - Gradient Chain Logs]
  Chains Built: True
  Number of Chains: 3
  Current Epoch: 15
  Selected Arms: [0]
  Arm Means: [0.7760034799575806, 0.0810471773147583, 0.1766412854194641]
  Arm Stds: [1.8569533824920654, 2.425356388092041, 2.77350115776062]
  Arm Observation Counts: [7, 4, 3]
  Last Sampled Values: [2.8948774337768555, 0.3485143184661865, -1.6569702625274658]
------------------------------------------------------------

Reward: -0.60% (normalized: -0.06)

Epoch 17/100 | LR: 0.000985 | Time: 47.74s
Train Loss: 0.0644 | Train Acc: 99.48%
Val Loss: 0.2837 | Val Acc: 94.37%

Gradient Chain Statistics:
[PacaGradientChainManager - Gradient Chain Logs]
  Chains Built: True
  Number of Chains: 3
  Current Epoch: 16
  Selected Arms: [1]
  Arm Means: [0.6746525168418884, 0.0810471773147583, 0.1766412854194641]
  Arm Stds: [1.740776538848877, 2.425356388092041, 2.77350115776062]
  Arm Observation Counts: [8, 4, 3]
  Last Sampled Values: [1.3454461097717285, 2.283600330352783, -3.0984995365142822]
------------------------------------------------------------
No improvement for 1 epoch(s)

Reward: -1.31% (normalized: -0.13)

Epoch 18/100 | LR: 0.000981 | Time: 47.76s
Train Loss: 0.0885 | Train Acc: 99.25%
Val Loss: 0.3378 | Val Acc: 93.06%

Gradient Chain Statistics:
[PacaGradientChainManager - Gradient Chain Logs]
  Chains Built: True
  Number of Chains: 3
  Current Epoch: 17
  Selected Arms: [0]
  Arm Means: [0.6746525168418884, 0.040615472942590714, 0.1766412854194641]
  Arm Stds: [1.740776538848877, 2.1821789741516113, 2.77350115776062]
  Arm Observation Counts: [8, 5, 3]
  Last Sampled Values: [3.932685136795044, 0.7156084179878235, 3.3093152046203613]
------------------------------------------------------------
No improvement for 2 epoch(s)

Reward: 0.49% (normalized: 0.05)

Epoch 19/100 | LR: 0.000976 | Time: 47.75s
Train Loss: 0.0678 | Train Acc: 99.33%
Val Loss: 0.2906 | Val Acc: 93.55%

Gradient Chain Statistics:
[PacaGradientChainManager - Gradient Chain Logs]
  Chains Built: True
  Number of Chains: 3
  Current Epoch: 18
  Selected Arms: [1]
  Arm Means: [0.607036828994751, 0.040615472942590714, 0.1766412854194641]
  Arm Stds: [1.64398992061615, 2.1821789741516113, 2.77350115776062]
  Arm Observation Counts: [9, 5, 3]
  Last Sampled Values: [-2.8281705379486084, 4.152220249176025, 3.5963761806488037]
------------------------------------------------------------
No improvement for 3 epoch(s)

Reward: -1.31% (normalized: -0.13)

Epoch 20/100 | LR: 0.000970 | Time: 47.78s
Train Loss: 0.0499 | Train Acc: 99.52%
Val Loss: 0.3294 | Val Acc: 92.24%

Gradient Chain Statistics:
[PacaGradientChainManager - Gradient Chain Logs]
  Chains Built: True
  Number of Chains: 3
  Current Epoch: 19
  Selected Arms: [0]
  Arm Means: [0.607036828994751, 0.01312191691249609, 0.1766412854194641]
  Arm Stds: [1.64398992061615, 2.0, 2.77350115776062]
  Arm Observation Counts: [9, 6, 3]
  Last Sampled Values: [-0.7197058200836182, -1.382629156112671, -2.804039478302002]
------------------------------------------------------------
No improvement for 4 epoch(s)

Reward: 1.53% (normalized: 0.15)

Epoch 21/100 | LR: 0.000964 | Time: 47.79s
Train Loss: 0.0759 | Train Acc: 99.18%
Val Loss: 0.3103 | Val Acc: 93.77%

Gradient Chain Statistics:
[PacaGradientChainManager - Gradient Chain Logs]
  Chains Built: True
  Number of Chains: 3
  Current Epoch: 20
  Selected Arms: [2]
  Arm Means: [0.5627492666244507, 0.01312191691249609, 0.1766412854194641]
  Arm Stds: [1.5617376565933228, 2.0, 2.77350115776062]
  Arm Observation Counts: [10, 6, 3]
  Last Sampled Values: [0.47558462619781494, -1.7787760496139526, 0.7570644617080688]
------------------------------------------------------------
No improvement for 5 epoch(s)

Reward: -0.33% (normalized: -0.03)

Epoch 22/100 | LR: 0.000957 | Time: 47.77s
Train Loss: 0.1044 | Train Acc: 98.58%
Val Loss: 0.3251 | Val Acc: 93.44%

Gradient Chain Statistics:
[PacaGradientChainManager - Gradient Chain Logs]
  Chains Built: True
  Number of Chains: 3
  Current Epoch: 21
  Selected Arms: [1]
  Arm Means: [0.5627492666244507, 0.01312191691249609, 0.12735985219478607]
  Arm Stds: [1.5617376565933228, 2.0, 2.425356388092041]
  Arm Observation Counts: [10, 6, 4]
  Last Sampled Values: [-1.0692020654678345, 1.0154354572296143, -1.8243552446365356]
------------------------------------------------------------
No improvement for 6 epoch(s)

Reward: -1.53% (normalized: -0.15)

Epoch 23/100 | LR: 0.000949 | Time: 47.79s
Train Loss: 0.0698 | Train Acc: 99.06%
Val Loss: 0.3404 | Val Acc: 91.91%

Gradient Chain Statistics:
[PacaGradientChainManager - Gradient Chain Logs]
  Chains Built: True
  Number of Chains: 3
  Current Epoch: 22
  Selected Arms: [0]
  Arm Means: [0.5627492666244507, -0.009803743101656437, 0.12735985219478607]
  Arm Stds: [1.5617376565933228, 1.8569533824920654, 2.425356388092041]
  Arm Observation Counts: [10, 7, 4]
  Last Sampled Values: [1.611487627029419, 1.071232557296753, -1.1753933429718018]
------------------------------------------------------------
No improvement for 7 epoch(s)
Early stopping triggered after 23 epochs.
Total training time: 1097.91 seconds
Average time per epoch: 47.74 seconds

============================================================
Training completed!
============================================================
Job completed at Tue Dec 30 21:36:39 IST 2025





Using device: cuda
============================================================
Vision Transformer Fine-tuning on Flowers-102
Using Gradient Chain Selection - Rank 8
============================================================
Using random seed: 7170

Loading dataset...
--- Flowers-102 Dataset (Custom 80/20 Split) ---
Total images from all splits: 8189
Custom training set size (80%): 6551
Custom testing set size (20%): 1638

Creating ViT model for 102 classes...

PEFT config: PacaConfig(peft_type=<PeftType.PACA: 'PACA'>, auto_mapping=None, base_model_name_or_path=None, revision=None, task_type=<TaskType.FEATURE_EXTRACTION: 'FEATURE_EXTRACTION'>, inference_mode=False, r=8, target_modules={'mlp.3', 'mlp.0', 'out_proj'}, paca_alpha=16, fan_in_fan_out=False, bias='all', modules_to_save=['head'], layers_to_transform=None, layers_pattern=None, rank_pattern={}, alpha_pattern={}, megatron_config=None, megatron_core='megatron.core', layer_replication=None, gradient_accumulation_steps=1, steps_per_epoch=103, arm_distribution='gradient_chain', num_arms=3, num_arms_to_select=1, ucb_alpha=0.5, use_fixed_indices=False, arm_selection_method='thompson', thompson_distribution='gaussian', thompson_alpha_prior=1.0, thompson_beta_prior=1.0, thompson_gaussian_prior_mean=0.0, thompson_gaussian_prior_std=10.0, thompson_gaussian_noise_std=5.0, gradient_chain_warmup_epochs=2, gradient_chain_num_samples=5)
Total parameters: 149,656,524
Trainable parameters: 545,484 (0.36%)
Frozen parameters: 149,111,040 (99.64%)

============================================================
Fine-tuning ViT using Gradient Chain Selection:
============================================================
Calculating initial validation accuracy...
Initial Val Acc: 0.73%

Reward: 0.00% (normalized: 0.00)
Gradient chain warmup: 1/2

Epoch 1/100 | LR: 0.000100 | Time: 42.46s
Train Loss: 4.7177 | Train Acc: 0.52%
Val Loss: 4.7083 | Val Acc: 0.73%

Gradient Chain Statistics:
[PacaGradientChainManager - Gradient Chain Logs]
  Chains Built: False
  Number of Chains: 0
  Current Epoch: 0
  Arm Means: [0.0, 0.0, 0.0]
  Arm Stds: [10.0, 10.0, 10.0]
  Arm Observation Counts: [0, 0, 0]
------------------------------------------------------------

Reward: 3.66% (normalized: 0.37)

============================================================
Building Gradient Chains...
============================================================
Sampling 5 batches to estimate gradients...
  Batch 1/5 processed
  Batch 2/5 processed
  Batch 3/5 processed
  Batch 4/5 processed
  Batch 5/5 processed

Averaging gradients across batches...

Building 3 gradient chains...

Chain 0: Starting from neuron 3
  Layer 0 (encoder.layers.encoder_layer_0.mlp.0): input_col=3 -> output_neuron=1762 (grad=0.0007)
  Layer 1 (encoder.layers.encoder_layer_0.mlp.3): input_col=2 -> output_neuron=390 (grad=0.0002)
  Warning: No gradients for layer encoder.layers.encoder_layer_1.self_attention.out_proj, skipping
  Layer 3 (encoder.layers.encoder_layer_1.mlp.0): input_col=6 -> output_neuron=2440 (grad=0.0003)
  Layer 4 (encoder.layers.encoder_layer_1.mlp.3): input_col=0 -> output_neuron=72 (grad=0.0003)
  Warning: No gradients for layer encoder.layers.encoder_layer_2.self_attention.out_proj, skipping
  Layer 6 (encoder.layers.encoder_layer_2.mlp.0): input_col=0 -> output_neuron=2780 (grad=0.0019)
  Layer 7 (encoder.layers.encoder_layer_2.mlp.3): input_col=4 -> output_neuron=9 (grad=0.0010)
  Warning: No gradients for layer encoder.layers.encoder_layer_3.self_attention.out_proj, skipping
  Layer 9 (encoder.layers.encoder_layer_3.mlp.0): input_col=1 -> output_neuron=2529 (grad=0.0000)
  Layer 10 (encoder.layers.encoder_layer_3.mlp.3): input_col=1 -> output_neuron=488 (grad=0.0009)
  Warning: No gradients for layer encoder.layers.encoder_layer_4.self_attention.out_proj, skipping
  Layer 12 (encoder.layers.encoder_layer_4.mlp.0): input_col=0 -> output_neuron=1862 (grad=0.0002)
  Layer 13 (encoder.layers.encoder_layer_4.mlp.3): input_col=6 -> output_neuron=715 (grad=0.0007)
  Warning: No gradients for layer encoder.layers.encoder_layer_5.self_attention.out_proj, skipping
  Layer 15 (encoder.layers.encoder_layer_5.mlp.0): input_col=3 -> output_neuron=2261 (grad=0.0004)
  Layer 16 (encoder.layers.encoder_layer_5.mlp.3): input_col=5 -> output_neuron=172 (grad=0.0006)
  Warning: No gradients for layer encoder.layers.encoder_layer_6.self_attention.out_proj, skipping
  Layer 18 (encoder.layers.encoder_layer_6.mlp.0): input_col=4 -> output_neuron=2248 (grad=0.0009)
  Layer 19 (encoder.layers.encoder_layer_6.mlp.3): input_col=0 -> output_neuron=172 (grad=0.0010)
  Warning: No gradients for layer encoder.layers.encoder_layer_7.self_attention.out_proj, skipping
  Layer 21 (encoder.layers.encoder_layer_7.mlp.0): input_col=4 -> output_neuron=2769 (grad=0.0007)
  Layer 22 (encoder.layers.encoder_layer_7.mlp.3): input_col=1 -> output_neuron=173 (grad=0.0007)
  Warning: No gradients for layer encoder.layers.encoder_layer_8.self_attention.out_proj, skipping
  Layer 24 (encoder.layers.encoder_layer_8.mlp.0): input_col=5 -> output_neuron=1905 (grad=0.0010)
  Layer 25 (encoder.layers.encoder_layer_8.mlp.3): input_col=1 -> output_neuron=744 (grad=0.0013)
  Warning: No gradients for layer encoder.layers.encoder_layer_9.self_attention.out_proj, skipping
  Layer 27 (encoder.layers.encoder_layer_9.mlp.0): input_col=0 -> output_neuron=2859 (grad=0.0058)
  Layer 28 (encoder.layers.encoder_layer_9.mlp.3): input_col=3 -> output_neuron=48 (grad=0.0016)
  Warning: No gradients for layer encoder.layers.encoder_layer_10.self_attention.out_proj, skipping
  Layer 30 (encoder.layers.encoder_layer_10.mlp.0): input_col=0 -> output_neuron=171 (grad=0.0049)
  Layer 31 (encoder.layers.encoder_layer_10.mlp.3): input_col=3 -> output_neuron=222 (grad=0.0025)
  Warning: No gradients for layer encoder.layers.encoder_layer_11.self_attention.out_proj, skipping
  Layer 33 (encoder.layers.encoder_layer_11.mlp.0): input_col=6 -> output_neuron=2091 (grad=0.0084)
  Layer 34 (encoder.layers.encoder_layer_11.mlp.3): input_col=3 -> output_neuron=356 (grad=0.0001)

Chain 1: Starting from neuron 4
  Layer 0 (encoder.layers.encoder_layer_0.mlp.0): input_col=4 -> output_neuron=2437 (grad=0.0001)
  Layer 1 (encoder.layers.encoder_layer_0.mlp.3): input_col=5 -> output_neuron=579 (grad=0.0018)
  Warning: No gradients for layer encoder.layers.encoder_layer_1.self_attention.out_proj, skipping
  Layer 3 (encoder.layers.encoder_layer_1.mlp.0): input_col=3 -> output_neuron=2440 (grad=0.0003)
  Layer 4 (encoder.layers.encoder_layer_1.mlp.3): input_col=0 -> output_neuron=72 (grad=0.0003)
  Warning: No gradients for layer encoder.layers.encoder_layer_2.self_attention.out_proj, skipping
  Layer 6 (encoder.layers.encoder_layer_2.mlp.0): input_col=0 -> output_neuron=2780 (grad=0.0019)
  Layer 7 (encoder.layers.encoder_layer_2.mlp.3): input_col=4 -> output_neuron=9 (grad=0.0010)
  Warning: No gradients for layer encoder.layers.encoder_layer_3.self_attention.out_proj, skipping
  Layer 9 (encoder.layers.encoder_layer_3.mlp.0): input_col=1 -> output_neuron=2529 (grad=0.0000)
  Layer 10 (encoder.layers.encoder_layer_3.mlp.3): input_col=1 -> output_neuron=488 (grad=0.0009)
  Warning: No gradients for layer encoder.layers.encoder_layer_4.self_attention.out_proj, skipping
  Layer 12 (encoder.layers.encoder_layer_4.mlp.0): input_col=0 -> output_neuron=1862 (grad=0.0002)
  Layer 13 (encoder.layers.encoder_layer_4.mlp.3): input_col=6 -> output_neuron=715 (grad=0.0007)
  Warning: No gradients for layer encoder.layers.encoder_layer_5.self_attention.out_proj, skipping
  Layer 15 (encoder.layers.encoder_layer_5.mlp.0): input_col=3 -> output_neuron=2261 (grad=0.0004)
  Layer 16 (encoder.layers.encoder_layer_5.mlp.3): input_col=5 -> output_neuron=172 (grad=0.0006)
  Warning: No gradients for layer encoder.layers.encoder_layer_6.self_attention.out_proj, skipping
  Layer 18 (encoder.layers.encoder_layer_6.mlp.0): input_col=4 -> output_neuron=2248 (grad=0.0009)
  Layer 19 (encoder.layers.encoder_layer_6.mlp.3): input_col=0 -> output_neuron=172 (grad=0.0010)
  Warning: No gradients for layer encoder.layers.encoder_layer_7.self_attention.out_proj, skipping
  Layer 21 (encoder.layers.encoder_layer_7.mlp.0): input_col=4 -> output_neuron=2769 (grad=0.0007)
  Layer 22 (encoder.layers.encoder_layer_7.mlp.3): input_col=1 -> output_neuron=173 (grad=0.0007)
  Warning: No gradients for layer encoder.layers.encoder_layer_8.self_attention.out_proj, skipping
  Layer 24 (encoder.layers.encoder_layer_8.mlp.0): input_col=5 -> output_neuron=1905 (grad=0.0010)
  Layer 25 (encoder.layers.encoder_layer_8.mlp.3): input_col=1 -> output_neuron=744 (grad=0.0013)
  Warning: No gradients for layer encoder.layers.encoder_layer_9.self_attention.out_proj, skipping
  Layer 27 (encoder.layers.encoder_layer_9.mlp.0): input_col=0 -> output_neuron=2859 (grad=0.0058)
  Layer 28 (encoder.layers.encoder_layer_9.mlp.3): input_col=3 -> output_neuron=48 (grad=0.0016)
  Warning: No gradients for layer encoder.layers.encoder_layer_10.self_attention.out_proj, skipping
  Layer 30 (encoder.layers.encoder_layer_10.mlp.0): input_col=0 -> output_neuron=171 (grad=0.0049)
  Layer 31 (encoder.layers.encoder_layer_10.mlp.3): input_col=3 -> output_neuron=222 (grad=0.0025)
  Warning: No gradients for layer encoder.layers.encoder_layer_11.self_attention.out_proj, skipping
  Layer 33 (encoder.layers.encoder_layer_11.mlp.0): input_col=6 -> output_neuron=2091 (grad=0.0084)
  Layer 34 (encoder.layers.encoder_layer_11.mlp.3): input_col=3 -> output_neuron=356 (grad=0.0001)

Chain 2: Starting from neuron 6
  Layer 0 (encoder.layers.encoder_layer_0.mlp.0): input_col=6 -> output_neuron=2437 (grad=0.0030)
  Layer 1 (encoder.layers.encoder_layer_0.mlp.3): input_col=5 -> output_neuron=579 (grad=0.0018)
  Warning: No gradients for layer encoder.layers.encoder_layer_1.self_attention.out_proj, skipping
  Layer 3 (encoder.layers.encoder_layer_1.mlp.0): input_col=3 -> output_neuron=2440 (grad=0.0003)
  Layer 4 (encoder.layers.encoder_layer_1.mlp.3): input_col=0 -> output_neuron=72 (grad=0.0003)
  Warning: No gradients for layer encoder.layers.encoder_layer_2.self_attention.out_proj, skipping
  Layer 6 (encoder.layers.encoder_layer_2.mlp.0): input_col=0 -> output_neuron=2780 (grad=0.0019)
  Layer 7 (encoder.layers.encoder_layer_2.mlp.3): input_col=4 -> output_neuron=9 (grad=0.0010)
  Warning: No gradients for layer encoder.layers.encoder_layer_3.self_attention.out_proj, skipping
  Layer 9 (encoder.layers.encoder_layer_3.mlp.0): input_col=1 -> output_neuron=2529 (grad=0.0000)
  Layer 10 (encoder.layers.encoder_layer_3.mlp.3): input_col=1 -> output_neuron=488 (grad=0.0009)
  Warning: No gradients for layer encoder.layers.encoder_layer_4.self_attention.out_proj, skipping
  Layer 12 (encoder.layers.encoder_layer_4.mlp.0): input_col=0 -> output_neuron=1862 (grad=0.0002)
  Layer 13 (encoder.layers.encoder_layer_4.mlp.3): input_col=6 -> output_neuron=715 (grad=0.0007)
  Warning: No gradients for layer encoder.layers.encoder_layer_5.self_attention.out_proj, skipping
  Layer 15 (encoder.layers.encoder_layer_5.mlp.0): input_col=3 -> output_neuron=2261 (grad=0.0004)
  Layer 16 (encoder.layers.encoder_layer_5.mlp.3): input_col=5 -> output_neuron=172 (grad=0.0006)
  Warning: No gradients for layer encoder.layers.encoder_layer_6.self_attention.out_proj, skipping
  Layer 18 (encoder.layers.encoder_layer_6.mlp.0): input_col=4 -> output_neuron=2248 (grad=0.0009)
  Layer 19 (encoder.layers.encoder_layer_6.mlp.3): input_col=0 -> output_neuron=172 (grad=0.0010)
  Warning: No gradients for layer encoder.layers.encoder_layer_7.self_attention.out_proj, skipping
  Layer 21 (encoder.layers.encoder_layer_7.mlp.0): input_col=4 -> output_neuron=2769 (grad=0.0007)
  Layer 22 (encoder.layers.encoder_layer_7.mlp.3): input_col=1 -> output_neuron=173 (grad=0.0007)
  Warning: No gradients for layer encoder.layers.encoder_layer_8.self_attention.out_proj, skipping
  Layer 24 (encoder.layers.encoder_layer_8.mlp.0): input_col=5 -> output_neuron=1905 (grad=0.0010)
  Layer 25 (encoder.layers.encoder_layer_8.mlp.3): input_col=1 -> output_neuron=744 (grad=0.0013)
  Warning: No gradients for layer encoder.layers.encoder_layer_9.self_attention.out_proj, skipping
  Layer 27 (encoder.layers.encoder_layer_9.mlp.0): input_col=0 -> output_neuron=2859 (grad=0.0058)
  Layer 28 (encoder.layers.encoder_layer_9.mlp.3): input_col=3 -> output_neuron=48 (grad=0.0016)
  Warning: No gradients for layer encoder.layers.encoder_layer_10.self_attention.out_proj, skipping
  Layer 30 (encoder.layers.encoder_layer_10.mlp.0): input_col=0 -> output_neuron=171 (grad=0.0049)
  Layer 31 (encoder.layers.encoder_layer_10.mlp.3): input_col=3 -> output_neuron=222 (grad=0.0025)
  Warning: No gradients for layer encoder.layers.encoder_layer_11.self_attention.out_proj, skipping
  Layer 33 (encoder.layers.encoder_layer_11.mlp.0): input_col=6 -> output_neuron=2091 (grad=0.0084)
  Layer 34 (encoder.layers.encoder_layer_11.mlp.3): input_col=3 -> output_neuron=356 (grad=0.0001)

============================================================
✓ Successfully built 3 gradient chains
============================================================

Epoch 2/100 | LR: 0.000200 | Time: 45.29s
Train Loss: 4.5681 | Train Acc: 2.26%
Val Loss: 4.4388 | Val Acc: 4.40%

Gradient Chain Statistics:
[PacaGradientChainManager - Gradient Chain Logs]
  Chains Built: True
  Number of Chains: 3
  Current Epoch: 1
  Selected Arms: [2]
  Arm Means: [0.0, 0.0, 0.0]
  Arm Stds: [10.0, 10.0, 10.0]
  Arm Observation Counts: [0, 0, 0]
  Last Sampled Values: [3.997760772705078, -0.8389114141464233, 11.53758430480957]
------------------------------------------------------------

Reward: 18.80% (normalized: 1.88)

Epoch 3/100 | LR: 0.000300 | Time: 42.84s
Train Loss: 4.1605 | Train Acc: 13.19%
Val Loss: 3.8589 | Val Acc: 23.20%

Gradient Chain Statistics:
[PacaGradientChainManager - Gradient Chain Logs]
  Chains Built: True
  Number of Chains: 3
  Current Epoch: 2
  Selected Arms: [1]
  Arm Means: [0.0, 0.0, 1.504273533821106]
  Arm Stds: [10.0, 10.0, 4.4721360206604]
  Arm Observation Counts: [0, 0, 1]
  Last Sampled Values: [8.807842254638672, 9.284215927124023, -0.9391478300094604]
------------------------------------------------------------

Reward: 24.30% (normalized: 2.43)

Epoch 4/100 | LR: 0.000400 | Time: 42.74s
Train Loss: 3.3035 | Train Acc: 37.23%
Val Loss: 2.8530 | Val Acc: 47.50%

Gradient Chain Statistics:
[PacaGradientChainManager - Gradient Chain Logs]
  Chains Built: True
  Number of Chains: 3
  Current Epoch: 3
  Selected Arms: [1]
  Arm Means: [0.0, 1.9438339471817017, 1.504273533821106]
  Arm Stds: [10.0, 4.4721360206604, 4.4721360206604]
  Arm Observation Counts: [0, 1, 1]
  Last Sampled Values: [-2.4921092987060547, -1.6438478231430054, -8.751250267028809]
------------------------------------------------------------

Reward: 16.61% (normalized: 1.66)

Epoch 5/100 | LR: 0.000500 | Time: 42.65s
Train Loss: 2.4398 | Train Acc: 59.87%
Val Loss: 2.2380 | Val Acc: 64.10%

Gradient Chain Statistics:
[PacaGradientChainManager - Gradient Chain Logs]
  Chains Built: True
  Number of Chains: 3
  Current Epoch: 4
  Selected Arms: [1]
  Arm Means: [0.0, 1.8179351091384888, 1.504273533821106]
  Arm Stds: [10.0, 3.3333334922790527, 4.4721360206604]
  Arm Observation Counts: [0, 2, 1]
  Last Sampled Values: [-11.839838027954102, 4.3850789070129395, 3.399122714996338]
------------------------------------------------------------

Reward: 10.68% (normalized: 1.07)

Epoch 6/100 | LR: 0.000600 | Time: 42.61s
Train Loss: 1.9138 | Train Acc: 73.99%
Val Loss: 1.8214 | Val Acc: 74.79%

Gradient Chain Statistics:
[PacaGradientChainManager - Gradient Chain Logs]
  Chains Built: True
  Number of Chains: 3
  Current Epoch: 5
  Selected Arms: [2]
  Arm Means: [0.0, 1.58730149269104, 1.504273533821106]
  Arm Stds: [10.0, 2.77350115776062, 4.4721360206604]
  Arm Observation Counts: [0, 3, 1]
  Last Sampled Values: [-17.122915267944336, 3.3128442764282227, 8.237764358520508]
------------------------------------------------------------

Reward: 9.65% (normalized: 0.96)

Epoch 7/100 | LR: 0.000700 | Time: 42.60s
Train Loss: 1.5338 | Train Acc: 82.93%
Val Loss: 1.4630 | Val Acc: 84.43%

Gradient Chain Statistics:
[PacaGradientChainManager - Gradient Chain Logs]
  Chains Built: True
  Number of Chains: 3
  Current Epoch: 6
  Selected Arms: [1]
  Arm Means: [0.0, 1.58730149269104, 1.264414668083191]
  Arm Stds: [10.0, 2.77350115776062, 3.3333334922790527]
  Arm Observation Counts: [0, 3, 2]
  Last Sampled Values: [3.5718154907226562, 4.69178581237793, 2.996530055999756]
------------------------------------------------------------

Reward: 4.09% (normalized: 0.41)

Epoch 8/100 | LR: 0.000800 | Time: 42.57s
Train Loss: 1.2270 | Train Acc: 89.93%
Val Loss: 1.2217 | Val Acc: 88.52%

Gradient Chain Statistics:
[PacaGradientChainManager - Gradient Chain Logs]
  Chains Built: True
  Number of Chains: 3
  Current Epoch: 7
  Selected Arms: [0]
  Arm Means: [0.0, 1.3100624084472656, 1.264414668083191]
  Arm Stds: [10.0, 2.425356388092041, 3.3333334922790527]
  Arm Observation Counts: [0, 4, 2]
  Last Sampled Values: [9.123987197875977, -1.4785394668579102, 1.7367812395095825]
------------------------------------------------------------

Reward: 3.48% (normalized: 0.35)

Epoch 9/100 | LR: 0.000900 | Time: 42.56s
Train Loss: 0.9637 | Train Acc: 93.94%
Val Loss: 1.0041 | Val Acc: 92.00%

Gradient Chain Statistics:
[PacaGradientChainManager - Gradient Chain Logs]
  Chains Built: True
  Number of Chains: 3
  Current Epoch: 8
  Selected Arms: [2]
  Arm Means: [0.27838829159736633, 1.3100624084472656, 1.264414668083191]
  Arm Stds: [4.4721360206604, 2.425356388092041, 3.3333334922790527]
  Arm Observation Counts: [1, 4, 2]
  Last Sampled Values: [-0.07402500510215759, 3.00079345703125, 9.339333534240723]
------------------------------------------------------------

Reward: 0.61% (normalized: 0.06)

Epoch 10/100 | LR: 0.001000 | Time: 42.58s
Train Loss: 0.8274 | Train Acc: 95.12%
Val Loss: 0.8979 | Val Acc: 92.61%

Gradient Chain Statistics:
[PacaGradientChainManager - Gradient Chain Logs]
  Chains Built: True
  Number of Chains: 3
  Current Epoch: 9
  Selected Arms: [1]
  Arm Means: [0.27838829159736633, 1.3100624084472656, 0.894148588180542]
  Arm Stds: [4.4721360206604, 2.425356388092041, 2.77350115776062]
  Arm Observation Counts: [1, 4, 3]
  Last Sampled Values: [0.32592615485191345, 4.193339824676514, -0.5062081813812256]
------------------------------------------------------------

Reward: 1.65% (normalized: 0.16)

Epoch 11/100 | LR: 0.001000 | Time: 42.82s
Train Loss: 0.6257 | Train Acc: 97.22%
Val Loss: 0.7370 | Val Acc: 94.26%

Gradient Chain Statistics:
[PacaGradientChainManager - Gradient Chain Logs]
  Chains Built: True
  Number of Chains: 3
  Current Epoch: 10
  Selected Arms: [1]
  Arm Means: [0.27838829159736633, 1.0919238328933716, 0.894148588180542]
  Arm Stds: [4.4721360206604, 2.1821789741516113, 2.77350115776062]
  Arm Observation Counts: [1, 5, 3]
  Last Sampled Values: [-4.188362121582031, 2.247774600982666, -1.2784779071807861]
------------------------------------------------------------

Reward: 1.59% (normalized: 0.16)

Epoch 12/100 | LR: 0.000999 | Time: 42.83s
Train Loss: 0.4985 | Train Acc: 98.17%
Val Loss: 0.6327 | Val Acc: 95.85%

Gradient Chain Statistics:
[PacaGradientChainManager - Gradient Chain Logs]
  Chains Built: True
  Number of Chains: 3
  Current Epoch: 11
  Selected Arms: [2]
  Arm Means: [0.27838829159736633, 0.9426128268241882, 0.894148588180542]
  Arm Stds: [4.4721360206604, 2.0, 2.77350115776062]
  Arm Observation Counts: [1, 6, 3]
  Last Sampled Values: [-4.1381402015686035, 3.5124619007110596, 3.7289319038391113]
------------------------------------------------------------

Reward: -0.06% (normalized: -0.01)

Epoch 13/100 | LR: 0.000997 | Time: 42.76s
Train Loss: 0.4252 | Train Acc: 98.70%
Val Loss: 0.5511 | Val Acc: 95.79%

Gradient Chain Statistics:
[PacaGradientChainManager - Gradient Chain Logs]
  Chains Built: True
  Number of Chains: 3
  Current Epoch: 12
  Selected Arms: [2]
  Arm Means: [0.27838829159736633, 0.9426128268241882, 0.6823241710662842]
  Arm Stds: [4.4721360206604, 2.0, 2.425356388092041]
  Arm Observation Counts: [1, 6, 4]
  Last Sampled Values: [-1.833556890487671, 0.6643079519271851, 1.1817554235458374]
------------------------------------------------------------

Reward: 0.37% (normalized: 0.04)

Epoch 14/100 | LR: 0.000995 | Time: 42.80s
Train Loss: 0.3268 | Train Acc: 99.28%
Val Loss: 0.4869 | Val Acc: 96.15%

Gradient Chain Statistics:
[PacaGradientChainManager - Gradient Chain Logs]
  Chains Built: True
  Number of Chains: 3
  Current Epoch: 13
  Selected Arms: [0]
  Arm Means: [0.27838829159736633, 0.9426128268241882, 0.5593348145484924]
  Arm Stds: [4.4721360206604, 2.0, 2.1821789741516113]
  Arm Observation Counts: [1, 6, 5]
  Last Sampled Values: [8.184237480163574, 1.458327054977417, 1.9463880062103271]
------------------------------------------------------------

Reward: 0.24% (normalized: 0.02)

Epoch 15/100 | LR: 0.000992 | Time: 42.80s
Train Loss: 0.2512 | Train Acc: 99.53%
Val Loss: 0.4129 | Val Acc: 96.40%

Gradient Chain Statistics:
[PacaGradientChainManager - Gradient Chain Logs]
  Chains Built: True
  Number of Chains: 3
  Current Epoch: 14
  Selected Arms: [1]
  Arm Means: [0.16551350057125092, 0.9426128268241882, 0.5593348145484924]
  Arm Stds: [3.3333334922790527, 2.0, 2.1821789741516113]
  Arm Observation Counts: [2, 6, 5]
  Last Sampled Values: [-3.325218439102173, -1.24403977394104, -3.062983274459839]
------------------------------------------------------------

Reward: 0.49% (normalized: 0.05)

Epoch 16/100 | LR: 0.000989 | Time: 42.79s
Train Loss: 0.2043 | Train Acc: 99.77%
Val Loss: 0.3686 | Val Acc: 96.89%

Gradient Chain Statistics:
[PacaGradientChainManager - Gradient Chain Logs]
  Chains Built: True
  Number of Chains: 3
  Current Epoch: 15
  Selected Arms: [2]
  Arm Means: [0.16551350057125092, 0.8193338513374329, 0.5593348145484924]
  Arm Stds: [3.3333334922790527, 1.8569533824920654, 2.1821789741516113]
  Arm Observation Counts: [2, 7, 5]
  Last Sampled Values: [-6.826503276824951, -0.023160338401794434, 0.3496614694595337]
------------------------------------------------------------

Reward: -0.37% (normalized: -0.04)

Epoch 17/100 | LR: 0.000985 | Time: 42.79s
Train Loss: 0.1774 | Train Acc: 99.85%
Val Loss: 0.3594 | Val Acc: 96.52%

Gradient Chain Statistics:
[PacaGradientChainManager - Gradient Chain Logs]
  Chains Built: True
  Number of Chains: 3
  Current Epoch: 16
  Selected Arms: [2]
  Arm Means: [0.16551350057125092, 0.8193338513374329, 0.46398043632507324]
  Arm Stds: [3.3333334922790527, 1.8569533824920654, 2.0]
  Arm Observation Counts: [2, 7, 6]
  Last Sampled Values: [-2.856191873550415, 0.721217155456543, 3.282521963119507]
------------------------------------------------------------

Reward: 0.73% (normalized: 0.07)

Epoch 18/100 | LR: 0.000981 | Time: 42.78s
Train Loss: 0.1402 | Train Acc: 99.89%
Val Loss: 0.3247 | Val Acc: 97.25%

Gradient Chain Statistics:
[PacaGradientChainManager - Gradient Chain Logs]
  Chains Built: True
  Number of Chains: 3
  Current Epoch: 17
  Selected Arms: [0]
  Arm Means: [0.16551350057125092, 0.8193338513374329, 0.4100879728794098]
  Arm Stds: [3.3333334922790527, 1.8569533824920654, 1.8569533824920654]
  Arm Observation Counts: [2, 7, 7]
  Last Sampled Values: [2.2034075260162354, -1.0728764533996582, 1.0124577283859253]
------------------------------------------------------------

Reward: -0.06% (normalized: -0.01)

Epoch 19/100 | LR: 0.000976 | Time: 42.81s
Train Loss: 0.1282 | Train Acc: 99.85%
Val Loss: 0.2916 | Val Acc: 97.19%

Gradient Chain Statistics:
[PacaGradientChainManager - Gradient Chain Logs]
  Chains Built: True
  Number of Chains: 3
  Current Epoch: 18
  Selected Arms: [2]
  Arm Means: [0.11270780116319656, 0.8193338513374329, 0.4100879728794098]
  Arm Stds: [2.77350115776062, 1.8569533824920654, 1.8569533824920654]
  Arm Observation Counts: [3, 7, 7]
  Last Sampled Values: [-3.3461544513702393, 2.6733813285827637, 4.670161724090576]
------------------------------------------------------------

Reward: -0.12% (normalized: -0.01)

Epoch 20/100 | LR: 0.000970 | Time: 42.76s
Train Loss: 0.1075 | Train Acc: 99.89%
Val Loss: 0.2760 | Val Acc: 97.07%

Gradient Chain Statistics:
[PacaGradientChainManager - Gradient Chain Logs]
  Chains Built: True
  Number of Chains: 3
  Current Epoch: 19
  Selected Arms: [0]
  Arm Means: [0.11270780116319656, 0.8193338513374329, 0.3589003384113312]
  Arm Stds: [2.77350115776062, 1.8569533824920654, 1.740776538848877]
  Arm Observation Counts: [3, 7, 8]
  Last Sampled Values: [6.075657844543457, -1.3067400455474854, -0.9467768669128418]
------------------------------------------------------------

Reward: -0.06% (normalized: -0.01)

Epoch 21/100 | LR: 0.000964 | Time: 42.79s
Train Loss: 0.0963 | Train Acc: 99.94%
Val Loss: 0.2684 | Val Acc: 97.01%

Gradient Chain Statistics:
[PacaGradientChainManager - Gradient Chain Logs]
  Chains Built: True
  Number of Chains: 3
  Current Epoch: 20
  Selected Arms: [1]
  Arm Means: [0.08475184440612793, 0.8193338513374329, 0.3589003384113312]
  Arm Stds: [2.425356388092041, 1.8569533824920654, 1.740776538848877]
  Arm Observation Counts: [4, 7, 8]
  Last Sampled Values: [-0.5533705949783325, 0.9983630180358887, 0.26320379972457886]
------------------------------------------------------------

Reward: 0.31% (normalized: 0.03)

Epoch 22/100 | LR: 0.000957 | Time: 42.80s
Train Loss: 0.0776 | Train Acc: 99.94%
Val Loss: 0.2442 | Val Acc: 97.31%

Gradient Chain Statistics:
[PacaGradientChainManager - Gradient Chain Logs]
  Chains Built: True
  Number of Chains: 3
  Current Epoch: 21
  Selected Arms: [1]
  Arm Means: [0.08475184440612793, 0.7237206697463989, 0.3589003384113312]
  Arm Stds: [2.425356388092041, 1.740776538848877, 1.740776538848877]
  Arm Observation Counts: [4, 8, 8]
  Last Sampled Values: [0.5766474008560181, 3.252382755279541, 2.369004487991333]
------------------------------------------------------------

Reward: -0.12% (normalized: -0.01)

Epoch 23/100 | LR: 0.000949 | Time: 42.79s
Train Loss: 0.0693 | Train Acc: 99.97%
Val Loss: 0.2364 | Val Acc: 97.19%

Gradient Chain Statistics:
[PacaGradientChainManager - Gradient Chain Logs]
  Chains Built: True
  Number of Chains: 3
  Current Epoch: 22
  Selected Arms: [0]
  Arm Means: [0.08475184440612793, 0.6441605687141418, 0.3589003384113312]
  Arm Stds: [2.425356388092041, 1.64398992061615, 1.740776538848877]
  Arm Observation Counts: [4, 9, 8]
  Last Sampled Values: [1.9964522123336792, 1.5280961990356445, -0.42419639229774475]
------------------------------------------------------------

Reward: 0.06% (normalized: 0.01)

Epoch 24/100 | LR: 0.000941 | Time: 42.83s
Train Loss: 0.0610 | Train Acc: 99.98%
Val Loss: 0.2271 | Val Acc: 97.25%

Gradient Chain Statistics:
[PacaGradientChainManager - Gradient Chain Logs]
  Chains Built: True
  Number of Chains: 3
  Current Epoch: 23
  Selected Arms: [2]
  Arm Means: [0.06977149099111557, 0.6441605687141418, 0.3589003384113312]
  Arm Stds: [2.1821789741516113, 1.64398992061615, 1.740776538848877]
  Arm Observation Counts: [5, 9, 8]
  Last Sampled Values: [-3.303363561630249, -0.9225422739982605, 1.4776842594146729]
------------------------------------------------------------

Reward: 0.43% (normalized: 0.04)

Epoch 25/100 | LR: 0.000933 | Time: 42.79s
Train Loss: 0.0570 | Train Acc: 99.97%
Val Loss: 0.2179 | Val Acc: 97.68%

Gradient Chain Statistics:
[PacaGradientChainManager - Gradient Chain Logs]
  Chains Built: True
  Number of Chains: 3
  Current Epoch: 24
  Selected Arms: [1]
  Arm Means: [0.06977149099111557, 0.6441605687141418, 0.3247202932834625]
  Arm Stds: [2.1821789741516113, 1.64398992061615, 1.64398992061615]
  Arm Observation Counts: [5, 9, 9]
  Last Sampled Values: [2.55764102935791, 3.5450611114501953, -1.0145944356918335]
------------------------------------------------------------

Reward: -0.31% (normalized: -0.03)

Epoch 26/100 | LR: 0.000924 | Time: 42.80s
Train Loss: 0.0523 | Train Acc: 99.98%
Val Loss: 0.2180 | Val Acc: 97.37%

Gradient Chain Statistics:
[PacaGradientChainManager - Gradient Chain Logs]
  Chains Built: True
  Number of Chains: 3
  Current Epoch: 25
  Selected Arms: [1]
  Arm Means: [0.06977149099111557, 0.5783376097679138, 0.3247202932834625]
  Arm Stds: [2.1821789741516113, 1.5617376565933228, 1.64398992061615]
  Arm Observation Counts: [5, 10, 9]
  Last Sampled Values: [0.9492166638374329, 3.3960275650024414, -0.13813161849975586]
------------------------------------------------------------
No improvement for 1 epoch(s)

Reward: 0.12% (normalized: 0.01)

Epoch 27/100 | LR: 0.000915 | Time: 42.85s
Train Loss: 0.0457 | Train Acc: 99.98%
Val Loss: 0.2071 | Val Acc: 97.50%

Gradient Chain Statistics:
[PacaGradientChainManager - Gradient Chain Logs]
  Chains Built: True
  Number of Chains: 3
  Current Epoch: 26
  Selected Arms: [0]
  Arm Means: [0.06977149099111557, 0.52801513671875, 0.3247202932834625]
  Arm Stds: [2.1821789741516113, 1.49071204662323, 1.64398992061615]
  Arm Observation Counts: [5, 11, 9]
  Last Sampled Values: [2.2697176933288574, -2.114161252975464, -1.2970565557479858]
------------------------------------------------------------

Reward: -0.12% (normalized: -0.01)

Epoch 28/100 | LR: 0.000905 | Time: 42.81s
Train Loss: 0.0427 | Train Acc: 99.97%
Val Loss: 0.2015 | Val Acc: 97.37%

Gradient Chain Statistics:
[PacaGradientChainManager - Gradient Chain Logs]
  Chains Built: True
  Number of Chains: 3
  Current Epoch: 27
  Selected Arms: [1]
  Arm Means: [0.05665444955229759, 0.52801513671875, 0.3247202932834625]
  Arm Stds: [2.0, 1.49071204662323, 1.64398992061615]
  Arm Observation Counts: [6, 11, 9]
  Last Sampled Values: [-2.5566506385803223, 3.1994800567626953, -3.700808048248291]
------------------------------------------------------------

Reward: -0.18% (normalized: -0.02)

Epoch 29/100 | LR: 0.000894 | Time: 42.84s
Train Loss: 0.0392 | Train Acc: 99.98%
Val Loss: 0.1973 | Val Acc: 97.19%

Gradient Chain Statistics:
[PacaGradientChainManager - Gradient Chain Logs]
  Chains Built: True
  Number of Chains: 3
  Current Epoch: 28
  Selected Arms: [0]
  Arm Means: [0.05665444955229759, 0.48341676592826843, 0.3247202932834625]
  Arm Stds: [2.0, 1.4285714626312256, 1.64398992061615]
  Arm Observation Counts: [6, 12, 9]
  Last Sampled Values: [2.377485752105713, -0.9515860080718994, -1.3532207012176514]
------------------------------------------------------------

Reward: 0.43% (normalized: 0.04)

Epoch 30/100 | LR: 0.000883 | Time: 42.80s
Train Loss: 0.0360 | Train Acc: 99.97%
Val Loss: 0.1871 | Val Acc: 97.62%

Gradient Chain Statistics:
[PacaGradientChainManager - Gradient Chain Logs]
  Chains Built: True
  Number of Chains: 3
  Current Epoch: 29
  Selected Arms: [1]
  Arm Means: [0.05473453179001808, 0.48341676592826843, 0.3247202932834625]
  Arm Stds: [1.8569533824920654, 1.4285714626312256, 1.64398992061615]
  Arm Observation Counts: [7, 12, 9]
  Last Sampled Values: [-0.15856729447841644, 0.38008466362953186, 0.14575918018817902]
------------------------------------------------------------

Reward: -0.55% (normalized: -0.05)

Epoch 31/100 | LR: 0.000872 | Time: 42.80s
Train Loss: 0.0385 | Train Acc: 99.98%
Val Loss: 0.1949 | Val Acc: 97.07%

Gradient Chain Statistics:
[PacaGradientChainManager - Gradient Chain Logs]
  Chains Built: True
  Number of Chains: 3
  Current Epoch: 30
  Selected Arms: [1]
  Arm Means: [0.05473453179001808, 0.44278568029403687, 0.3247202932834625]
  Arm Stds: [1.8569533824920654, 1.373605728149414, 1.64398992061615]
  Arm Observation Counts: [7, 13, 9]
  Last Sampled Values: [0.5524740219116211, 2.476445436477661, 2.182178497314453]
------------------------------------------------------------
No improvement for 1 epoch(s)

Reward: 0.49% (normalized: 0.05)

Epoch 32/100 | LR: 0.000860 | Time: 42.78s
Train Loss: 0.0321 | Train Acc: 99.97%
Val Loss: 0.1822 | Val Acc: 97.56%

Gradient Chain Statistics:
[PacaGradientChainManager - Gradient Chain Logs]
  Chains Built: True
  Number of Chains: 3
  Current Epoch: 31
  Selected Arms: [0]
  Arm Means: [0.05473453179001808, 0.4151403605937958, 0.3247202932834625]
  Arm Stds: [1.8569533824920654, 1.324532389640808, 1.64398992061615]
  Arm Observation Counts: [7, 14, 9]
  Last Sampled Values: [2.0066585540771484, 0.3862665891647339, -0.41812780499458313]
------------------------------------------------------------

Reward: 0.00% (normalized: 0.00)

Epoch 33/100 | LR: 0.000847 | Time: 42.80s
Train Loss: 0.0300 | Train Acc: 99.98%
Val Loss: 0.1811 | Val Acc: 97.56%

Gradient Chain Statistics:
[PacaGradientChainManager - Gradient Chain Logs]
  Chains Built: True
  Number of Chains: 3
  Current Epoch: 32
  Selected Arms: [1]
  Arm Means: [0.04810004308819771, 0.4151403605937958, 0.3247202932834625]
  Arm Stds: [1.740776538848877, 1.324532389640808, 1.64398992061615]
  Arm Observation Counts: [8, 14, 9]
  Last Sampled Values: [0.7142383456230164, 1.4844590425491333, -0.5825220346450806]
------------------------------------------------------------

Reward: 0.06% (normalized: 0.01)

Epoch 34/100 | LR: 0.000835 | Time: 42.80s
Train Loss: 0.0279 | Train Acc: 99.97%
Val Loss: 0.1754 | Val Acc: 97.62%

Gradient Chain Statistics:
[PacaGradientChainManager - Gradient Chain Logs]
  Chains Built: True
  Number of Chains: 3
  Current Epoch: 33
  Selected Arms: [1]
  Arm Means: [0.04810004308819771, 0.38831835985183716, 0.3247202932834625]
  Arm Stds: [1.740776538848877, 1.2803688049316406, 1.64398992061615]
  Arm Observation Counts: [8, 15, 9]
  Last Sampled Values: [-1.1594125032424927, 0.3207705616950989, -0.9070214033126831]
------------------------------------------------------------

Reward: -0.37% (normalized: -0.04)

Epoch 35/100 | LR: 0.000821 | Time: 42.80s
Train Loss: 0.0260 | Train Acc: 99.98%
Val Loss: 0.1782 | Val Acc: 97.25%

Gradient Chain Statistics:
[PacaGradientChainManager - Gradient Chain Logs]
  Chains Built: True
  Number of Chains: 3
  Current Epoch: 34
  Selected Arms: [2]
  Arm Means: [0.04810004308819771, 0.36216768622398376, 0.3247202932834625]
  Arm Stds: [1.740776538848877, 1.2403473854064941, 1.64398992061615]
  Arm Observation Counts: [8, 16, 9]
  Last Sampled Values: [0.41308480501174927, 2.5076491832733154, 3.014505386352539]
------------------------------------------------------------
No improvement for 1 epoch(s)

Reward: 0.12% (normalized: 0.01)

Epoch 36/100 | LR: 0.000808 | Time: 42.76s
Train Loss: 0.0259 | Train Acc: 99.98%
Val Loss: 0.1759 | Val Acc: 97.37%

Gradient Chain Statistics:
[PacaGradientChainManager - Gradient Chain Logs]
  Chains Built: True
  Number of Chains: 3
  Current Epoch: 35
  Selected Arms: [0]
  Arm Means: [0.04810004308819771, 0.36216768622398376, 0.29423147439956665]
  Arm Stds: [1.740776538848877, 1.2403473854064941, 1.5617376565933228]
  Arm Observation Counts: [8, 16, 10]
  Last Sampled Values: [1.3902333974838257, 1.1797542572021484, 1.3388519287109375]
------------------------------------------------------------
No improvement for 2 epoch(s)

Reward: 0.06% (normalized: 0.01)

Epoch 37/100 | LR: 0.000794 | Time: 42.79s
Train Loss: 0.0240 | Train Acc: 99.98%
Val Loss: 0.1694 | Val Acc: 97.44%

Gradient Chain Statistics:
[PacaGradientChainManager - Gradient Chain Logs]
  Chains Built: True
  Number of Chains: 3
  Current Epoch: 36
  Selected Arms: [1]
  Arm Means: [0.04356003925204277, 0.36216768622398376, 0.29423147439956665]
  Arm Stds: [1.64398992061615, 1.2403473854064941, 1.5617376565933228]
  Arm Observation Counts: [9, 16, 10]
  Last Sampled Values: [1.2987339496612549, 1.592778205871582, -1.269374132156372]
------------------------------------------------------------

Reward: -0.18% (normalized: -0.02)

Epoch 38/100 | LR: 0.000780 | Time: 42.82s
Train Loss: 0.0228 | Train Acc: 99.98%
Val Loss: 0.1726 | Val Acc: 97.25%

Gradient Chain Statistics:
[PacaGradientChainManager - Gradient Chain Logs]
  Chains Built: True
  Number of Chains: 3
  Current Epoch: 37
  Selected Arms: [0]
  Arm Means: [0.04356003925204277, 0.340110719203949, 0.29423147439956665]
  Arm Stds: [1.64398992061615, 1.2038586139678955, 1.5617376565933228]
  Arm Observation Counts: [9, 17, 10]
  Last Sampled Values: [0.3566139042377472, -0.6750953793525696, -0.14984840154647827]
------------------------------------------------------------
No improvement for 1 epoch(s)

Reward: 0.12% (normalized: 0.01)

Epoch 39/100 | LR: 0.000765 | Time: 42.79s
Train Loss: 0.0218 | Train Acc: 99.98%
Val Loss: 0.1637 | Val Acc: 97.37%

Gradient Chain Statistics:
[PacaGradientChainManager - Gradient Chain Logs]
  Chains Built: True
  Number of Chains: 3
  Current Epoch: 38
  Selected Arms: [0]
  Arm Means: [0.04050150141119957, 0.340110719203949, 0.29423147439956665]
  Arm Stds: [1.5617376565933228, 1.2038586139678955, 1.5617376565933228]
  Arm Observation Counts: [10, 17, 10]
  Last Sampled Values: [2.006574869155884, 0.09760016202926636, -0.5276516079902649]
------------------------------------------------------------

Reward: 0.24% (normalized: 0.02)

Epoch 40/100 | LR: 0.000750 | Time: 42.80s
Train Loss: 0.0220 | Train Acc: 99.98%
Val Loss: 0.1668 | Val Acc: 97.62%

Gradient Chain Statistics:
[PacaGradientChainManager - Gradient Chain Logs]
  Chains Built: True
  Number of Chains: 3
  Current Epoch: 39
  Selected Arms: [2]
  Arm Means: [0.03907203674316406, 0.340110719203949, 0.29423147439956665]
  Arm Stds: [1.49071204662323, 1.2038586139678955, 1.5617376565933228]
  Arm Observation Counts: [11, 17, 10]
  Last Sampled Values: [0.27875077724456787, 0.6931525468826294, 2.704535961151123]
------------------------------------------------------------
No improvement for 1 epoch(s)

Reward: -0.37% (normalized: -0.04)

Epoch 41/100 | LR: 0.000735 | Time: 42.82s
Train Loss: 0.0199 | Train Acc: 99.97%
Val Loss: 0.1653 | Val Acc: 97.25%

Gradient Chain Statistics:
[PacaGradientChainManager - Gradient Chain Logs]
  Chains Built: True
  Number of Chains: 3
  Current Epoch: 40
  Selected Arms: [2]
  Arm Means: [0.03907203674316406, 0.340110719203949, 0.2648215591907501]
  Arm Stds: [1.49071204662323, 1.2038586139678955, 1.49071204662323]
  Arm Observation Counts: [11, 17, 11]
  Last Sampled Values: [-1.3343067169189453, 0.5998225212097168, 0.9406367540359497]
------------------------------------------------------------
No improvement for 2 epoch(s)

Reward: 0.24% (normalized: 0.02)

Epoch 42/100 | LR: 0.000719 | Time: 42.89s
Train Loss: 0.0189 | Train Acc: 99.97%
Val Loss: 0.1567 | Val Acc: 97.50%

Gradient Chain Statistics:
[PacaGradientChainManager - Gradient Chain Logs]
  Chains Built: True
  Number of Chains: 3
  Current Epoch: 41
  Selected Arms: [2]
  Arm Means: [0.03907203674316406, 0.340110719203949, 0.24519693851470947]
  Arm Stds: [1.49071204662323, 1.2038586139678955, 1.4285714626312256]
  Arm Observation Counts: [11, 17, 12]
  Last Sampled Values: [1.9486228227615356, 0.028825759887695312, 2.95033597946167]
------------------------------------------------------------

Reward: -0.12% (normalized: -0.01)

Epoch 43/100 | LR: 0.000703 | Time: 42.82s
Train Loss: 0.0183 | Train Acc: 99.98%
Val Loss: 0.1587 | Val Acc: 97.37%

Gradient Chain Statistics:
[PacaGradientChainManager - Gradient Chain Logs]
  Chains Built: True
  Number of Chains: 3
  Current Epoch: 42
  Selected Arms: [0]
  Arm Means: [0.03907203674316406, 0.340110719203949, 0.2257699966430664]
  Arm Stds: [1.49071204662323, 1.2038586139678955, 1.373605728149414]
  Arm Observation Counts: [11, 17, 13]
  Last Sampled Values: [2.1792280673980713, 0.8238295912742615, 1.6186407804489136]
------------------------------------------------------------
No improvement for 1 epoch(s)

Reward: 0.06% (normalized: 0.01)

Epoch 44/100 | LR: 0.000687 | Time: 42.84s
Train Loss: 0.0190 | Train Acc: 99.97%
Val Loss: 0.1645 | Val Acc: 97.44%

Gradient Chain Statistics:
[PacaGradientChainManager - Gradient Chain Logs]
  Chains Built: True
  Number of Chains: 3
  Current Epoch: 43
  Selected Arms: [1]
  Arm Means: [0.03638084977865219, 0.340110719203949, 0.2257699966430664]
  Arm Stds: [1.4285714626312256, 1.2038586139678955, 1.373605728149414]
  Arm Observation Counts: [12, 17, 13]
  Last Sampled Values: [-0.3503287732601166, 0.9575488567352295, -0.36710673570632935]
------------------------------------------------------------
No improvement for 2 epoch(s)

Reward: -0.31% (normalized: -0.03)

Epoch 45/100 | LR: 0.000671 | Time: 42.83s
Train Loss: 0.0165 | Train Acc: 99.98%
Val Loss: 0.1737 | Val Acc: 97.13%

Gradient Chain Statistics:
[PacaGradientChainManager - Gradient Chain Logs]
  Chains Built: True
  Number of Chains: 3
  Current Epoch: 44
  Selected Arms: [0]
  Arm Means: [0.03638084977865219, 0.3198018968105316, 0.2257699966430664]
  Arm Stds: [1.4285714626312256, 1.1704115867614746, 1.373605728149414]
  Arm Observation Counts: [12, 18, 13]
  Last Sampled Values: [3.7798094749450684, 0.7019038796424866, 1.05586576461792]
------------------------------------------------------------
No improvement for 3 epoch(s)

Reward: 0.43% (normalized: 0.04)

Epoch 46/100 | LR: 0.000655 | Time: 42.85s
Train Loss: 0.0160 | Train Acc: 99.98%
Val Loss: 0.1577 | Val Acc: 97.56%

Gradient Chain Statistics:
[PacaGradientChainManager - Gradient Chain Logs]
  Chains Built: True
  Number of Chains: 3
  Current Epoch: 45
  Selected Arms: [2]
  Arm Means: [0.03686041012406349, 0.3198018968105316, 0.2257699966430664]
  Arm Stds: [1.373605728149414, 1.1704115867614746, 1.373605728149414]
  Arm Observation Counts: [13, 18, 13]
  Last Sampled Values: [1.6400492191314697, 1.17668879032135, 2.8076558113098145]
------------------------------------------------------------
No improvement for 4 epoch(s)

Reward: -0.31% (normalized: -0.03)

Epoch 47/100 | LR: 0.000638 | Time: 42.84s
Train Loss: 0.0152 | Train Acc: 99.98%
Val Loss: 0.1597 | Val Acc: 97.25%

Gradient Chain Statistics:
[PacaGradientChainManager - Gradient Chain Logs]
  Chains Built: True
  Number of Chains: 3
  Current Epoch: 46
  Selected Arms: [2]
  Arm Means: [0.03686041012406349, 0.3198018968105316, 0.20778438448905945]
  Arm Stds: [1.373605728149414, 1.1704115867614746, 1.324532389640808]
  Arm Observation Counts: [13, 18, 14]
  Last Sampled Values: [-0.10840441286563873, 1.041342854499817, 1.4497109651565552]
------------------------------------------------------------
No improvement for 5 epoch(s)

Reward: 0.43% (normalized: 0.04)

Epoch 48/100 | LR: 0.000621 | Time: 42.79s
Train Loss: 0.0154 | Train Acc: 99.97%
Val Loss: 0.1498 | Val Acc: 97.68%

Gradient Chain Statistics:
[PacaGradientChainManager - Gradient Chain Logs]
  Chains Built: True
  Number of Chains: 3
  Current Epoch: 47
  Selected Arms: [2]
  Arm Means: [0.03686041012406349, 0.3198018968105316, 0.19696147739887238]
  Arm Stds: [1.373605728149414, 1.1704115867614746, 1.2803688049316406]
  Arm Observation Counts: [13, 18, 15]
  Last Sampled Values: [-0.6273267865180969, -1.2525404691696167, 0.848474383354187]
------------------------------------------------------------

Reward: -0.06% (normalized: -0.01)

Epoch 49/100 | LR: 0.000604 | Time: 42.82s
Train Loss: 0.0144 | Train Acc: 99.97%
Val Loss: 0.1504 | Val Acc: 97.62%

Gradient Chain Statistics:
[PacaGradientChainManager - Gradient Chain Logs]
  Chains Built: True
  Number of Chains: 3
  Current Epoch: 48
  Selected Arms: [0]
  Arm Means: [0.03686041012406349, 0.3198018968105316, 0.18446508049964905]
  Arm Stds: [1.373605728149414, 1.1704115867614746, 1.2403473854064941]
  Arm Observation Counts: [13, 18, 16]
  Last Sampled Values: [1.4178259372711182, 0.8058578968048096, -0.9667168855667114]
------------------------------------------------------------
No improvement for 1 epoch(s)

Reward: -0.37% (normalized: -0.04)

Epoch 50/100 | LR: 0.000587 | Time: 42.84s
Train Loss: 0.0137 | Train Acc: 99.98%
Val Loss: 0.1634 | Val Acc: 97.25%

Gradient Chain Statistics:
[PacaGradientChainManager - Gradient Chain Logs]
  Chains Built: True
  Number of Chains: 3
  Current Epoch: 49
  Selected Arms: [2]
  Arm Means: [0.03170318529009819, 0.3198018968105316, 0.18446508049964905]
  Arm Stds: [1.324532389640808, 1.1704115867614746, 1.2403473854064941]
  Arm Observation Counts: [14, 18, 16]
  Last Sampled Values: [-0.8342496156692505, -1.3652992248535156, -0.7951017618179321]
------------------------------------------------------------
No improvement for 2 epoch(s)

Reward: 0.43% (normalized: 0.04)

Epoch 51/100 | LR: 0.000570 | Time: 42.83s
Train Loss: 0.0136 | Train Acc: 99.97%
Val Loss: 0.1485 | Val Acc: 97.68%

Gradient Chain Statistics:
[PacaGradientChainManager - Gradient Chain Logs]
  Chains Built: True
  Number of Chains: 3
  Current Epoch: 50
  Selected Arms: [0]
  Arm Means: [0.03170318529009819, 0.3198018968105316, 0.17624884843826294]
  Arm Stds: [1.324532389640808, 1.1704115867614746, 1.2038586139678955]
  Arm Observation Counts: [14, 18, 17]
  Last Sampled Values: [0.33093124628067017, -0.9405021667480469, -0.9735828042030334]
------------------------------------------------------------

Reward: -0.31% (normalized: -0.03)

Epoch 52/100 | LR: 0.000552 | Time: 42.83s
Train Loss: 0.0131 | Train Acc: 99.98%
Val Loss: 0.1474 | Val Acc: 97.37%

Gradient Chain Statistics:
[PacaGradientChainManager - Gradient Chain Logs]
  Chains Built: True
  Number of Chains: 3
  Current Epoch: 51
  Selected Arms: [2]
  Arm Means: [0.0276226457208395, 0.3198018968105316, 0.17624884843826294]
  Arm Stds: [1.2803688049316406, 1.1704115867614746, 1.2038586139678955]
  Arm Observation Counts: [15, 18, 17]
  Last Sampled Values: [-1.3861643075942993, 0.8502256870269775, 1.060276985168457]
------------------------------------------------------------

Reward: 0.06% (normalized: 0.01)

Epoch 53/100 | LR: 0.000535 | Time: 42.81s
Train Loss: 0.0133 | Train Acc: 99.98%
Val Loss: 0.1474 | Val Acc: 97.44%

Gradient Chain Statistics:
[PacaGradientChainManager - Gradient Chain Logs]
  Chains Built: True
  Number of Chains: 3
  Current Epoch: 52
  Selected Arms: [0]
  Arm Means: [0.0276226457208395, 0.3198018968105316, 0.16692589223384857]
  Arm Stds: [1.2803688049316406, 1.1704115867614746, 1.1704115867614746]
  Arm Observation Counts: [15, 18, 18]
  Last Sampled Values: [1.3603498935699463, 0.8644105195999146, -2.3546693325042725]
------------------------------------------------------------

Reward: -0.06% (normalized: -0.01)

Epoch 54/100 | LR: 0.000517 | Time: 42.87s
Train Loss: 0.0121 | Train Acc: 99.97%
Val Loss: 0.1491 | Val Acc: 97.37%

Gradient Chain Statistics:
[PacaGradientChainManager - Gradient Chain Logs]
  Chains Built: True
  Number of Chains: 3
  Current Epoch: 53
  Selected Arms: [0]
  Arm Means: [0.025547098368406296, 0.3198018968105316, 0.16692589223384857]
  Arm Stds: [1.2403473854064941, 1.1704115867614746, 1.1704115867614746]
  Arm Observation Counts: [16, 18, 18]
  Last Sampled Values: [0.9661087393760681, -0.17147234082221985, -0.9868248701095581]
------------------------------------------------------------
No improvement for 1 epoch(s)

Reward: -0.12% (normalized: -0.01)

Epoch 55/100 | LR: 0.000500 | Time: 42.82s
Train Loss: 0.0118 | Train Acc: 99.97%
Val Loss: 0.1454 | Val Acc: 97.25%

Gradient Chain Statistics:
[PacaGradientChainManager - Gradient Chain Logs]
  Chains Built: True
  Number of Chains: 3
  Current Epoch: 54
  Selected Arms: [1]
  Arm Means: [0.023358279839158058, 0.3198018968105316, 0.16692589223384857]
  Arm Stds: [1.2038586139678955, 1.1704115867614746, 1.1704115867614746]
  Arm Observation Counts: [17, 18, 18]
  Last Sampled Values: [-0.5185388922691345, 1.1735576391220093, 0.3516276478767395]
------------------------------------------------------------

Reward: 0.00% (normalized: 0.00)

Epoch 56/100 | LR: 0.000483 | Time: 42.84s
Train Loss: 0.0118 | Train Acc: 99.98%
Val Loss: 0.1474 | Val Acc: 97.25%

Gradient Chain Statistics:
[PacaGradientChainManager - Gradient Chain Logs]
  Chains Built: True
  Number of Chains: 3
  Current Epoch: 55
  Selected Arms: [0]
  Arm Means: [0.023358279839158058, 0.3031888008117676, 0.16692589223384857]
  Arm Stds: [1.2038586139678955, 1.1396058797836304, 1.1704115867614746]
  Arm Observation Counts: [17, 19, 18]
  Last Sampled Values: [0.7947828769683838, -0.42369288206100464, 0.1855621635913849]
------------------------------------------------------------
No improvement for 1 epoch(s)

Reward: 0.00% (normalized: 0.00)

Epoch 57/100 | LR: 0.000465 | Time: 42.84s
Train Loss: 0.0113 | Train Acc: 99.97%
Val Loss: 0.1439 | Val Acc: 97.25%

Gradient Chain Statistics:
[PacaGradientChainManager - Gradient Chain Logs]
  Chains Built: True
  Number of Chains: 3
  Current Epoch: 56
  Selected Arms: [2]
  Arm Means: [0.0220783744007349, 0.3031888008117676, 0.16692589223384857]
  Arm Stds: [1.1704115867614746, 1.1396058797836304, 1.1704115867614746]
  Arm Observation Counts: [18, 19, 18]
  Last Sampled Values: [-1.5384266376495361, 0.9713397026062012, 1.440271258354187]
------------------------------------------------------------

Reward: 0.06% (normalized: 0.01)

Epoch 58/100 | LR: 0.000448 | Time: 42.88s
Train Loss: 0.0108 | Train Acc: 99.97%
Val Loss: 0.1487 | Val Acc: 97.31%

Gradient Chain Statistics:
[PacaGradientChainManager - Gradient Chain Logs]
  Chains Built: True
  Number of Chains: 3
  Current Epoch: 57
  Selected Arms: [0]
  Arm Means: [0.0220783744007349, 0.3031888008117676, 0.15857155621051788]
  Arm Stds: [1.1704115867614746, 1.1396058797836304, 1.1396058797836304]
  Arm Observation Counts: [18, 19, 19]
  Last Sampled Values: [2.144315719604492, -1.2542414665222168, 1.314467430114746]
------------------------------------------------------------
No improvement for 1 epoch(s)

Reward: 0.00% (normalized: 0.00)

Epoch 59/100 | LR: 0.000430 | Time: 42.80s
Train Loss: 0.0108 | Train Acc: 99.98%
Val Loss: 0.1462 | Val Acc: 97.31%

Gradient Chain Statistics:
[PacaGradientChainManager - Gradient Chain Logs]
  Chains Built: True
  Number of Chains: 3
  Current Epoch: 58
  Selected Arms: [0]
  Arm Means: [0.020931445062160492, 0.3031888008117676, 0.15857155621051788]
  Arm Stds: [1.1396058797836304, 1.1396058797836304, 1.1396058797836304]
  Arm Observation Counts: [19, 19, 19]
  Last Sampled Values: [1.297194480895996, 0.5807528495788574, 0.10464844107627869]
------------------------------------------------------------
No improvement for 2 epoch(s)

Reward: 0.06% (normalized: 0.01)

Epoch 60/100 | LR: 0.000413 | Time: 42.75s
Train Loss: 0.0103 | Train Acc: 99.98%
Val Loss: 0.1534 | Val Acc: 97.37%

Gradient Chain Statistics:
[PacaGradientChainManager - Gradient Chain Logs]
  Chains Built: True
  Number of Chains: 3
  Current Epoch: 59
  Selected Arms: [1]
  Arm Means: [0.020199274644255638, 0.3031888008117676, 0.15857155621051788]
  Arm Stds: [1.1111111640930176, 1.1396058797836304, 1.1396058797836304]
  Arm Observation Counts: [20, 19, 19]
  Last Sampled Values: [-2.260723114013672, 1.5776292085647583, -0.09317539632320404]
------------------------------------------------------------
No improvement for 3 epoch(s)

Reward: -0.24% (normalized: -0.02)

Epoch 61/100 | LR: 0.000396 | Time: 42.81s
Train Loss: 0.0102 | Train Acc: 99.98%
Val Loss: 0.1442 | Val Acc: 97.13%

Gradient Chain Statistics:
[PacaGradientChainManager - Gradient Chain Logs]
  Chains Built: True
  Number of Chains: 3
  Current Epoch: 60
  Selected Arms: [1]
  Arm Means: [0.020199274644255638, 0.2870105803012848, 0.15857155621051788]
  Arm Stds: [1.1111111640930176, 1.1111111640930176, 1.1396058797836304]
  Arm Observation Counts: [20, 20, 19]
  Last Sampled Values: [0.5787595510482788, 1.2426649332046509, 0.8401503562927246]
------------------------------------------------------------
No improvement for 4 epoch(s)

Reward: -0.06% (normalized: -0.01)

Epoch 62/100 | LR: 0.000379 | Time: 42.83s
Train Loss: 0.0101 | Train Acc: 99.97%
Val Loss: 0.1446 | Val Acc: 97.07%

Gradient Chain Statistics:
[PacaGradientChainManager - Gradient Chain Logs]
  Chains Built: True
  Number of Chains: 3
  Current Epoch: 61
  Selected Arms: [1]
  Arm Means: [0.020199274644255638, 0.2732169032096863, 0.15857155621051788]
  Arm Stds: [1.1111111640930176, 1.084652304649353, 1.1396058797836304]
  Arm Observation Counts: [20, 21, 19]
  Last Sampled Values: [-0.3759911358356476, 0.8152626156806946, 0.3117016553878784]
------------------------------------------------------------
No improvement for 5 epoch(s)

Reward: 0.00% (normalized: 0.00)

Epoch 63/100 | LR: 0.000362 | Time: 42.86s
Train Loss: 0.0097 | Train Acc: 99.97%
Val Loss: 0.1426 | Val Acc: 97.07%

Gradient Chain Statistics:
[PacaGradientChainManager - Gradient Chain Logs]
  Chains Built: True
  Number of Chains: 3
  Current Epoch: 62
  Selected Arms: [1]
  Arm Means: [0.020199274644255638, 0.26093748211860657, 0.15857155621051788]
  Arm Stds: [1.1111111640930176, 1.0599979162216187, 1.1396058797836304]
  Arm Observation Counts: [20, 22, 19]
  Last Sampled Values: [-0.7993333339691162, 1.4529184103012085, -0.7336949110031128]
------------------------------------------------------------

Reward: 0.18% (normalized: 0.02)

Epoch 64/100 | LR: 0.000345 | Time: 42.82s
Train Loss: 0.0099 | Train Acc: 99.98%
Val Loss: 0.1402 | Val Acc: 97.25%

Gradient Chain Statistics:
[PacaGradientChainManager - Gradient Chain Logs]
  Chains Built: True
  Number of Chains: 3
  Current Epoch: 63
  Selected Arms: [2]
  Arm Means: [0.020199274644255638, 0.2505021095275879, 0.15857155621051788]
  Arm Stds: [1.1111111640930176, 1.0369516611099243, 1.1396058797836304]
  Arm Observation Counts: [20, 23, 19]
  Last Sampled Values: [-0.7254340648651123, 0.4331233501434326, 0.5713915228843689]
------------------------------------------------------------

Reward: -0.06% (normalized: -0.01)

Epoch 65/100 | LR: 0.000329 | Time: 42.83s
Train Loss: 0.0095 | Train Acc: 99.97%
Val Loss: 0.1434 | Val Acc: 97.19%

Gradient Chain Statistics:
[PacaGradientChainManager - Gradient Chain Logs]
  Chains Built: True
  Number of Chains: 3
  Current Epoch: 64
  Selected Arms: [1]
  Arm Means: [0.020199274644255638, 0.2505021095275879, 0.15043938159942627]
  Arm Stds: [1.1111111640930176, 1.0369516611099243, 1.1111111640930176]
  Arm Observation Counts: [20, 23, 20]
  Last Sampled Values: [-1.7491375207901, 0.9764076471328735, -0.1782779097557068]
------------------------------------------------------------
No improvement for 1 epoch(s)

Reward: 0.18% (normalized: 0.02)

Epoch 66/100 | LR: 0.000313 | Time: 42.83s
Train Loss: 0.0090 | Train Acc: 99.97%
Val Loss: 0.1430 | Val Acc: 97.37%

Gradient Chain Statistics:
[PacaGradientChainManager - Gradient Chain Logs]
  Chains Built: True
  Number of Chains: 3
  Current Epoch: 65
  Selected Arms: [1]
  Arm Means: [0.020199274644255638, 0.24092738330364227, 0.15043938159942627]
  Arm Stds: [1.1111111640930176, 1.0153461694717407, 1.1111111640930176]
  Arm Observation Counts: [20, 24, 20]
  Last Sampled Values: [-1.4839409589767456, 0.37412768602371216, 0.16965122520923615]
------------------------------------------------------------
No improvement for 2 epoch(s)

Reward: -0.06% (normalized: -0.01)

Epoch 67/100 | LR: 0.000297 | Time: 42.80s
Train Loss: 0.0089 | Train Acc: 99.98%
Val Loss: 0.1433 | Val Acc: 97.31%

Gradient Chain Statistics:
[PacaGradientChainManager - Gradient Chain Logs]
  Chains Built: True
  Number of Chains: 3
  Current Epoch: 66
  Selected Arms: [0]
  Arm Means: [0.020199274644255638, 0.23114392161369324, 0.15043938159942627]
  Arm Stds: [1.1111111640930176, 0.9950371980667114, 1.1111111640930176]
  Arm Observation Counts: [20, 25, 20]
  Last Sampled Values: [0.9477227330207825, -0.41495445370674133, 0.32169610261917114]
------------------------------------------------------------
No improvement for 3 epoch(s)

Reward: -0.24% (normalized: -0.02)

Epoch 68/100 | LR: 0.000281 | Time: 42.77s
Train Loss: 0.0089 | Train Acc: 99.97%
Val Loss: 0.1412 | Val Acc: 97.07%

Gradient Chain Statistics:
[PacaGradientChainManager - Gradient Chain Logs]
  Chains Built: True
  Number of Chains: 3
  Current Epoch: 67
  Selected Arms: [0]
  Arm Means: [0.01809954270720482, 0.23114392161369324, 0.15043938159942627]
  Arm Stds: [1.084652304649353, 0.9950371980667114, 1.1111111640930176]
  Arm Observation Counts: [21, 25, 20]
  Last Sampled Values: [2.705949306488037, 0.9146713018417358, 0.0652749091386795]
------------------------------------------------------------
No improvement for 4 epoch(s)

Reward: 0.18% (normalized: 0.02)

Epoch 69/100 | LR: 0.000265 | Time: 42.82s
Train Loss: 0.0087 | Train Acc: 99.97%
Val Loss: 0.1416 | Val Acc: 97.25%

Gradient Chain Statistics:
[PacaGradientChainManager - Gradient Chain Logs]
  Chains Built: True
  Number of Chains: 3
  Current Epoch: 68
  Selected Arms: [2]
  Arm Means: [0.01810922659933567, 0.23114392161369324, 0.15043938159942627]
  Arm Stds: [1.0599979162216187, 0.9950371980667114, 1.1111111640930176]
  Arm Observation Counts: [22, 25, 20]
  Last Sampled Values: [-0.14264358580112457, -0.5288889408111572, 0.1494680643081665]
------------------------------------------------------------
No improvement for 5 epoch(s)

Reward: -0.12% (normalized: -0.01)

Epoch 70/100 | LR: 0.000250 | Time: 42.82s
Train Loss: 0.0084 | Train Acc: 99.98%
Val Loss: 0.1519 | Val Acc: 97.13%

Gradient Chain Statistics:
[PacaGradientChainManager - Gradient Chain Logs]
  Chains Built: True
  Number of Chains: 3
  Current Epoch: 69
  Selected Arms: [2]
  Arm Means: [0.01810922659933567, 0.23114392161369324, 0.14278529584407806]
  Arm Stds: [1.0599979162216187, 0.9950371980667114, 1.084652304649353]
  Arm Observation Counts: [22, 25, 21]
  Last Sampled Values: [0.3902758061885834, 0.2351667881011963, 0.736201286315918]
------------------------------------------------------------
No improvement for 6 epoch(s)

Reward: 0.06% (normalized: 0.01)

Epoch 71/100 | LR: 0.000235 | Time: 42.83s
Train Loss: 0.0084 | Train Acc: 99.98%
Val Loss: 0.1418 | Val Acc: 97.19%

Gradient Chain Statistics:
[PacaGradientChainManager - Gradient Chain Logs]
  Chains Built: True
  Number of Chains: 3
  Current Epoch: 70
  Selected Arms: [2]
  Arm Means: [0.01810922659933567, 0.23114392161369324, 0.13664236664772034]
  Arm Stds: [1.0599979162216187, 0.9950371980667114, 1.0599979162216187]
  Arm Observation Counts: [22, 25, 22]
  Last Sampled Values: [-1.1342601776123047, 0.6202726364135742, 0.8749611377716064]
------------------------------------------------------------
No improvement for 7 epoch(s)
Early stopping triggered after 71 epochs.
Total training time: 3040.52 seconds
Average time per epoch: 42.82 seconds

============================================================
Training completed!
============================================================
Using device: cuda
============================================================
Vision Transformer Fine-tuning on Flowers-102
Using Gradient Chain Selection - Rank 16
============================================================
Using random seed: 6240

Loading dataset...
--- Flowers-102 Dataset (Custom 80/20 Split) ---
Total images from all splits: 8189
Custom training set size (80%): 6551
Custom testing set size (20%): 1638

Creating ViT model for 102 classes...

PEFT config: PacaConfig(peft_type=<PeftType.PACA: 'PACA'>, auto_mapping=None, base_model_name_or_path=None, revision=None, task_type=<TaskType.FEATURE_EXTRACTION: 'FEATURE_EXTRACTION'>, inference_mode=False, r=16, target_modules={'mlp.0', 'out_proj', 'mlp.3'}, paca_alpha=32, fan_in_fan_out=False, bias='all', modules_to_save=['head'], layers_to_transform=None, layers_pattern=None, rank_pattern={}, alpha_pattern={}, megatron_config=None, megatron_core='megatron.core', layer_replication=None, gradient_accumulation_steps=1, steps_per_epoch=103, arm_distribution='gradient_chain', num_arms=3, num_arms_to_select=1, ucb_alpha=0.5, use_fixed_indices=False, arm_selection_method='thompson', thompson_distribution='gaussian', thompson_alpha_prior=1.0, thompson_beta_prior=1.0, thompson_gaussian_prior_mean=0.0, thompson_gaussian_prior_std=10.0, thompson_gaussian_noise_std=5.0, gradient_chain_warmup_epochs=2, gradient_chain_num_samples=5)
Total parameters: 149,656,524
Trainable parameters: 987,852 (0.66%)
Frozen parameters: 148,668,672 (99.34%)

============================================================
Fine-tuning ViT using Gradient Chain Selection:
============================================================
Calculating initial validation accuracy...
Initial Val Acc: 0.73%

Reward: 0.00% (normalized: 0.00)
Gradient chain warmup: 1/2

Epoch 1/100 | LR: 0.000100 | Time: 42.48s
Train Loss: 4.7177 | Train Acc: 0.52%
Val Loss: 4.7083 | Val Acc: 0.73%

Gradient Chain Statistics:
[PacaGradientChainManager - Gradient Chain Logs]
  Chains Built: False
  Number of Chains: 0
  Current Epoch: 0
  Arm Means: [0.0, 0.0, 0.0]
  Arm Stds: [10.0, 10.0, 10.0]
  Arm Observation Counts: [0, 0, 0]
------------------------------------------------------------

Reward: 6.41% (normalized: 0.64)

============================================================
Building Gradient Chains...
============================================================
Sampling 5 batches to estimate gradients...
  Batch 1/5 processed
  Batch 2/5 processed
  Batch 3/5 processed
  Batch 4/5 processed
  Batch 5/5 processed

Averaging gradients across batches...

Building 3 gradient chains...

Chain 0: Starting from neuron 10
  Layer 0 (encoder.layers.encoder_layer_0.mlp.0): input_col=10 -> output_neuron=2437 (grad=0.0001)
  Layer 1 (encoder.layers.encoder_layer_0.mlp.3): input_col=5 -> output_neuron=259 (grad=0.0019)
  Warning: No gradients for layer encoder.layers.encoder_layer_1.self_attention.out_proj, skipping
  Layer 3 (encoder.layers.encoder_layer_1.mlp.0): input_col=3 -> output_neuron=2440 (grad=0.0004)
  Layer 4 (encoder.layers.encoder_layer_1.mlp.3): input_col=8 -> output_neuron=324 (grad=0.0008)
  Warning: No gradients for layer encoder.layers.encoder_layer_2.self_attention.out_proj, skipping
  Layer 6 (encoder.layers.encoder_layer_2.mlp.0): input_col=4 -> output_neuron=2499 (grad=0.0001)
  Layer 7 (encoder.layers.encoder_layer_2.mlp.3): input_col=3 -> output_neuron=9 (grad=0.0000)
  Warning: No gradients for layer encoder.layers.encoder_layer_3.self_attention.out_proj, skipping
  Layer 9 (encoder.layers.encoder_layer_3.mlp.0): input_col=9 -> output_neuron=2529 (grad=0.0008)
  Layer 10 (encoder.layers.encoder_layer_3.mlp.3): input_col=1 -> output_neuron=488 (grad=0.0010)
  Warning: No gradients for layer encoder.layers.encoder_layer_4.self_attention.out_proj, skipping
  Layer 12 (encoder.layers.encoder_layer_4.mlp.0): input_col=8 -> output_neuron=1842 (grad=0.0006)
  Layer 13 (encoder.layers.encoder_layer_4.mlp.3): input_col=2 -> output_neuron=744 (grad=0.0010)
  Warning: No gradients for layer encoder.layers.encoder_layer_5.self_attention.out_proj, skipping
  Layer 15 (encoder.layers.encoder_layer_5.mlp.0): input_col=8 -> output_neuron=877 (grad=0.0019)
  Layer 16 (encoder.layers.encoder_layer_5.mlp.3): input_col=13 -> output_neuron=366 (grad=0.0050)
  Warning: No gradients for layer encoder.layers.encoder_layer_6.self_attention.out_proj, skipping
  Layer 18 (encoder.layers.encoder_layer_6.mlp.0): input_col=14 -> output_neuron=2248 (grad=0.0017)
  Layer 19 (encoder.layers.encoder_layer_6.mlp.3): input_col=8 -> output_neuron=172 (grad=0.0006)
  Warning: No gradients for layer encoder.layers.encoder_layer_7.self_attention.out_proj, skipping
  Layer 21 (encoder.layers.encoder_layer_7.mlp.0): input_col=12 -> output_neuron=461 (grad=0.0015)
  Layer 22 (encoder.layers.encoder_layer_7.mlp.3): input_col=13 -> output_neuron=173 (grad=0.0006)
  Warning: No gradients for layer encoder.layers.encoder_layer_8.self_attention.out_proj, skipping
  Layer 24 (encoder.layers.encoder_layer_8.mlp.0): input_col=13 -> output_neuron=1905 (grad=0.0006)
  Layer 25 (encoder.layers.encoder_layer_8.mlp.3): input_col=1 -> output_neuron=621 (grad=0.0014)
  Warning: No gradients for layer encoder.layers.encoder_layer_9.self_attention.out_proj, skipping
  Layer 27 (encoder.layers.encoder_layer_9.mlp.0): input_col=13 -> output_neuron=2863 (grad=0.0003)
  Layer 28 (encoder.layers.encoder_layer_9.mlp.3): input_col=15 -> output_neuron=48 (grad=0.0021)
  Warning: No gradients for layer encoder.layers.encoder_layer_10.self_attention.out_proj, skipping
  Layer 30 (encoder.layers.encoder_layer_10.mlp.0): input_col=0 -> output_neuron=171 (grad=0.0050)
  Layer 31 (encoder.layers.encoder_layer_10.mlp.3): input_col=11 -> output_neuron=222 (grad=0.0033)
  Warning: No gradients for layer encoder.layers.encoder_layer_11.self_attention.out_proj, skipping
  Layer 33 (encoder.layers.encoder_layer_11.mlp.0): input_col=14 -> output_neuron=2091 (grad=0.0067)
  Layer 34 (encoder.layers.encoder_layer_11.mlp.3): input_col=11 -> output_neuron=356 (grad=0.0005)

Chain 1: Starting from neuron 6
  Layer 0 (encoder.layers.encoder_layer_0.mlp.0): input_col=6 -> output_neuron=2437 (grad=0.0030)
  Layer 1 (encoder.layers.encoder_layer_0.mlp.3): input_col=5 -> output_neuron=259 (grad=0.0019)
  Warning: No gradients for layer encoder.layers.encoder_layer_1.self_attention.out_proj, skipping
  Layer 3 (encoder.layers.encoder_layer_1.mlp.0): input_col=3 -> output_neuron=2440 (grad=0.0004)
  Layer 4 (encoder.layers.encoder_layer_1.mlp.3): input_col=8 -> output_neuron=324 (grad=0.0008)
  Warning: No gradients for layer encoder.layers.encoder_layer_2.self_attention.out_proj, skipping
  Layer 6 (encoder.layers.encoder_layer_2.mlp.0): input_col=4 -> output_neuron=2499 (grad=0.0001)
  Layer 7 (encoder.layers.encoder_layer_2.mlp.3): input_col=3 -> output_neuron=9 (grad=0.0000)
  Warning: No gradients for layer encoder.layers.encoder_layer_3.self_attention.out_proj, skipping
  Layer 9 (encoder.layers.encoder_layer_3.mlp.0): input_col=9 -> output_neuron=2529 (grad=0.0008)
  Layer 10 (encoder.layers.encoder_layer_3.mlp.3): input_col=1 -> output_neuron=488 (grad=0.0010)
  Warning: No gradients for layer encoder.layers.encoder_layer_4.self_attention.out_proj, skipping
  Layer 12 (encoder.layers.encoder_layer_4.mlp.0): input_col=8 -> output_neuron=1842 (grad=0.0006)
  Layer 13 (encoder.layers.encoder_layer_4.mlp.3): input_col=2 -> output_neuron=744 (grad=0.0010)
  Warning: No gradients for layer encoder.layers.encoder_layer_5.self_attention.out_proj, skipping
  Layer 15 (encoder.layers.encoder_layer_5.mlp.0): input_col=8 -> output_neuron=877 (grad=0.0019)
  Layer 16 (encoder.layers.encoder_layer_5.mlp.3): input_col=13 -> output_neuron=366 (grad=0.0050)
  Warning: No gradients for layer encoder.layers.encoder_layer_6.self_attention.out_proj, skipping
  Layer 18 (encoder.layers.encoder_layer_6.mlp.0): input_col=14 -> output_neuron=2248 (grad=0.0017)
  Layer 19 (encoder.layers.encoder_layer_6.mlp.3): input_col=8 -> output_neuron=172 (grad=0.0006)
  Warning: No gradients for layer encoder.layers.encoder_layer_7.self_attention.out_proj, skipping
  Layer 21 (encoder.layers.encoder_layer_7.mlp.0): input_col=12 -> output_neuron=461 (grad=0.0015)
  Layer 22 (encoder.layers.encoder_layer_7.mlp.3): input_col=13 -> output_neuron=173 (grad=0.0006)
  Warning: No gradients for layer encoder.layers.encoder_layer_8.self_attention.out_proj, skipping
  Layer 24 (encoder.layers.encoder_layer_8.mlp.0): input_col=13 -> output_neuron=1905 (grad=0.0006)
  Layer 25 (encoder.layers.encoder_layer_8.mlp.3): input_col=1 -> output_neuron=621 (grad=0.0014)
  Warning: No gradients for layer encoder.layers.encoder_layer_9.self_attention.out_proj, skipping
  Layer 27 (encoder.layers.encoder_layer_9.mlp.0): input_col=13 -> output_neuron=2863 (grad=0.0003)
  Layer 28 (encoder.layers.encoder_layer_9.mlp.3): input_col=15 -> output_neuron=48 (grad=0.0021)
  Warning: No gradients for layer encoder.layers.encoder_layer_10.self_attention.out_proj, skipping
  Layer 30 (encoder.layers.encoder_layer_10.mlp.0): input_col=0 -> output_neuron=171 (grad=0.0050)
  Layer 31 (encoder.layers.encoder_layer_10.mlp.3): input_col=11 -> output_neuron=222 (grad=0.0033)
  Warning: No gradients for layer encoder.layers.encoder_layer_11.self_attention.out_proj, skipping
  Layer 33 (encoder.layers.encoder_layer_11.mlp.0): input_col=14 -> output_neuron=2091 (grad=0.0067)
  Layer 34 (encoder.layers.encoder_layer_11.mlp.3): input_col=11 -> output_neuron=356 (grad=0.0005)

Chain 2: Starting from neuron 2
  Layer 0 (encoder.layers.encoder_layer_0.mlp.0): input_col=2 -> output_neuron=2437 (grad=0.0006)
  Layer 1 (encoder.layers.encoder_layer_0.mlp.3): input_col=5 -> output_neuron=259 (grad=0.0019)
  Warning: No gradients for layer encoder.layers.encoder_layer_1.self_attention.out_proj, skipping
  Layer 3 (encoder.layers.encoder_layer_1.mlp.0): input_col=3 -> output_neuron=2440 (grad=0.0004)
  Layer 4 (encoder.layers.encoder_layer_1.mlp.3): input_col=8 -> output_neuron=324 (grad=0.0008)
  Warning: No gradients for layer encoder.layers.encoder_layer_2.self_attention.out_proj, skipping
  Layer 6 (encoder.layers.encoder_layer_2.mlp.0): input_col=4 -> output_neuron=2499 (grad=0.0001)
  Layer 7 (encoder.layers.encoder_layer_2.mlp.3): input_col=3 -> output_neuron=9 (grad=0.0000)
  Warning: No gradients for layer encoder.layers.encoder_layer_3.self_attention.out_proj, skipping
  Layer 9 (encoder.layers.encoder_layer_3.mlp.0): input_col=9 -> output_neuron=2529 (grad=0.0008)
  Layer 10 (encoder.layers.encoder_layer_3.mlp.3): input_col=1 -> output_neuron=488 (grad=0.0010)
  Warning: No gradients for layer encoder.layers.encoder_layer_4.self_attention.out_proj, skipping
  Layer 12 (encoder.layers.encoder_layer_4.mlp.0): input_col=8 -> output_neuron=1842 (grad=0.0006)
  Layer 13 (encoder.layers.encoder_layer_4.mlp.3): input_col=2 -> output_neuron=744 (grad=0.0010)
  Warning: No gradients for layer encoder.layers.encoder_layer_5.self_attention.out_proj, skipping
  Layer 15 (encoder.layers.encoder_layer_5.mlp.0): input_col=8 -> output_neuron=877 (grad=0.0019)
  Layer 16 (encoder.layers.encoder_layer_5.mlp.3): input_col=13 -> output_neuron=366 (grad=0.0050)
  Warning: No gradients for layer encoder.layers.encoder_layer_6.self_attention.out_proj, skipping
  Layer 18 (encoder.layers.encoder_layer_6.mlp.0): input_col=14 -> output_neuron=2248 (grad=0.0017)
  Layer 19 (encoder.layers.encoder_layer_6.mlp.3): input_col=8 -> output_neuron=172 (grad=0.0006)
  Warning: No gradients for layer encoder.layers.encoder_layer_7.self_attention.out_proj, skipping
  Layer 21 (encoder.layers.encoder_layer_7.mlp.0): input_col=12 -> output_neuron=461 (grad=0.0015)
  Layer 22 (encoder.layers.encoder_layer_7.mlp.3): input_col=13 -> output_neuron=173 (grad=0.0006)
  Warning: No gradients for layer encoder.layers.encoder_layer_8.self_attention.out_proj, skipping
  Layer 24 (encoder.layers.encoder_layer_8.mlp.0): input_col=13 -> output_neuron=1905 (grad=0.0006)
  Layer 25 (encoder.layers.encoder_layer_8.mlp.3): input_col=1 -> output_neuron=621 (grad=0.0014)
  Warning: No gradients for layer encoder.layers.encoder_layer_9.self_attention.out_proj, skipping
  Layer 27 (encoder.layers.encoder_layer_9.mlp.0): input_col=13 -> output_neuron=2863 (grad=0.0003)
  Layer 28 (encoder.layers.encoder_layer_9.mlp.3): input_col=15 -> output_neuron=48 (grad=0.0021)
  Warning: No gradients for layer encoder.layers.encoder_layer_10.self_attention.out_proj, skipping
  Layer 30 (encoder.layers.encoder_layer_10.mlp.0): input_col=0 -> output_neuron=171 (grad=0.0050)
  Layer 31 (encoder.layers.encoder_layer_10.mlp.3): input_col=11 -> output_neuron=222 (grad=0.0033)
  Warning: No gradients for layer encoder.layers.encoder_layer_11.self_attention.out_proj, skipping
  Layer 33 (encoder.layers.encoder_layer_11.mlp.0): input_col=14 -> output_neuron=2091 (grad=0.0067)
  Layer 34 (encoder.layers.encoder_layer_11.mlp.3): input_col=11 -> output_neuron=356 (grad=0.0005)

============================================================
✓ Successfully built 3 gradient chains
============================================================

Epoch 2/100 | LR: 0.000200 | Time: 44.85s
Train Loss: 4.5106 | Train Acc: 3.53%
Val Loss: 4.3201 | Val Acc: 7.14%

Gradient Chain Statistics:
[PacaGradientChainManager - Gradient Chain Logs]
  Chains Built: True
  Number of Chains: 3
  Current Epoch: 1
  Selected Arms: [2]
  Arm Means: [0.0, 0.0, 0.0]
  Arm Stds: [10.0, 10.0, 10.0]
  Arm Observation Counts: [0, 0, 0]
  Last Sampled Values: [3.997760772705078, -0.8389114141464233, 11.53758430480957]
------------------------------------------------------------

Reward: 35.47% (normalized: 3.55)

Epoch 3/100 | LR: 0.000300 | Time: 42.65s
Train Loss: 3.7809 | Train Acc: 24.35%
Val Loss: 3.1961 | Val Acc: 42.61%

Gradient Chain Statistics:
[PacaGradientChainManager - Gradient Chain Logs]
  Chains Built: True
  Number of Chains: 3
  Current Epoch: 2
  Selected Arms: [1]
  Arm Means: [0.0, 0.0, 2.837606906890869]
  Arm Stds: [10.0, 10.0, 4.4721360206604]
  Arm Observation Counts: [0, 0, 1]
  Last Sampled Values: [8.807842254638672, 9.284215927124023, 0.39418554306030273]
------------------------------------------------------------

Reward: 19.66% (normalized: 1.97)

Epoch 4/100 | LR: 0.000400 | Time: 42.65s
Train Loss: 2.6228 | Train Acc: 54.63%
Val Loss: 2.2295 | Val Acc: 62.27%

Gradient Chain Statistics:
[PacaGradientChainManager - Gradient Chain Logs]
  Chains Built: True
  Number of Chains: 3
  Current Epoch: 3
  Selected Arms: [1]
  Arm Means: [0.0, 1.572649598121643, 2.837606906890869]
  Arm Stds: [10.0, 4.4721360206604, 4.4721360206604]
  Arm Observation Counts: [0, 1, 1]
  Last Sampled Values: [-2.4921092987060547, -2.0150322914123535, -7.417916774749756]
------------------------------------------------------------

Reward: 16.79% (normalized: 1.68)

Epoch 5/100 | LR: 0.000500 | Time: 42.71s
Train Loss: 1.8071 | Train Acc: 73.68%
Val Loss: 1.6118 | Val Acc: 79.06%

Gradient Chain Statistics:
[PacaGradientChainManager - Gradient Chain Logs]
  Chains Built: True
  Number of Chains: 3
  Current Epoch: 4
  Selected Arms: [2]
  Arm Means: [0.0, 1.6198616027832031, 2.837606906890869]
  Arm Stds: [10.0, 3.3333334922790527, 4.4721360206604]
  Arm Observation Counts: [0, 2, 1]
  Last Sampled Values: [-11.839838027954102, 4.187005043029785, 4.732456207275391]
------------------------------------------------------------

Reward: 9.71% (normalized: 0.97)

Epoch 6/100 | LR: 0.000600 | Time: 42.67s
Train Loss: 1.2731 | Train Acc: 86.17%
Val Loss: 1.1900 | Val Acc: 88.77%

Gradient Chain Statistics:
[PacaGradientChainManager - Gradient Chain Logs]
  Chains Built: True
  Number of Chains: 3
  Current Epoch: 5
  Selected Arms: [2]
  Arm Means: [0.0, 1.6198616027832031, 2.007868766784668]
  Arm Stds: [10.0, 3.3333334922790527, 3.3333334922790527]
  Arm Observation Counts: [0, 2, 2]
  Last Sampled Values: [-17.122915267944336, 3.6937057971954346, 7.026716232299805]
------------------------------------------------------------

Reward: 2.69% (normalized: 0.27)

Epoch 7/100 | LR: 0.000700 | Time: 42.68s
Train Loss: 0.9052 | Train Acc: 92.93%
Val Loss: 0.8637 | Val Acc: 91.45%

Gradient Chain Statistics:
[PacaGradientChainManager - Gradient Chain Logs]
  Chains Built: True
  Number of Chains: 3
  Current Epoch: 6
  Selected Arms: [1]
  Arm Means: [0.0, 1.6198616027832031, 1.4727153778076172]
  Arm Stds: [10.0, 3.3333334922790527, 2.77350115776062]
  Arm Observation Counts: [0, 2, 3]
  Last Sampled Values: [3.5718154907226562, 5.350987434387207, 2.9139225482940674]
------------------------------------------------------------

Reward: 2.01% (normalized: 0.20)

Epoch 8/100 | LR: 0.000800 | Time: 42.68s
Train Loss: 0.6466 | Train Acc: 96.47%
Val Loss: 0.6906 | Val Acc: 93.47%

Gradient Chain Statistics:
[PacaGradientChainManager - Gradient Chain Logs]
  Chains Built: True
  Number of Chains: 3
  Current Epoch: 7
  Selected Arms: [0]
  Arm Means: [0.0, 1.18343186378479, 1.4727153778076172]
  Arm Stds: [10.0, 2.77350115776062, 2.77350115776062]
  Arm Observation Counts: [0, 3, 3]
  Last Sampled Values: [9.123987197875977, -2.0054562091827393, 1.8657481670379639]
------------------------------------------------------------

Reward: 2.26% (normalized: 0.23)

Epoch 9/100 | LR: 0.000900 | Time: 42.60s
Train Loss: 0.4300 | Train Acc: 98.41%
Val Loss: 0.5027 | Val Acc: 95.73%

Gradient Chain Statistics:
[PacaGradientChainManager - Gradient Chain Logs]
  Chains Built: True
  Number of Chains: 3
  Current Epoch: 8
  Selected Arms: [2]
  Arm Means: [0.18070818483829498, 1.18343186378479, 1.4727153778076172]
  Arm Stds: [4.4721360206604, 2.77350115776062, 2.77350115776062]
  Arm Observation Counts: [1, 3, 3]
  Last Sampled Values: [-0.17170511186122894, 3.116856813430786, 8.19145393371582]
------------------------------------------------------------

Reward: 0.18% (normalized: 0.02)

Epoch 10/100 | LR: 0.001000 | Time: 42.63s
Train Loss: 0.3207 | Train Acc: 99.21%
Val Loss: 0.4721 | Val Acc: 95.91%

Gradient Chain Statistics:
[PacaGradientChainManager - Gradient Chain Logs]
  Chains Built: True
  Number of Chains: 3
  Current Epoch: 9
  Selected Arms: [1]
  Arm Means: [0.18070818483829498, 1.18343186378479, 1.130503535270691]
  Arm Stds: [4.4721360206604, 2.77350115776062, 2.425356388092041]
  Arm Observation Counts: [1, 3, 4]
  Last Sampled Values: [0.2282460629940033, 4.480586051940918, -0.09407281875610352]
------------------------------------------------------------

Reward: 0.67% (normalized: 0.07)

Epoch 11/100 | LR: 0.001000 | Time: 42.83s
Train Loss: 0.2315 | Train Acc: 99.59%
Val Loss: 0.3549 | Val Acc: 96.58%

Gradient Chain Statistics:
[PacaGradientChainManager - Gradient Chain Logs]
  Chains Built: True
  Number of Chains: 3
  Current Epoch: 10
  Selected Arms: [1]
  Arm Means: [0.18070818483829498, 0.9207784533500671, 1.130503535270691]
  Arm Stds: [4.4721360206604, 2.425356388092041, 2.425356388092041]
  Arm Observation Counts: [1, 4, 4]
  Last Sampled Values: [-4.286042213439941, 2.205434799194336, -0.7694031000137329]
------------------------------------------------------------

Reward: 0.12% (normalized: 0.01)

Epoch 12/100 | LR: 0.000999 | Time: 42.85s
Train Loss: 0.1719 | Train Acc: 99.80%
Val Loss: 0.3082 | Val Acc: 96.70%

Gradient Chain Statistics:
[PacaGradientChainManager - Gradient Chain Logs]
  Chains Built: True
  Number of Chains: 3
  Current Epoch: 11
  Selected Arms: [2]
  Arm Means: [0.18070818483829498, 0.7477177977561951, 1.130503535270691]
  Arm Stds: [4.4721360206604, 2.1821789741516113, 2.425356388092041]
  Arm Observation Counts: [1, 5, 4]
  Last Sampled Values: [-4.235820293426514, 3.5516531467437744, 3.6094493865966797]
------------------------------------------------------------

Reward: -0.18% (normalized: -0.02)

Epoch 13/100 | LR: 0.000997 | Time: 42.86s
Train Loss: 0.1228 | Train Acc: 99.88%
Val Loss: 0.2805 | Val Acc: 96.52%

Gradient Chain Statistics:
[PacaGradientChainManager - Gradient Chain Logs]
  Chains Built: True
  Number of Chains: 3
  Current Epoch: 12
  Selected Arms: [2]
  Arm Means: [0.18070818483829498, 0.7477177977561951, 0.9116809368133545]
  Arm Stds: [4.4721360206604, 2.1821789741516113, 2.1821789741516113]
  Arm Observation Counts: [1, 5, 5]
  Last Sampled Values: [-1.931236982345581, 0.4440622925758362, 1.361037015914917]
------------------------------------------------------------

Reward: 0.00% (normalized: 0.00)

Epoch 14/100 | LR: 0.000995 | Time: 42.90s
Train Loss: 0.0814 | Train Acc: 99.94%
Val Loss: 0.2518 | Val Acc: 96.52%

Gradient Chain Statistics:
[PacaGradientChainManager - Gradient Chain Logs]
  Chains Built: True
  Number of Chains: 3
  Current Epoch: 13
  Selected Arms: [0]
  Arm Means: [0.18070818483829498, 0.7477177977561951, 0.7658119797706604]
  Arm Stds: [4.4721360206604, 2.1821789741516113, 2.0]
  Arm Observation Counts: [1, 5, 6]
  Last Sampled Values: [8.086557388305664, 1.310408115386963, 2.037067174911499]
------------------------------------------------------------

Reward: 0.24% (normalized: 0.02)

Epoch 15/100 | LR: 0.000992 | Time: 42.90s
Train Loss: 0.0629 | Train Acc: 99.94%
Val Loss: 0.2246 | Val Acc: 96.76%

Gradient Chain Statistics:
[PacaGradientChainManager - Gradient Chain Logs]
  Chains Built: True
  Number of Chains: 3
  Current Epoch: 14
  Selected Arms: [1]
  Arm Means: [0.11124677956104279, 0.7477177977561951, 0.7658119797706604]
  Arm Stds: [3.3333334922790527, 2.1821789741516113, 2.0]
  Arm Observation Counts: [2, 5, 6]
  Last Sampled Values: [-3.3794851303100586, -1.6381158828735352, -2.5540971755981445]
------------------------------------------------------------

Reward: 0.00% (normalized: 0.00)

Epoch 16/100 | LR: 0.000989 | Time: 42.85s
Train Loss: 0.0537 | Train Acc: 99.97%
Val Loss: 0.2255 | Val Acc: 96.76%

Gradient Chain Statistics:
[PacaGradientChainManager - Gradient Chain Logs]
  Chains Built: True
  Number of Chains: 3
  Current Epoch: 15
  Selected Arms: [2]
  Arm Means: [0.11124677956104279, 0.6280829310417175, 0.7658119797706604]
  Arm Stds: [3.3333334922790527, 2.0, 2.0]
  Arm Observation Counts: [2, 6, 6]
  Last Sampled Values: [-6.880770206451416, -0.27931106090545654, 0.5736432075500488]
------------------------------------------------------------
No improvement for 1 epoch(s)

Reward: 0.06% (normalized: 0.01)

Epoch 17/100 | LR: 0.000985 | Time: 42.79s
Train Loss: 0.0473 | Train Acc: 99.98%
Val Loss: 0.2146 | Val Acc: 96.83%

Gradient Chain Statistics:
[PacaGradientChainManager - Gradient Chain Logs]
  Chains Built: True
  Number of Chains: 3
  Current Epoch: 16
  Selected Arms: [2]
  Arm Means: [0.11124677956104279, 0.6280829310417175, 0.661024808883667]
  Arm Stds: [3.3333334922790527, 2.0, 1.8569533824920654]
  Arm Observation Counts: [2, 6, 7]
  Last Sampled Values: [-2.910458564758301, 0.5224080085754395, 3.277974843978882]
------------------------------------------------------------

Reward: 0.00% (normalized: 0.00)

Epoch 18/100 | LR: 0.000981 | Time: 42.88s
Train Loss: 0.0395 | Train Acc: 99.97%
Val Loss: 0.2054 | Val Acc: 96.83%

Gradient Chain Statistics:
[PacaGradientChainManager - Gradient Chain Logs]
  Chains Built: True
  Number of Chains: 3
  Current Epoch: 17
  Selected Arms: [0]
  Arm Means: [0.11124677956104279, 0.6280829310417175, 0.5809006094932556]
  Arm Stds: [3.3333334922790527, 2.0, 1.740776538848877]
  Arm Observation Counts: [2, 6, 8]
  Last Sampled Values: [2.1491408348083496, -1.4098899364471436, 1.145584225654602]
------------------------------------------------------------

Reward: 0.00% (normalized: 0.00)

Epoch 19/100 | LR: 0.000976 | Time: 42.89s
Train Loss: 0.0345 | Train Acc: 99.98%
Val Loss: 0.1938 | Val Acc: 96.83%

Gradient Chain Statistics:
[PacaGradientChainManager - Gradient Chain Logs]
  Chains Built: True
  Number of Chains: 3
  Current Epoch: 18
  Selected Arms: [2]
  Arm Means: [0.07701700180768967, 0.6280829310417175, 0.5809006094932556]
  Arm Stds: [2.77350115776062, 2.0, 1.740776538848877]
  Arm Observation Counts: [3, 6, 8]
  Last Sampled Values: [-3.381845235824585, 2.624953269958496, 4.574450492858887]
------------------------------------------------------------

Reward: -0.06% (normalized: -0.01)

Epoch 20/100 | LR: 0.000970 | Time: 42.89s
Train Loss: 0.0310 | Train Acc: 99.97%
Val Loss: 0.1895 | Val Acc: 96.76%

Gradient Chain Statistics:
[PacaGradientChainManager - Gradient Chain Logs]
  Chains Built: True
  Number of Chains: 3
  Current Epoch: 19
  Selected Arms: [0]
  Arm Means: [0.07701700180768967, 0.6280829310417175, 0.5174405574798584]
  Arm Stds: [2.77350115776062, 2.0, 1.64398992061615]
  Arm Observation Counts: [3, 6, 9]
  Last Sampled Values: [6.039967060089111, -1.6617686748504639, -0.7156413793563843]
------------------------------------------------------------

Reward: 0.24% (normalized: 0.02)

Epoch 21/100 | LR: 0.000964 | Time: 42.88s
Train Loss: 0.0287 | Train Acc: 99.98%
Val Loss: 0.1843 | Val Acc: 97.01%

Gradient Chain Statistics:
[PacaGradientChainManager - Gradient Chain Logs]
  Chains Built: True
  Number of Chains: 3
  Current Epoch: 20
  Selected Arms: [1]
  Arm Means: [0.06464124470949173, 0.6280829310417175, 0.5174405574798584]
  Arm Stds: [2.425356388092041, 2.0, 1.64398992061615]
  Arm Observation Counts: [4, 6, 9]
  Last Sampled Values: [-0.5734812021255493, 0.8209032416343689, 0.4270647168159485]
------------------------------------------------------------

Reward: -0.12% (normalized: -0.01)

Epoch 22/100 | LR: 0.000957 | Time: 42.86s
Train Loss: 0.0260 | Train Acc: 99.98%
Val Loss: 0.1802 | Val Acc: 96.89%

Gradient Chain Statistics:
[PacaGradientChainManager - Gradient Chain Logs]
  Chains Built: True
  Number of Chains: 3
  Current Epoch: 21
  Selected Arms: [1]
  Arm Means: [0.06464124470949173, 0.5397666692733765, 0.5174405574798584]
  Arm Stds: [2.425356388092041, 1.8569533824920654, 1.64398992061615]
  Arm Observation Counts: [4, 7, 9]
  Last Sampled Values: [0.5565367937088013, 3.2371878623962402, 2.415783643722534]
------------------------------------------------------------

Reward: -0.06% (normalized: -0.01)

Epoch 23/100 | LR: 0.000949 | Time: 42.90s
Train Loss: 0.0240 | Train Acc: 99.97%
Val Loss: 0.1788 | Val Acc: 96.83%

Gradient Chain Statistics:
[PacaGradientChainManager - Gradient Chain Logs]
  Chains Built: True
  Number of Chains: 3
  Current Epoch: 22
  Selected Arms: [0]
  Arm Means: [0.06464124470949173, 0.4736004173755646, 0.5174405574798584]
  Arm Stds: [2.425356388092041, 1.740776538848877, 1.64398992061615]
  Arm Observation Counts: [4, 8, 9]
  Last Sampled Values: [1.9763416051864624, 1.4095760583877563, -0.22211623191833496]
------------------------------------------------------------

Reward: 0.06% (normalized: 0.01)

Epoch 24/100 | LR: 0.000941 | Time: 42.88s
Train Loss: 0.0221 | Train Acc: 99.98%
Val Loss: 0.1775 | Val Acc: 96.89%

Gradient Chain Statistics:
[PacaGradientChainManager - Gradient Chain Logs]
  Chains Built: True
  Number of Chains: 3
  Current Epoch: 23
  Selected Arms: [2]
  Arm Means: [0.05349148437380791, 0.4736004173755646, 0.5174405574798584]
  Arm Stds: [2.1821789741516113, 1.740776538848877, 1.64398992061615]
  Arm Observation Counts: [5, 8, 9]
  Last Sampled Values: [-3.319643497467041, -1.1853389739990234, 1.574020504951477]
------------------------------------------------------------

Reward: -0.12% (normalized: -0.01)

Epoch 25/100 | LR: 0.000933 | Time: 42.93s
Train Loss: 0.0207 | Train Acc: 99.98%
Val Loss: 0.1717 | Val Acc: 96.76%

Gradient Chain Statistics:
[PacaGradientChainManager - Gradient Chain Logs]
  Chains Built: True
  Number of Chains: 3
  Current Epoch: 24
  Selected Arms: [1]
  Arm Means: [0.05349148437380791, 0.4736004173755646, 0.4657673239707947]
  Arm Stds: [2.1821789741516113, 1.740776538848877, 1.5617376565933228]
  Arm Observation Counts: [5, 8, 10]
  Last Sampled Values: [2.541361093521118, 3.545285701751709, -0.8065386414527893]
------------------------------------------------------------

Reward: 0.06% (normalized: 0.01)

Epoch 26/100 | LR: 0.000924 | Time: 42.86s
Train Loss: 0.0193 | Train Acc: 99.98%
Val Loss: 0.1755 | Val Acc: 96.83%

Gradient Chain Statistics:
[PacaGradientChainManager - Gradient Chain Logs]
  Chains Built: True
  Number of Chains: 3
  Current Epoch: 25
  Selected Arms: [1]
  Arm Means: [0.05349148437380791, 0.4230603873729706, 0.4657673239707947]
  Arm Stds: [2.1821789741516113, 1.64398992061615, 1.5617376565933228]
  Arm Observation Counts: [5, 9, 10]
  Last Sampled Values: [0.9329366683959961, 3.3891501426696777, 0.02607285976409912]
------------------------------------------------------------
No improvement for 1 epoch(s)

Reward: 0.18% (normalized: 0.02)

Epoch 27/100 | LR: 0.000915 | Time: 42.92s
Train Loss: 0.0179 | Train Acc: 99.97%
Val Loss: 0.1693 | Val Acc: 97.01%

Gradient Chain Statistics:
[PacaGradientChainManager - Gradient Chain Logs]
  Chains Built: True
  Number of Chains: 3
  Current Epoch: 26
  Selected Arms: [0]
  Arm Means: [0.05349148437380791, 0.3835730254650116, 0.4657673239707947]
  Arm Stds: [2.1821789741516113, 1.5617376565933228, 1.5617376565933228]
  Arm Observation Counts: [5, 10, 10]
  Last Sampled Values: [2.2534377574920654, -2.384490966796875, -1.0748686790466309]
------------------------------------------------------------

Reward: -0.24% (normalized: -0.02)

Epoch 28/100 | LR: 0.000905 | Time: 42.91s
Train Loss: 0.0171 | Train Acc: 99.97%
Val Loss: 0.1664 | Val Acc: 96.76%

Gradient Chain Statistics:
[PacaGradientChainManager - Gradient Chain Logs]
  Chains Built: True
  Number of Chains: 3
  Current Epoch: 27
  Selected Arms: [1]
  Arm Means: [0.041025642305612564, 0.3835730254650116, 0.4657673239707947]
  Arm Stds: [2.0, 1.5617376565933228, 1.5617376565933228]
  Arm Observation Counts: [6, 10, 10]
  Last Sampled Values: [-2.572279453277588, 3.182321071624756, -3.3583552837371826]
------------------------------------------------------------

Reward: 0.18% (normalized: 0.02)

Epoch 29/100 | LR: 0.000894 | Time: 42.90s
Train Loss: 0.0160 | Train Acc: 99.97%
Val Loss: 0.1649 | Val Acc: 96.95%

Gradient Chain Statistics:
[PacaGradientChainManager - Gradient Chain Logs]
  Chains Built: True
  Number of Chains: 3
  Current Epoch: 28
  Selected Arms: [0]
  Arm Means: [0.041025642305612564, 0.351105660200119, 0.4657673239707947]
  Arm Stds: [2.0, 1.49071204662323, 1.5617376565933228]
  Arm Observation Counts: [6, 11, 10]
  Last Sampled Values: [2.3618569374084473, -1.146317481994629, -1.1282227039337158]
------------------------------------------------------------

Reward: 0.12% (normalized: 0.01)

Epoch 30/100 | LR: 0.000883 | Time: 42.88s
Train Loss: 0.0149 | Train Acc: 99.97%
Val Loss: 0.1635 | Val Acc: 97.07%

Gradient Chain Statistics:
[PacaGradientChainManager - Gradient Chain Logs]
  Chains Built: True
  Number of Chains: 3
  Current Epoch: 29
  Selected Arms: [2]
  Arm Means: [0.03705107420682907, 0.351105660200119, 0.4657673239707947]
  Arm Stds: [1.8569533824920654, 1.49071204662323, 1.5617376565933228]
  Arm Observation Counts: [7, 11, 10]
  Last Sampled Values: [-0.17625075578689575, 0.24327878654003143, 0.29576003551483154]
------------------------------------------------------------

Reward: -0.12% (normalized: -0.01)

Epoch 31/100 | LR: 0.000872 | Time: 42.96s
Train Loss: 0.0144 | Train Acc: 99.98%
Val Loss: 0.1641 | Val Acc: 96.95%

Gradient Chain Statistics:
[PacaGradientChainManager - Gradient Chain Logs]
  Chains Built: True
  Number of Chains: 3
  Current Epoch: 30
  Selected Arms: [1]
  Arm Means: [0.03705107420682907, 0.351105660200119, 0.4232804477214813]
  Arm Stds: [1.8569533824920654, 1.49071204662323, 1.49071204662323]
  Arm Observation Counts: [7, 11, 11]
  Last Sampled Values: [0.534790575504303, 2.5581443309783936, 2.107558012008667]
------------------------------------------------------------
No improvement for 1 epoch(s)

Reward: 0.18% (normalized: 0.02)

Epoch 32/100 | LR: 0.000860 | Time: 42.92s
Train Loss: 0.0139 | Train Acc: 99.97%
Val Loss: 0.1586 | Val Acc: 97.13%

Gradient Chain Statistics:
[PacaGradientChainManager - Gradient Chain Logs]
  Chains Built: True
  Number of Chains: 3
  Current Epoch: 31
  Selected Arms: [0]
  Arm Means: [0.03705107420682907, 0.32393908500671387, 0.4232804477214813]
  Arm Stds: [1.8569533824920654, 1.4285714626312256, 1.49071204662323]
  Arm Observation Counts: [7, 12, 11]
  Last Sampled Values: [1.988975167274475, 0.29279735684394836, -0.25030800700187683]
------------------------------------------------------------

Reward: 0.00% (normalized: 0.00)

Epoch 33/100 | LR: 0.000847 | Time: 42.89s
Train Loss: 0.0130 | Train Acc: 99.98%
Val Loss: 0.1599 | Val Acc: 97.13%

Gradient Chain Statistics:
[PacaGradientChainManager - Gradient Chain Logs]
  Chains Built: True
  Number of Chains: 3
  Current Epoch: 32
  Selected Arms: [1]
  Arm Means: [0.03256003558635712, 0.32393908500671387, 0.4232804477214813]
  Arm Stds: [1.740776538848877, 1.4285714626312256, 1.49071204662323]
  Arm Observation Counts: [8, 12, 11]
  Last Sampled Values: [0.6986983418464661, 1.477250337600708, -0.3993748724460602]
------------------------------------------------------------
No improvement for 1 epoch(s)

Reward: 0.00% (normalized: 0.00)

Epoch 34/100 | LR: 0.000835 | Time: 42.89s
Train Loss: 0.0121 | Train Acc: 99.97%
Val Loss: 0.1583 | Val Acc: 97.13%

Gradient Chain Statistics:
[PacaGradientChainManager - Gradient Chain Logs]
  Chains Built: True
  Number of Chains: 3
  Current Epoch: 33
  Selected Arms: [1]
  Arm Means: [0.03256003558635712, 0.2994908392429352, 0.4232804477214813]
  Arm Stds: [1.740776538848877, 1.373605728149414, 1.49071204662323]
  Arm Observation Counts: [8, 13, 11]
  Last Sampled Values: [-1.174952507019043, 0.22702419757843018, -0.6936194896697998]
------------------------------------------------------------

Reward: -0.31% (normalized: -0.03)

Epoch 35/100 | LR: 0.000821 | Time: 42.92s
Train Loss: 0.0116 | Train Acc: 99.98%
Val Loss: 0.1591 | Val Acc: 96.83%

Gradient Chain Statistics:
[PacaGradientChainManager - Gradient Chain Logs]
  Chains Built: True
  Number of Chains: 3
  Current Epoch: 34
  Selected Arms: [2]
  Arm Means: [0.03256003558635712, 0.2763318419456482, 0.4232804477214813]
  Arm Stds: [1.740776538848877, 1.324532389640808, 1.49071204662323]
  Arm Observation Counts: [8, 14, 11]
  Last Sampled Values: [0.397544801235199, 2.567431926727295, 2.8622827529907227]
------------------------------------------------------------
No improvement for 1 epoch(s)

Reward: 0.18% (normalized: 0.02)

Epoch 36/100 | LR: 0.000808 | Time: 42.88s
Train Loss: 0.0116 | Train Acc: 99.98%
Val Loss: 0.1589 | Val Acc: 97.01%

Gradient Chain Statistics:
[PacaGradientChainManager - Gradient Chain Logs]
  Chains Built: True
  Number of Chains: 3
  Current Epoch: 35
  Selected Arms: [0]
  Arm Means: [0.03256003558635712, 0.2763318419456482, 0.39022204279899597]
  Arm Stds: [1.740776538848877, 1.324532389640808, 1.4285714626312256]
  Arm Observation Counts: [8, 14, 12]
  Last Sampled Values: [1.3746933937072754, 1.1494097709655762, 1.3457698822021484]
------------------------------------------------------------
No improvement for 2 epoch(s)

Reward: -0.06% (normalized: -0.01)

Epoch 37/100 | LR: 0.000794 | Time: 42.89s
Train Loss: 0.0108 | Train Acc: 99.98%
Val Loss: 0.1563 | Val Acc: 96.95%

Gradient Chain Statistics:
[PacaGradientChainManager - Gradient Chain Logs]
  Chains Built: True
  Number of Chains: 3
  Current Epoch: 36
  Selected Arms: [1]
  Arm Means: [0.028380030766129494, 0.2763318419456482, 0.39022204279899597]
  Arm Stds: [1.64398992061615, 1.324532389640808, 1.4285714626312256]
  Arm Observation Counts: [9, 14, 12]
  Last Sampled Values: [1.283553957939148, 1.5904664993286133, -1.0400580167770386]
------------------------------------------------------------

Reward: 0.00% (normalized: 0.00)

Epoch 38/100 | LR: 0.000780 | Time: 42.89s
Train Loss: 0.0101 | Train Acc: 99.98%
Val Loss: 0.1529 | Val Acc: 96.95%

Gradient Chain Statistics:
[PacaGradientChainManager - Gradient Chain Logs]
  Chains Built: True
  Number of Chains: 3
  Current Epoch: 37
  Selected Arms: [0]
  Arm Means: [0.028380030766129494, 0.25821173191070557, 0.39022204279899597]
  Arm Stds: [1.64398992061615, 1.2803688049316406, 1.4285714626312256]
  Arm Observation Counts: [9, 15, 12]
  Last Sampled Values: [0.34143391251564026, -0.8215149641036987, -0.015992045402526855]
------------------------------------------------------------

Reward: 0.06% (normalized: 0.01)

Epoch 39/100 | LR: 0.000765 | Time: 42.89s
Train Loss: 0.0097 | Train Acc: 99.98%
Val Loss: 0.1562 | Val Acc: 97.01%

Gradient Chain Statistics:
[PacaGradientChainManager - Gradient Chain Logs]
  Chains Built: True
  Number of Chains: 3
  Current Epoch: 38
  Selected Arms: [0]
  Arm Means: [0.026206856593489647, 0.25821173191070557, 0.39022204279899597]
  Arm Stds: [1.5617376565933228, 1.2803688049316406, 1.4285714626312256]
  Arm Observation Counts: [10, 15, 12]
  Last Sampled Values: [1.992280125617981, 0.0002886354923248291, -0.3615806996822357]
------------------------------------------------------------
No improvement for 1 epoch(s)

Reward: -0.31% (normalized: -0.03)

Epoch 40/100 | LR: 0.000750 | Time: 42.89s
Train Loss: 0.0094 | Train Acc: 99.98%
Val Loss: 0.1562 | Val Acc: 96.70%

Gradient Chain Statistics:
[PacaGradientChainManager - Gradient Chain Logs]
  Chains Built: True
  Number of Chains: 3
  Current Epoch: 39
  Selected Arms: [2]
  Arm Means: [0.021164022386074066, 0.25821173191070557, 0.39022204279899597]
  Arm Stds: [1.49071204662323, 1.2803688049316406, 1.4285714626312256]
  Arm Observation Counts: [11, 15, 12]
  Last Sampled Values: [0.26084277033805847, 0.6336908340454102, 2.5950047969818115]
------------------------------------------------------------
No improvement for 2 epoch(s)

Reward: 0.31% (normalized: 0.03)

Epoch 41/100 | LR: 0.000735 | Time: 42.91s
Train Loss: 0.0089 | Train Acc: 99.97%
Val Loss: 0.1525 | Val Acc: 97.01%

Gradient Chain Statistics:
[PacaGradientChainManager - Gradient Chain Logs]
  Chains Built: True
  Number of Chains: 3
  Current Epoch: 40
  Selected Arms: [2]
  Arm Means: [0.021164022386074066, 0.25821173191070557, 0.3630751073360443]
  Arm Stds: [1.49071204662323, 1.2803688049316406, 1.373605728149414]
  Arm Observation Counts: [11, 15, 13]
  Last Sampled Values: [-1.3522146940231323, 0.5344293117523193, 0.9858001470565796]
------------------------------------------------------------

Reward: -0.12% (normalized: -0.01)

Epoch 42/100 | LR: 0.000719 | Time: 42.91s
Train Loss: 0.0086 | Train Acc: 99.97%
Val Loss: 0.1533 | Val Acc: 96.89%

Gradient Chain Statistics:
[PacaGradientChainManager - Gradient Chain Logs]
  Chains Built: True
  Number of Chains: 3
  Current Epoch: 41
  Selected Arms: [2]
  Arm Means: [0.021164022386074066, 0.25821173191070557, 0.33673930168151855]
  Arm Stds: [1.49071204662323, 1.2803688049316406, 1.324532389640808]
  Arm Observation Counts: [11, 15, 14]
  Last Sampled Values: [1.9307148456573486, -0.07285669445991516, 2.844870090484619]
------------------------------------------------------------
No improvement for 1 epoch(s)

Reward: 0.24% (normalized: 0.02)

Epoch 43/100 | LR: 0.000703 | Time: 42.90s
Train Loss: 0.0083 | Train Acc: 99.98%
Val Loss: 0.1508 | Val Acc: 97.13%

Gradient Chain Statistics:
[PacaGradientChainManager - Gradient Chain Logs]
  Chains Built: True
  Number of Chains: 3
  Current Epoch: 42
  Selected Arms: [0]
  Arm Means: [0.021164022386074066, 0.25821173191070557, 0.31625935435295105]
  Arm Stds: [1.49071204662323, 1.2803688049316406, 1.2803688049316406]
  Arm Observation Counts: [11, 15, 15]
  Last Sampled Values: [2.1613199710845947, 0.7726729512214661, 1.6145856380462646]
------------------------------------------------------------

Reward: -0.24% (normalized: -0.02)

Epoch 44/100 | LR: 0.000687 | Time: 42.91s
Train Loss: 0.0078 | Train Acc: 99.97%
Val Loss: 0.1553 | Val Acc: 96.89%

Gradient Chain Statistics:
[PacaGradientChainManager - Gradient Chain Logs]
  Chains Built: True
  Number of Chains: 3
  Current Epoch: 43
  Selected Arms: [1]
  Arm Means: [0.017442874610424042, 0.25821173191070557, 0.31625935435295105]
  Arm Stds: [1.4285714626312256, 1.2803688049316406, 1.2803688049316406]
  Arm Observation Counts: [12, 15, 15]
  Last Sampled Values: [-0.3692667484283447, 0.9148905873298645, -0.2363744080066681]
------------------------------------------------------------
No improvement for 1 epoch(s)

Reward: -0.31% (normalized: -0.03)

Epoch 45/100 | LR: 0.000671 | Time: 42.89s
Train Loss: 0.0076 | Train Acc: 99.98%
Val Loss: 0.1672 | Val Acc: 96.58%

Gradient Chain Statistics:
[PacaGradientChainManager - Gradient Chain Logs]
  Chains Built: True
  Number of Chains: 3
  Current Epoch: 44
  Selected Arms: [0]
  Arm Means: [0.017442874610424042, 0.24044331908226013, 0.31625935435295105]
  Arm Stds: [1.4285714626312256, 1.2403473854064941, 1.2803688049316406]
  Arm Observation Counts: [12, 16, 15]
  Last Sampled Values: [3.760871648788452, 0.6453770995140076, 1.0900102853775024]
------------------------------------------------------------
No improvement for 2 epoch(s)

Reward: 0.12% (normalized: 0.01)

Epoch 46/100 | LR: 0.000655 | Time: 42.90s
Train Loss: 0.0076 | Train Acc: 99.98%
Val Loss: 0.1584 | Val Acc: 96.70%

Gradient Chain Statistics:
[PacaGradientChainManager - Gradient Chain Logs]
  Chains Built: True
  Number of Chains: 3
  Current Epoch: 45
  Selected Arms: [2]
  Arm Means: [0.0170479416847229, 0.24044331908226013, 0.31625935435295105]
  Arm Stds: [1.373605728149414, 1.2403473854064941, 1.2803688049316406]
  Arm Observation Counts: [13, 16, 15]
  Last Sampled Values: [1.6202366352081299, 1.1485319137573242, 2.722893238067627]
------------------------------------------------------------
No improvement for 3 epoch(s)

Reward: 0.18% (normalized: 0.02)

Epoch 47/100 | LR: 0.000638 | Time: 42.83s
Train Loss: 0.0073 | Train Acc: 99.98%
Val Loss: 0.1526 | Val Acc: 96.89%

Gradient Chain Statistics:
[PacaGradientChainManager - Gradient Chain Logs]
  Chains Built: True
  Number of Chains: 3
  Current Epoch: 46
  Selected Arms: [2]
  Arm Means: [0.0170479416847229, 0.24044331908226013, 0.29792430996894836]
  Arm Stds: [1.373605728149414, 1.2403473854064941, 1.2403473854064941]
  Arm Observation Counts: [13, 16, 16]
  Last Sampled Values: [-0.12821687757968903, 1.0050987005233765, 1.4609161615371704]
------------------------------------------------------------
No improvement for 4 epoch(s)

Reward: -0.12% (normalized: -0.01)

Epoch 48/100 | LR: 0.000621 | Time: 42.90s
Train Loss: 0.0074 | Train Acc: 99.97%
Val Loss: 0.1538 | Val Acc: 96.76%

Gradient Chain Statistics:
[PacaGradientChainManager - Gradient Chain Logs]
  Chains Built: True
  Number of Chains: 3
  Current Epoch: 47
  Selected Arms: [2]
  Arm Means: [0.0170479416847229, 0.24044331908226013, 0.2799454927444458]
  Arm Stds: [1.373605728149414, 1.2403473854064941, 1.2038586139678955]
  Arm Observation Counts: [13, 16, 17]
  Last Sampled Values: [-0.6471392512321472, -1.4258514642715454, 0.8925263285636902]
------------------------------------------------------------
No improvement for 5 epoch(s)

Reward: 0.06% (normalized: 0.01)

Epoch 49/100 | LR: 0.000604 | Time: 42.86s
Train Loss: 0.0072 | Train Acc: 99.97%
Val Loss: 0.1514 | Val Acc: 96.83%

Gradient Chain Statistics:
[PacaGradientChainManager - Gradient Chain Logs]
  Chains Built: True
  Number of Chains: 3
  Current Epoch: 48
  Selected Arms: [0]
  Arm Means: [0.0170479416847229, 0.24044331908226013, 0.2649405300617218]
  Arm Stds: [1.373605728149414, 1.2403473854064941, 1.1704115867614746]
  Arm Observation Counts: [13, 16, 18]
  Last Sampled Values: [1.3980133533477783, 0.7555427551269531, -0.8213331699371338]
------------------------------------------------------------
No improvement for 6 epoch(s)

Reward: -0.49% (normalized: -0.05)

Epoch 50/100 | LR: 0.000587 | Time: 42.90s
Train Loss: 0.0067 | Train Acc: 99.98%
Val Loss: 0.1677 | Val Acc: 96.34%

Gradient Chain Statistics:
[PacaGradientChainManager - Gradient Chain Logs]
  Chains Built: True
  Number of Chains: 3
  Current Epoch: 49
  Selected Arms: [2]
  Arm Means: [0.012424222193658352, 0.24044331908226013, 0.2649405300617218]
  Arm Stds: [1.324532389640808, 1.2403473854064941, 1.1704115867614746]
  Arm Observation Counts: [14, 16, 18]
  Last Sampled Values: [-0.8535285592079163, -1.5453479290008545, -0.659394383430481]
------------------------------------------------------------
No improvement for 7 epoch(s)
Early stopping triggered after 50 epochs.
Total training time: 2144.08 seconds
Average time per epoch: 42.88 seconds

============================================================
Training completed!
============================================================
Using device: cuda
============================================================
Vision Transformer Fine-tuning on Flowers-102
Using Gradient Chain Selection - Rank 32
============================================================
Using random seed: 2969

Loading dataset...
--- Flowers-102 Dataset (Custom 80/20 Split) ---
Total images from all splits: 8189
Custom training set size (80%): 6551
Custom testing set size (20%): 1638

Creating ViT model for 102 classes...

PEFT config: PacaConfig(peft_type=<PeftType.PACA: 'PACA'>, auto_mapping=None, base_model_name_or_path=None, revision=None, task_type=<TaskType.FEATURE_EXTRACTION: 'FEATURE_EXTRACTION'>, inference_mode=False, r=32, target_modules={'mlp.0', 'mlp.3', 'out_proj'}, paca_alpha=64, fan_in_fan_out=False, bias='all', modules_to_save=['head'], layers_to_transform=None, layers_pattern=None, rank_pattern={}, alpha_pattern={}, megatron_config=None, megatron_core='megatron.core', layer_replication=None, gradient_accumulation_steps=1, steps_per_epoch=103, arm_distribution='gradient_chain', num_arms=3, num_arms_to_select=1, ucb_alpha=0.5, use_fixed_indices=False, arm_selection_method='thompson', thompson_distribution='gaussian', thompson_alpha_prior=1.0, thompson_beta_prior=1.0, thompson_gaussian_prior_mean=0.0, thompson_gaussian_prior_std=10.0, thompson_gaussian_noise_std=5.0, gradient_chain_warmup_epochs=2, gradient_chain_num_samples=5)
Total parameters: 149,656,524
Trainable parameters: 1,872,588 (1.25%)
Frozen parameters: 147,783,936 (98.75%)

============================================================
Fine-tuning ViT using Gradient Chain Selection:
============================================================
Calculating initial validation accuracy...
Initial Val Acc: 0.73%

Reward: 0.00% (normalized: 0.00)
Gradient chain warmup: 1/2

Epoch 1/100 | LR: 0.000100 | Time: 42.64s
Train Loss: 4.7177 | Train Acc: 0.52%
Val Loss: 4.7083 | Val Acc: 0.73%

Gradient Chain Statistics:
[PacaGradientChainManager - Gradient Chain Logs]
  Chains Built: False
  Number of Chains: 0
  Current Epoch: 0
  Arm Means: [0.0, 0.0, 0.0]
  Arm Stds: [10.0, 10.0, 10.0]
  Arm Observation Counts: [0, 0, 0]
------------------------------------------------------------

Reward: 20.57% (normalized: 2.06)

============================================================
Building Gradient Chains...
============================================================
Sampling 5 batches to estimate gradients...
  Batch 1/5 processed
  Batch 2/5 processed
  Batch 3/5 processed
  Batch 4/5 processed
  Batch 5/5 processed

Averaging gradients across batches...

Building 3 gradient chains...

Chain 0: Starting from neuron 6
  Layer 0 (encoder.layers.encoder_layer_0.mlp.0): input_col=6 -> output_neuron=2437 (grad=0.0040)
  Layer 1 (encoder.layers.encoder_layer_0.mlp.3): input_col=5 -> output_neuron=259 (grad=0.0023)
  Warning: No gradients for layer encoder.layers.encoder_layer_1.self_attention.out_proj, skipping
  Layer 3 (encoder.layers.encoder_layer_1.mlp.0): input_col=3 -> output_neuron=2440 (grad=0.0004)
  Layer 4 (encoder.layers.encoder_layer_1.mlp.3): input_col=8 -> output_neuron=324 (grad=0.0009)
  Warning: No gradients for layer encoder.layers.encoder_layer_2.self_attention.out_proj, skipping
  Layer 6 (encoder.layers.encoder_layer_2.mlp.0): input_col=4 -> output_neuron=2499 (grad=0.0000)
  Layer 7 (encoder.layers.encoder_layer_2.mlp.3): input_col=3 -> output_neuron=9 (grad=0.0000)
  Warning: No gradients for layer encoder.layers.encoder_layer_3.self_attention.out_proj, skipping
  Layer 9 (encoder.layers.encoder_layer_3.mlp.0): input_col=9 -> output_neuron=1012 (grad=0.0009)
  Layer 10 (encoder.layers.encoder_layer_3.mlp.3): input_col=20 -> output_neuron=69 (grad=0.0009)
  Warning: No gradients for layer encoder.layers.encoder_layer_4.self_attention.out_proj, skipping
  Layer 12 (encoder.layers.encoder_layer_4.mlp.0): input_col=5 -> output_neuron=2357 (grad=0.0004)
  Layer 13 (encoder.layers.encoder_layer_4.mlp.3): input_col=21 -> output_neuron=78 (grad=0.0010)
  Warning: No gradients for layer encoder.layers.encoder_layer_5.self_attention.out_proj, skipping
  Layer 15 (encoder.layers.encoder_layer_5.mlp.0): input_col=14 -> output_neuron=1102 (grad=0.0002)
  Layer 16 (encoder.layers.encoder_layer_5.mlp.3): input_col=14 -> output_neuron=712 (grad=0.0008)
  Warning: No gradients for layer encoder.layers.encoder_layer_6.self_attention.out_proj, skipping
  Layer 18 (encoder.layers.encoder_layer_6.mlp.0): input_col=8 -> output_neuron=771 (grad=0.0009)
  Layer 19 (encoder.layers.encoder_layer_6.mlp.3): input_col=3 -> output_neuron=712 (grad=0.0008)
  Warning: No gradients for layer encoder.layers.encoder_layer_7.self_attention.out_proj, skipping
  Layer 21 (encoder.layers.encoder_layer_7.mlp.0): input_col=8 -> output_neuron=2769 (grad=0.0038)
  Layer 22 (encoder.layers.encoder_layer_7.mlp.3): input_col=17 -> output_neuron=173 (grad=0.0010)
  Warning: No gradients for layer encoder.layers.encoder_layer_8.self_attention.out_proj, skipping
  Layer 24 (encoder.layers.encoder_layer_8.mlp.0): input_col=13 -> output_neuron=2891 (grad=0.0007)
  Layer 25 (encoder.layers.encoder_layer_8.mlp.3): input_col=11 -> output_neuron=744 (grad=0.0008)
  Warning: No gradients for layer encoder.layers.encoder_layer_9.self_attention.out_proj, skipping
  Layer 27 (encoder.layers.encoder_layer_9.mlp.0): input_col=8 -> output_neuron=2198 (grad=0.0037)
  Layer 28 (encoder.layers.encoder_layer_9.mlp.3): input_col=22 -> output_neuron=665 (grad=0.0058)
  Warning: No gradients for layer encoder.layers.encoder_layer_10.self_attention.out_proj, skipping
  Layer 30 (encoder.layers.encoder_layer_10.mlp.0): input_col=25 -> output_neuron=2330 (grad=0.0060)
  Layer 31 (encoder.layers.encoder_layer_10.mlp.3): input_col=26 -> output_neuron=222 (grad=0.0013)
  Warning: No gradients for layer encoder.layers.encoder_layer_11.self_attention.out_proj, skipping
  Layer 33 (encoder.layers.encoder_layer_11.mlp.0): input_col=30 -> output_neuron=2091 (grad=0.0089)
  Layer 34 (encoder.layers.encoder_layer_11.mlp.3): input_col=11 -> output_neuron=356 (grad=0.0011)

Chain 1: Starting from neuron 2
  Layer 0 (encoder.layers.encoder_layer_0.mlp.0): input_col=2 -> output_neuron=2437 (grad=0.0007)
  Layer 1 (encoder.layers.encoder_layer_0.mlp.3): input_col=5 -> output_neuron=259 (grad=0.0023)
  Warning: No gradients for layer encoder.layers.encoder_layer_1.self_attention.out_proj, skipping
  Layer 3 (encoder.layers.encoder_layer_1.mlp.0): input_col=3 -> output_neuron=2440 (grad=0.0004)
  Layer 4 (encoder.layers.encoder_layer_1.mlp.3): input_col=8 -> output_neuron=324 (grad=0.0009)
  Warning: No gradients for layer encoder.layers.encoder_layer_2.self_attention.out_proj, skipping
  Layer 6 (encoder.layers.encoder_layer_2.mlp.0): input_col=4 -> output_neuron=2499 (grad=0.0000)
  Layer 7 (encoder.layers.encoder_layer_2.mlp.3): input_col=3 -> output_neuron=9 (grad=0.0000)
  Warning: No gradients for layer encoder.layers.encoder_layer_3.self_attention.out_proj, skipping
  Layer 9 (encoder.layers.encoder_layer_3.mlp.0): input_col=9 -> output_neuron=1012 (grad=0.0009)
  Layer 10 (encoder.layers.encoder_layer_3.mlp.3): input_col=20 -> output_neuron=69 (grad=0.0009)
  Warning: No gradients for layer encoder.layers.encoder_layer_4.self_attention.out_proj, skipping
  Layer 12 (encoder.layers.encoder_layer_4.mlp.0): input_col=5 -> output_neuron=2357 (grad=0.0004)
  Layer 13 (encoder.layers.encoder_layer_4.mlp.3): input_col=21 -> output_neuron=78 (grad=0.0010)
  Warning: No gradients for layer encoder.layers.encoder_layer_5.self_attention.out_proj, skipping
  Layer 15 (encoder.layers.encoder_layer_5.mlp.0): input_col=14 -> output_neuron=1102 (grad=0.0002)
  Layer 16 (encoder.layers.encoder_layer_5.mlp.3): input_col=14 -> output_neuron=712 (grad=0.0008)
  Warning: No gradients for layer encoder.layers.encoder_layer_6.self_attention.out_proj, skipping
  Layer 18 (encoder.layers.encoder_layer_6.mlp.0): input_col=8 -> output_neuron=771 (grad=0.0009)
  Layer 19 (encoder.layers.encoder_layer_6.mlp.3): input_col=3 -> output_neuron=712 (grad=0.0008)
  Warning: No gradients for layer encoder.layers.encoder_layer_7.self_attention.out_proj, skipping
  Layer 21 (encoder.layers.encoder_layer_7.mlp.0): input_col=8 -> output_neuron=2769 (grad=0.0038)
  Layer 22 (encoder.layers.encoder_layer_7.mlp.3): input_col=17 -> output_neuron=173 (grad=0.0010)
  Warning: No gradients for layer encoder.layers.encoder_layer_8.self_attention.out_proj, skipping
  Layer 24 (encoder.layers.encoder_layer_8.mlp.0): input_col=13 -> output_neuron=2891 (grad=0.0007)
  Layer 25 (encoder.layers.encoder_layer_8.mlp.3): input_col=11 -> output_neuron=744 (grad=0.0008)
  Warning: No gradients for layer encoder.layers.encoder_layer_9.self_attention.out_proj, skipping
  Layer 27 (encoder.layers.encoder_layer_9.mlp.0): input_col=8 -> output_neuron=2198 (grad=0.0037)
  Layer 28 (encoder.layers.encoder_layer_9.mlp.3): input_col=22 -> output_neuron=665 (grad=0.0058)
  Warning: No gradients for layer encoder.layers.encoder_layer_10.self_attention.out_proj, skipping
  Layer 30 (encoder.layers.encoder_layer_10.mlp.0): input_col=25 -> output_neuron=2330 (grad=0.0060)
  Layer 31 (encoder.layers.encoder_layer_10.mlp.3): input_col=26 -> output_neuron=222 (grad=0.0013)
  Warning: No gradients for layer encoder.layers.encoder_layer_11.self_attention.out_proj, skipping
  Layer 33 (encoder.layers.encoder_layer_11.mlp.0): input_col=30 -> output_neuron=2091 (grad=0.0089)
  Layer 34 (encoder.layers.encoder_layer_11.mlp.3): input_col=11 -> output_neuron=356 (grad=0.0011)

Chain 2: Starting from neuron 19
  Layer 0 (encoder.layers.encoder_layer_0.mlp.0): input_col=19 -> output_neuron=1169 (grad=0.0000)
  Layer 1 (encoder.layers.encoder_layer_0.mlp.3): input_col=17 -> output_neuron=390 (grad=0.0002)
  Warning: No gradients for layer encoder.layers.encoder_layer_1.self_attention.out_proj, skipping
  Layer 3 (encoder.layers.encoder_layer_1.mlp.0): input_col=6 -> output_neuron=2440 (grad=0.0004)
  Layer 4 (encoder.layers.encoder_layer_1.mlp.3): input_col=8 -> output_neuron=324 (grad=0.0009)
  Warning: No gradients for layer encoder.layers.encoder_layer_2.self_attention.out_proj, skipping
  Layer 6 (encoder.layers.encoder_layer_2.mlp.0): input_col=4 -> output_neuron=2499 (grad=0.0000)
  Layer 7 (encoder.layers.encoder_layer_2.mlp.3): input_col=3 -> output_neuron=9 (grad=0.0000)
  Warning: No gradients for layer encoder.layers.encoder_layer_3.self_attention.out_proj, skipping
  Layer 9 (encoder.layers.encoder_layer_3.mlp.0): input_col=9 -> output_neuron=1012 (grad=0.0009)
  Layer 10 (encoder.layers.encoder_layer_3.mlp.3): input_col=20 -> output_neuron=69 (grad=0.0009)
  Warning: No gradients for layer encoder.layers.encoder_layer_4.self_attention.out_proj, skipping
  Layer 12 (encoder.layers.encoder_layer_4.mlp.0): input_col=5 -> output_neuron=2357 (grad=0.0004)
  Layer 13 (encoder.layers.encoder_layer_4.mlp.3): input_col=21 -> output_neuron=78 (grad=0.0010)
  Warning: No gradients for layer encoder.layers.encoder_layer_5.self_attention.out_proj, skipping
  Layer 15 (encoder.layers.encoder_layer_5.mlp.0): input_col=14 -> output_neuron=1102 (grad=0.0002)
  Layer 16 (encoder.layers.encoder_layer_5.mlp.3): input_col=14 -> output_neuron=712 (grad=0.0008)
  Warning: No gradients for layer encoder.layers.encoder_layer_6.self_attention.out_proj, skipping
  Layer 18 (encoder.layers.encoder_layer_6.mlp.0): input_col=8 -> output_neuron=771 (grad=0.0009)
  Layer 19 (encoder.layers.encoder_layer_6.mlp.3): input_col=3 -> output_neuron=712 (grad=0.0008)
  Warning: No gradients for layer encoder.layers.encoder_layer_7.self_attention.out_proj, skipping
  Layer 21 (encoder.layers.encoder_layer_7.mlp.0): input_col=8 -> output_neuron=2769 (grad=0.0038)
  Layer 22 (encoder.layers.encoder_layer_7.mlp.3): input_col=17 -> output_neuron=173 (grad=0.0010)
  Warning: No gradients for layer encoder.layers.encoder_layer_8.self_attention.out_proj, skipping
  Layer 24 (encoder.layers.encoder_layer_8.mlp.0): input_col=13 -> output_neuron=2891 (grad=0.0007)
  Layer 25 (encoder.layers.encoder_layer_8.mlp.3): input_col=11 -> output_neuron=744 (grad=0.0008)
  Warning: No gradients for layer encoder.layers.encoder_layer_9.self_attention.out_proj, skipping
  Layer 27 (encoder.layers.encoder_layer_9.mlp.0): input_col=8 -> output_neuron=2198 (grad=0.0037)
  Layer 28 (encoder.layers.encoder_layer_9.mlp.3): input_col=22 -> output_neuron=665 (grad=0.0058)
  Warning: No gradients for layer encoder.layers.encoder_layer_10.self_attention.out_proj, skipping
  Layer 30 (encoder.layers.encoder_layer_10.mlp.0): input_col=25 -> output_neuron=2330 (grad=0.0060)
  Layer 31 (encoder.layers.encoder_layer_10.mlp.3): input_col=26 -> output_neuron=222 (grad=0.0013)
  Warning: No gradients for layer encoder.layers.encoder_layer_11.self_attention.out_proj, skipping
  Layer 33 (encoder.layers.encoder_layer_11.mlp.0): input_col=30 -> output_neuron=2091 (grad=0.0089)
  Layer 34 (encoder.layers.encoder_layer_11.mlp.3): input_col=11 -> output_neuron=356 (grad=0.0011)

============================================================
✓ Successfully built 3 gradient chains
============================================================

Epoch 2/100 | LR: 0.000200 | Time: 45.07s
Train Loss: 4.3740 | Train Acc: 7.08%
Val Loss: 4.0065 | Val Acc: 21.31%

Gradient Chain Statistics:
[PacaGradientChainManager - Gradient Chain Logs]
  Chains Built: True
  Number of Chains: 3
  Current Epoch: 1
  Selected Arms: [2]
  Arm Means: [0.0, 0.0, 0.0]
  Arm Stds: [10.0, 10.0, 10.0]
  Arm Observation Counts: [0, 0, 0]
  Last Sampled Values: [3.997760772705078, -0.8389114141464233, 11.53758430480957]
------------------------------------------------------------

Reward: 39.80% (normalized: 3.98)

Epoch 3/100 | LR: 0.000300 | Time: 42.86s
Train Loss: 3.1695 | Train Acc: 43.21%
Val Loss: 2.4314 | Val Acc: 61.11%

Gradient Chain Statistics:
[PacaGradientChainManager - Gradient Chain Logs]
  Chains Built: True
  Number of Chains: 3
  Current Epoch: 2
  Selected Arms: [1]
  Arm Means: [0.0, 0.0, 3.18437123298645]
  Arm Stds: [10.0, 10.0, 4.4721360206604]
  Arm Observation Counts: [0, 0, 1]
  Last Sampled Values: [8.807842254638672, 9.284215927124023, 0.7409498691558838]
------------------------------------------------------------

Reward: 21.06% (normalized: 2.11)

Epoch 4/100 | LR: 0.000400 | Time: 42.87s
Train Loss: 1.8485 | Train Acc: 75.27%
Val Loss: 1.4992 | Val Acc: 82.17%

Gradient Chain Statistics:
[PacaGradientChainManager - Gradient Chain Logs]
  Chains Built: True
  Number of Chains: 3
  Current Epoch: 3
  Selected Arms: [1]
  Arm Means: [0.0, 1.6849817037582397, 3.18437123298645]
  Arm Stds: [10.0, 4.4721360206604, 4.4721360206604]
  Arm Observation Counts: [0, 1, 1]
  Last Sampled Values: [-2.4921092987060547, -1.9027000665664673, -7.071152687072754]
------------------------------------------------------------

Reward: 8.79% (normalized: 0.88)

Epoch 5/100 | LR: 0.000500 | Time: 42.79s
Train Loss: 1.1517 | Train Acc: 90.32%
Val Loss: 0.9535 | Val Acc: 90.96%

Gradient Chain Statistics:
[PacaGradientChainManager - Gradient Chain Logs]
  Chains Built: True
  Number of Chains: 3
  Current Epoch: 4
  Selected Arms: [2]
  Arm Means: [0.0, 1.3268213272094727, 3.18437123298645]
  Arm Stds: [10.0, 3.3333334922790527, 4.4721360206604]
  Arm Observation Counts: [0, 2, 1]
  Last Sampled Values: [-11.839838027954102, 3.893965005874634, 5.079220294952393]
------------------------------------------------------------

Reward: 4.15% (normalized: 0.42)

Epoch 6/100 | LR: 0.000600 | Time: 42.83s
Train Loss: 0.6496 | Train Acc: 96.49%
Val Loss: 0.6087 | Val Acc: 95.12%

Gradient Chain Statistics:
[PacaGradientChainManager - Gradient Chain Logs]
  Chains Built: True
  Number of Chains: 3
  Current Epoch: 5
  Selected Arms: [2]
  Arm Means: [0.0, 1.3268213272094727, 1.9536019563674927]
  Arm Stds: [10.0, 3.3333334922790527, 3.3333334922790527]
  Arm Observation Counts: [0, 2, 2]
  Last Sampled Values: [-17.122915267944336, 3.400665521621704, 6.97244930267334]
------------------------------------------------------------

Reward: 0.79% (normalized: 0.08)

Epoch 7/100 | LR: 0.000700 | Time: 42.82s
Train Loss: 0.4219 | Train Acc: 98.40%
Val Loss: 0.4364 | Val Acc: 95.91%

Gradient Chain Statistics:
[PacaGradientChainManager - Gradient Chain Logs]
  Chains Built: True
  Number of Chains: 3
  Current Epoch: 6
  Selected Arms: [1]
  Arm Means: [0.0, 1.3268213272094727, 1.3769136667251587]
  Arm Stds: [10.0, 3.3333334922790527, 2.77350115776062]
  Arm Observation Counts: [0, 2, 3]
  Last Sampled Values: [3.5718154907226562, 5.057947158813477, 2.8181209564208984]
------------------------------------------------------------

Reward: 0.55% (normalized: 0.05)

Epoch 8/100 | LR: 0.000800 | Time: 42.80s
Train Loss: 0.2337 | Train Acc: 99.37%
Val Loss: 0.3496 | Val Acc: 96.46%

Gradient Chain Statistics:
[PacaGradientChainManager - Gradient Chain Logs]
  Chains Built: True
  Number of Chains: 3
  Current Epoch: 7
  Selected Arms: [0]
  Arm Means: [0.0, 0.9354747533798218, 1.3769136667251587]
  Arm Stds: [10.0, 2.77350115776062, 2.77350115776062]
  Arm Observation Counts: [0, 3, 3]
  Last Sampled Values: [9.123987197875977, -2.253413200378418, 1.7699463367462158]
------------------------------------------------------------

Reward: 0.49% (normalized: 0.05)

Epoch 9/100 | LR: 0.000900 | Time: 42.82s
Train Loss: 0.1371 | Train Acc: 99.88%
Val Loss: 0.2801 | Val Acc: 96.95%

Gradient Chain Statistics:
[PacaGradientChainManager - Gradient Chain Logs]
  Chains Built: True
  Number of Chains: 3
  Current Epoch: 8
  Selected Arms: [2]
  Arm Means: [0.03907204046845436, 0.9354747533798218, 1.3769136667251587]
  Arm Stds: [4.4721360206604, 2.77350115776062, 2.77350115776062]
  Arm Observation Counts: [1, 3, 3]
  Last Sampled Values: [-0.31334125995635986, 2.8688998222351074, 8.09565258026123]
------------------------------------------------------------

Reward: -0.24% (normalized: -0.02)

Epoch 10/100 | LR: 0.001000 | Time: 42.87s
Train Loss: 0.0952 | Train Acc: 99.89%
Val Loss: 0.2524 | Val Acc: 96.70%

Gradient Chain Statistics:
[PacaGradientChainManager - Gradient Chain Logs]
  Chains Built: True
  Number of Chains: 3
  Current Epoch: 9
  Selected Arms: [1]
  Arm Means: [0.03907204046845436, 0.9354747533798218, 1.0471880435943604]
  Arm Stds: [4.4721360206604, 2.77350115776062, 2.425356388092041]
  Arm Observation Counts: [1, 3, 4]
  Last Sampled Values: [0.08660991489887238, 4.23262882232666, -0.17738831043243408]
------------------------------------------------------------

Reward: 0.12% (normalized: 0.01)

Epoch 11/100 | LR: 0.001000 | Time: 43.02s
Train Loss: 0.0669 | Train Acc: 99.97%
Val Loss: 0.2172 | Val Acc: 96.83%

Gradient Chain Statistics:
[PacaGradientChainManager - Gradient Chain Logs]
  Chains Built: True
  Number of Chains: 3
  Current Epoch: 10
  Selected Arms: [1]
  Arm Means: [0.03907204046845436, 0.718235969543457, 1.0471880435943604]
  Arm Stds: [4.4721360206604, 2.425356388092041, 2.425356388092041]
  Arm Observation Counts: [1, 4, 4]
  Last Sampled Values: [-4.42767858505249, 2.00289249420166, -0.8527185916900635]
------------------------------------------------------------

Reward: 0.18% (normalized: 0.02)

Epoch 12/100 | LR: 0.000999 | Time: 43.04s
Train Loss: 0.0662 | Train Acc: 99.83%
Val Loss: 0.1913 | Val Acc: 97.01%

Gradient Chain Statistics:
[PacaGradientChainManager - Gradient Chain Logs]
  Chains Built: True
  Number of Chains: 3
  Current Epoch: 11
  Selected Arms: [2]
  Arm Means: [0.03907204046845436, 0.5849176645278931, 1.0471880435943604]
  Arm Stds: [4.4721360206604, 2.1821789741516113, 2.425356388092041]
  Arm Observation Counts: [1, 5, 4]
  Last Sampled Values: [-4.3774566650390625, 3.388853073120117, 3.5261340141296387]
------------------------------------------------------------

Reward: 0.12% (normalized: 0.01)

Epoch 13/100 | LR: 0.000997 | Time: 43.02s
Train Loss: 0.0336 | Train Acc: 99.98%
Val Loss: 0.1695 | Val Acc: 97.13%

Gradient Chain Statistics:
[PacaGradientChainManager - Gradient Chain Logs]
  Chains Built: True
  Number of Chains: 3
  Current Epoch: 12
  Selected Arms: [2]
  Arm Means: [0.03907204046845436, 0.5849176645278931, 0.8500493764877319]
  Arm Stds: [4.4721360206604, 2.1821789741516113, 2.1821789741516113]
  Arm Observation Counts: [1, 5, 5]
  Last Sampled Values: [-2.072873115539551, 0.2812621593475342, 1.2994053363800049]
------------------------------------------------------------

Reward: 0.31% (normalized: 0.03)

Epoch 14/100 | LR: 0.000995 | Time: 43.05s
Train Loss: 0.0290 | Train Acc: 99.97%
Val Loss: 0.1602 | Val Acc: 97.44%

Gradient Chain Statistics:
[PacaGradientChainManager - Gradient Chain Logs]
  Chains Built: True
  Number of Chains: 3
  Current Epoch: 13
  Selected Arms: [0]
  Arm Means: [0.03907204046845436, 0.5849176645278931, 0.7189254760742188]
  Arm Stds: [4.4721360206604, 2.1821789741516113, 2.0]
  Arm Observation Counts: [1, 5, 6]
  Last Sampled Values: [7.944921016693115, 1.1476080417633057, 1.9901807308197021]
------------------------------------------------------------

Reward: 0.12% (normalized: 0.01)

Epoch 15/100 | LR: 0.000992 | Time: 43.01s
Train Loss: 0.0231 | Train Acc: 99.98%
Val Loss: 0.1529 | Val Acc: 97.56%

Gradient Chain Statistics:
[PacaGradientChainManager - Gradient Chain Logs]
  Chains Built: True
  Number of Chains: 3
  Current Epoch: 14
  Selected Arms: [1]
  Arm Means: [0.027133360505104065, 0.5849176645278931, 0.7189254760742188]
  Arm Stds: [3.3333334922790527, 2.1821789741516113, 2.0]
  Arm Observation Counts: [2, 5, 6]
  Last Sampled Values: [-3.4635984897613525, -1.800916075706482, -2.6009836196899414]
------------------------------------------------------------

Reward: -0.06% (normalized: -0.01)

Epoch 16/100 | LR: 0.000989 | Time: 43.02s
Train Loss: 0.0203 | Train Acc: 99.98%
Val Loss: 0.1513 | Val Acc: 97.50%

Gradient Chain Statistics:
[PacaGradientChainManager - Gradient Chain Logs]
  Chains Built: True
  Number of Chains: 3
  Current Epoch: 15
  Selected Arms: [2]
  Arm Means: [0.027133360505104065, 0.4903540313243866, 0.7189254760742188]
  Arm Stds: [3.3333334922790527, 2.0, 2.0]
  Arm Observation Counts: [2, 6, 6]
  Last Sampled Values: [-6.964883327484131, -0.4170399606227875, 0.5267567038536072]
------------------------------------------------------------

Reward: -0.37% (normalized: -0.04)

Epoch 17/100 | LR: 0.000985 | Time: 43.00s
Train Loss: 0.0186 | Train Acc: 99.98%
Val Loss: 0.1495 | Val Acc: 97.13%

Gradient Chain Statistics:
[PacaGradientChainManager - Gradient Chain Logs]
  Chains Built: True
  Number of Chains: 3
  Current Epoch: 16
  Selected Arms: [2]
  Arm Means: [0.027133360505104065, 0.4903540313243866, 0.6147109270095825]
  Arm Stds: [3.3333334922790527, 2.0, 1.8569533824920654]
  Arm Observation Counts: [2, 6, 7]
  Last Sampled Values: [-2.9945719242095947, 0.3846791386604309, 3.231660842895508]
------------------------------------------------------------

Reward: -0.06% (normalized: -0.01)

Epoch 18/100 | LR: 0.000981 | Time: 43.03s
Train Loss: 0.0160 | Train Acc: 99.98%
Val Loss: 0.1535 | Val Acc: 97.07%

Gradient Chain Statistics:
[PacaGradientChainManager - Gradient Chain Logs]
  Chains Built: True
  Number of Chains: 3
  Current Epoch: 17
  Selected Arms: [0]
  Arm Means: [0.027133360505104065, 0.4903540313243866, 0.5394605398178101]
  Arm Stds: [3.3333334922790527, 2.0, 1.740776538848877]
  Arm Observation Counts: [2, 6, 8]
  Last Sampled Values: [2.0650274753570557, -1.5476188659667969, 1.1041440963745117]
------------------------------------------------------------
No improvement for 1 epoch(s)

Reward: 0.24% (normalized: 0.02)

Epoch 19/100 | LR: 0.000976 | Time: 43.09s
Train Loss: 0.0154 | Train Acc: 99.98%
Val Loss: 0.1435 | Val Acc: 97.31%

Gradient Chain Statistics:
[PacaGradientChainManager - Gradient Chain Logs]
  Chains Built: True
  Number of Chains: 3
  Current Epoch: 18
  Selected Arms: [2]
  Arm Means: [0.026298487558960915, 0.4903540313243866, 0.5394605398178101]
  Arm Stds: [2.77350115776062, 2.0, 1.740776538848877]
  Arm Observation Counts: [3, 6, 8]
  Last Sampled Values: [-3.4325637817382812, 2.4872243404388428, 4.533010482788086]
------------------------------------------------------------

Reward: 0.12% (normalized: 0.01)

Epoch 20/100 | LR: 0.000970 | Time: 43.05s
Train Loss: 0.0136 | Train Acc: 99.98%
Val Loss: 0.1404 | Val Acc: 97.44%

Gradient Chain Statistics:
[PacaGradientChainManager - Gradient Chain Logs]
  Chains Built: True
  Number of Chains: 3
  Current Epoch: 19
  Selected Arms: [0]
  Arm Means: [0.026298487558960915, 0.4903540313243866, 0.48246049880981445]
  Arm Stds: [2.77350115776062, 2.0, 1.64398992061615]
  Arm Observation Counts: [3, 6, 9]
  Last Sampled Values: [5.989248752593994, -1.7994976043701172, -0.7506214380264282]
------------------------------------------------------------

Reward: 0.12% (normalized: 0.01)

Epoch 21/100 | LR: 0.000964 | Time: 43.01s
Train Loss: 0.0126 | Train Acc: 99.98%
Val Loss: 0.1367 | Val Acc: 97.56%

Gradient Chain Statistics:
[PacaGradientChainManager - Gradient Chain Logs]
  Chains Built: True
  Number of Chains: 3
  Current Epoch: 20
  Selected Arms: [1]
  Arm Means: [0.022983551025390625, 0.4903540313243866, 0.48246049880981445]
  Arm Stds: [2.425356388092041, 2.0, 1.64398992061615]
  Arm Observation Counts: [4, 6, 9]
  Last Sampled Values: [-0.6151388883590698, 0.6831743717193604, 0.39208465814590454]
------------------------------------------------------------

Reward: -0.24% (normalized: -0.02)

Epoch 22/100 | LR: 0.000957 | Time: 43.01s
Train Loss: 0.0114 | Train Acc: 99.98%
Val Loss: 0.1399 | Val Acc: 97.31%

Gradient Chain Statistics:
[PacaGradientChainManager - Gradient Chain Logs]
  Chains Built: True
  Number of Chains: 3
  Current Epoch: 21
  Selected Arms: [1]
  Arm Means: [0.022983551025390625, 0.4193507134914398, 0.48246049880981445]
  Arm Stds: [2.425356388092041, 1.8569533824920654, 1.64398992061615]
  Arm Observation Counts: [4, 7, 9]
  Last Sampled Values: [0.5148791074752808, 3.116771697998047, 2.3808035850524902]
------------------------------------------------------------
No improvement for 1 epoch(s)

Reward: 0.00% (normalized: 0.00)

Epoch 23/100 | LR: 0.000949 | Time: 43.10s
Train Loss: 0.0111 | Train Acc: 99.97%
Val Loss: 0.1369 | Val Acc: 97.31%

Gradient Chain Statistics:
[PacaGradientChainManager - Gradient Chain Logs]
  Chains Built: True
  Number of Chains: 3
  Current Epoch: 22
  Selected Arms: [0]
  Arm Means: [0.022983551025390625, 0.3685203194618225, 0.48246049880981445]
  Arm Stds: [2.425356388092041, 1.740776538848877, 1.64398992061615]
  Arm Observation Counts: [4, 8, 9]
  Last Sampled Values: [1.934683918952942, 1.304495930671692, -0.2570962905883789]
------------------------------------------------------------
No improvement for 2 epoch(s)

Reward: -0.12% (normalized: -0.01)

Epoch 24/100 | LR: 0.000941 | Time: 43.02s
Train Loss: 0.0103 | Train Acc: 99.98%
Val Loss: 0.1359 | Val Acc: 97.19%

Gradient Chain Statistics:
[PacaGradientChainManager - Gradient Chain Logs]
  Chains Built: True
  Number of Chains: 3
  Current Epoch: 23
  Selected Arms: [2]
  Arm Means: [0.01628001406788826, 0.3685203194618225, 0.48246049880981445]
  Arm Stds: [2.1821789741516113, 1.740776538848877, 1.64398992061615]
  Arm Observation Counts: [5, 8, 9]
  Last Sampled Values: [-3.3568551540374756, -1.290419101715088, 1.539040446281433]
------------------------------------------------------------

Reward: 0.24% (normalized: 0.02)

Epoch 25/100 | LR: 0.000933 | Time: 43.05s
Train Loss: 0.0106 | Train Acc: 99.98%
Val Loss: 0.1325 | Val Acc: 97.44%

Gradient Chain Statistics:
[PacaGradientChainManager - Gradient Chain Logs]
  Chains Built: True
  Number of Chains: 3
  Current Epoch: 24
  Selected Arms: [1]
  Arm Means: [0.01628001406788826, 0.3685203194618225, 0.43777361512184143]
  Arm Stds: [2.1821789741516113, 1.740776538848877, 1.5617376565933228]
  Arm Observation Counts: [5, 8, 10]
  Last Sampled Values: [2.5041494369506836, 3.4402055740356445, -0.8345323801040649]
------------------------------------------------------------

Reward: -0.43% (normalized: -0.04)

Epoch 26/100 | LR: 0.000924 | Time: 43.03s
Train Loss: 0.0092 | Train Acc: 99.98%
Val Loss: 0.1382 | Val Acc: 97.01%

Gradient Chain Statistics:
[PacaGradientChainManager - Gradient Chain Logs]
  Chains Built: True
  Number of Chains: 3
  Current Epoch: 25
  Selected Arms: [1]
  Arm Means: [0.01628001406788826, 0.3240602910518646, 0.43777361512184143]
  Arm Stds: [2.1821789741516113, 1.64398992061615, 1.5617376565933228]
  Arm Observation Counts: [5, 9, 10]
  Last Sampled Values: [0.8957251906394958, 3.2901499271392822, -0.001920849084854126]
------------------------------------------------------------
No improvement for 1 epoch(s)

Reward: 0.24% (normalized: 0.02)

Epoch 27/100 | LR: 0.000915 | Time: 43.04s
Train Loss: 0.0084 | Train Acc: 99.98%
Val Loss: 0.1319 | Val Acc: 97.25%

Gradient Chain Statistics:
[PacaGradientChainManager - Gradient Chain Logs]
  Chains Built: True
  Number of Chains: 3
  Current Epoch: 26
  Selected Arms: [0]
  Arm Means: [0.01628001406788826, 0.29482710361480713, 0.43777361512184143]
  Arm Stds: [2.1821789741516113, 1.5617376565933228, 1.5617376565933228]
  Arm Observation Counts: [5, 10, 10]
  Last Sampled Values: [2.216226100921631, -2.4732370376586914, -1.1028623580932617]
------------------------------------------------------------

Reward: -0.06% (normalized: -0.01)

Epoch 28/100 | LR: 0.000905 | Time: 43.05s
Train Loss: 0.0083 | Train Acc: 99.97%
Val Loss: 0.1337 | Val Acc: 97.19%

Gradient Chain Statistics:
[PacaGradientChainManager - Gradient Chain Logs]
  Chains Built: True
  Number of Chains: 3
  Current Epoch: 27
  Selected Arms: [1]
  Arm Means: [0.012698411010205746, 0.29482710361480713, 0.43777361512184143]
  Arm Stds: [2.0, 1.5617376565933228, 1.5617376565933228]
  Arm Observation Counts: [6, 10, 10]
  Last Sampled Values: [-2.600606679916382, 3.0935750007629395, -3.3863489627838135]
------------------------------------------------------------
No improvement for 1 epoch(s)

Reward: -0.12% (normalized: -0.01)

Epoch 29/100 | LR: 0.000894 | Time: 43.05s
Train Loss: 0.0077 | Train Acc: 99.97%
Val Loss: 0.1321 | Val Acc: 97.07%

Gradient Chain Statistics:
[PacaGradientChainManager - Gradient Chain Logs]
  Chains Built: True
  Number of Chains: 3
  Current Epoch: 28
  Selected Arms: [0]
  Arm Means: [0.012698411010205746, 0.26753491163253784, 0.43777361512184143]
  Arm Stds: [2.0, 1.49071204662323, 1.5617376565933228]
  Arm Observation Counts: [6, 11, 10]
  Last Sampled Values: [2.3335297107696533, -1.2298882007598877, -1.1562163829803467]
------------------------------------------------------------
No improvement for 2 epoch(s)

Reward: 0.18% (normalized: 0.02)

Epoch 30/100 | LR: 0.000883 | Time: 43.02s
Train Loss: 0.0073 | Train Acc: 99.97%
Val Loss: 0.1311 | Val Acc: 97.25%

Gradient Chain Statistics:
[PacaGradientChainManager - Gradient Chain Logs]
  Chains Built: True
  Number of Chains: 3
  Current Epoch: 29
  Selected Arms: [2]
  Arm Means: [0.013473115861415863, 0.26753491163253784, 0.43777361512184143]
  Arm Stds: [1.8569533824920654, 1.49071204662323, 1.5617376565933228]
  Arm Observation Counts: [7, 11, 10]
  Last Sampled Values: [-0.19982871413230896, 0.15970803797245026, 0.2677662968635559]
------------------------------------------------------------

Reward: 0.00% (normalized: 0.00)

Epoch 31/100 | LR: 0.000872 | Time: 42.97s
Train Loss: 0.0070 | Train Acc: 99.98%
Val Loss: 0.1326 | Val Acc: 97.25%

Gradient Chain Statistics:
[PacaGradientChainManager - Gradient Chain Logs]
  Chains Built: True
  Number of Chains: 3
  Current Epoch: 30
  Selected Arms: [1]
  Arm Means: [0.013473115861415863, 0.26753491163253784, 0.3988603949546814]
  Arm Stds: [1.8569533824920654, 1.49071204662323, 1.49071204662323]
  Arm Observation Counts: [7, 11, 11]
  Last Sampled Values: [0.5112125873565674, 2.4745736122131348, 2.0831379890441895]
------------------------------------------------------------
No improvement for 1 epoch(s)

Reward: -0.24% (normalized: -0.02)

Epoch 32/100 | LR: 0.000860 | Time: 43.01s
Train Loss: 0.0069 | Train Acc: 99.97%
Val Loss: 0.1307 | Val Acc: 97.01%

Gradient Chain Statistics:
[PacaGradientChainManager - Gradient Chain Logs]
  Chains Built: True
  Number of Chains: 3
  Current Epoch: 31
  Selected Arms: [0]
  Arm Means: [0.013473115861415863, 0.24370186030864716, 0.3988603949546814]
  Arm Stds: [1.8569533824920654, 1.4285714626312256, 1.49071204662323]
  Arm Observation Counts: [7, 12, 11]
  Last Sampled Values: [1.9653972387313843, 0.21256013214588165, -0.27472805976867676]
------------------------------------------------------------

Reward: -0.06% (normalized: -0.01)

Epoch 33/100 | LR: 0.000847 | Time: 42.99s
Train Loss: 0.0065 | Train Acc: 99.98%
Val Loss: 0.1323 | Val Acc: 96.95%

Gradient Chain Statistics:
[PacaGradientChainManager - Gradient Chain Logs]
  Chains Built: True
  Number of Chains: 3
  Current Epoch: 32
  Selected Arms: [1]
  Arm Means: [0.011100010015070438, 0.24370186030864716, 0.3988603949546814]
  Arm Stds: [1.740776538848877, 1.4285714626312256, 1.49071204662323]
  Arm Observation Counts: [8, 12, 11]
  Last Sampled Values: [0.6772382855415344, 1.3970130681991577, -0.4237949252128601]
------------------------------------------------------------
No improvement for 1 epoch(s)

Reward: 0.31% (normalized: 0.03)

Epoch 34/100 | LR: 0.000835 | Time: 43.06s
Train Loss: 0.0063 | Train Acc: 99.97%
Val Loss: 0.1290 | Val Acc: 97.25%

Gradient Chain Statistics:
[PacaGradientChainManager - Gradient Chain Logs]
  Chains Built: True
  Number of Chains: 3
  Current Epoch: 33
  Selected Arms: [1]
  Arm Means: [0.011100010015070438, 0.22761304676532745, 0.3988603949546814]
  Arm Stds: [1.740776538848877, 1.373605728149414, 1.49071204662323]
  Arm Observation Counts: [8, 13, 11]
  Last Sampled Values: [-1.196412444114685, 0.15514642000198364, -0.7180395722389221]
------------------------------------------------------------

Reward: -0.31% (normalized: -0.03)

Epoch 35/100 | LR: 0.000821 | Time: 43.08s
Train Loss: 0.0060 | Train Acc: 99.98%
Val Loss: 0.1357 | Val Acc: 96.95%

Gradient Chain Statistics:
[PacaGradientChainManager - Gradient Chain Logs]
  Chains Built: True
  Number of Chains: 3
  Current Epoch: 34
  Selected Arms: [2]
  Arm Means: [0.011100010015070438, 0.2094980925321579, 0.3988603949546814]
  Arm Stds: [1.740776538848877, 1.324532389640808, 1.49071204662323]
  Arm Observation Counts: [8, 14, 11]
  Last Sampled Values: [0.3760847747325897, 2.500598192214966, 2.837862730026245]
------------------------------------------------------------
No improvement for 1 epoch(s)

Reward: 0.24% (normalized: 0.02)

Epoch 36/100 | LR: 0.000808 | Time: 42.97s
Train Loss: 0.0062 | Train Acc: 99.97%
Val Loss: 0.1369 | Val Acc: 97.19%

Gradient Chain Statistics:
[PacaGradientChainManager - Gradient Chain Logs]
  Chains Built: True
  Number of Chains: 3
  Current Epoch: 35
  Selected Arms: [0]
  Arm Means: [0.011100010015070438, 0.2094980925321579, 0.368293821811676]
  Arm Stds: [1.740776538848877, 1.324532389640808, 1.4285714626312256]
  Arm Observation Counts: [8, 14, 12]
  Last Sampled Values: [1.3532334566116333, 1.082576036453247, 1.3238415718078613]
------------------------------------------------------------
No improvement for 2 epoch(s)

Reward: -0.24% (normalized: -0.02)

Epoch 37/100 | LR: 0.000794 | Time: 43.04s
Train Loss: 0.0056 | Train Acc: 99.98%
Val Loss: 0.1296 | Val Acc: 96.95%

Gradient Chain Statistics:
[PacaGradientChainManager - Gradient Chain Logs]
  Chains Built: True
  Number of Chains: 3
  Current Epoch: 36
  Selected Arms: [1]
  Arm Means: [0.007260006386786699, 0.2094980925321579, 0.368293821811676]
  Arm Stds: [1.64398992061615, 1.324532389640808, 1.4285714626312256]
  Arm Observation Counts: [9, 14, 12]
  Last Sampled Values: [1.2624338865280151, 1.5236327648162842, -1.0619862079620361]
------------------------------------------------------------
No improvement for 3 epoch(s)

Reward: 0.24% (normalized: 0.02)

Epoch 38/100 | LR: 0.000780 | Time: 43.04s
Train Loss: 0.0054 | Train Acc: 99.98%
Val Loss: 0.1315 | Val Acc: 97.19%

Gradient Chain Statistics:
[PacaGradientChainManager - Gradient Chain Logs]
  Chains Built: True
  Number of Chains: 3
  Current Epoch: 37
  Selected Arms: [0]
  Arm Means: [0.007260006386786699, 0.19736182689666748, 0.368293821811676]
  Arm Stds: [1.64398992061615, 1.2803688049316406, 1.4285714626312256]
  Arm Observation Counts: [9, 15, 12]
  Last Sampled Values: [0.32031387090682983, -0.8823648691177368, -0.0379202663898468]
------------------------------------------------------------
No improvement for 4 epoch(s)

Reward: -0.12% (normalized: -0.01)

Epoch 39/100 | LR: 0.000765 | Time: 43.01s
Train Loss: 0.0052 | Train Acc: 99.98%
Val Loss: 0.1295 | Val Acc: 97.07%

Gradient Chain Statistics:
[PacaGradientChainManager - Gradient Chain Logs]
  Chains Built: True
  Number of Chains: 3
  Current Epoch: 38
  Selected Arms: [0]
  Arm Means: [0.005360492505133152, 0.19736182689666748, 0.368293821811676]
  Arm Stds: [1.5617376565933228, 1.2803688049316406, 1.4285714626312256]
  Arm Observation Counts: [10, 15, 12]
  Last Sampled Values: [1.9714337587356567, -0.06056126952171326, -0.38350892066955566]
------------------------------------------------------------
No improvement for 5 epoch(s)

Reward: -0.06% (normalized: -0.01)

Epoch 40/100 | LR: 0.000750 | Time: 43.02s
Train Loss: 0.0054 | Train Acc: 99.98%
Val Loss: 0.1295 | Val Acc: 97.01%

Gradient Chain Statistics:
[PacaGradientChainManager - Gradient Chain Logs]
  Chains Built: True
  Number of Chains: 3
  Current Epoch: 39
  Selected Arms: [2]
  Arm Means: [0.004341336898505688, 0.19736182689666748, 0.368293821811676]
  Arm Stds: [1.49071204662323, 1.2803688049316406, 1.4285714626312256]
  Arm Observation Counts: [11, 15, 12]
  Last Sampled Values: [0.24402007460594177, 0.5728409290313721, 2.5730764865875244]
------------------------------------------------------------
No improvement for 6 epoch(s)

Reward: 0.06% (normalized: 0.01)

Epoch 41/100 | LR: 0.000735 | Time: 43.05s
Train Loss: 0.0052 | Train Acc: 99.97%
Val Loss: 0.1308 | Val Acc: 97.07%

Gradient Chain Statistics:
[PacaGradientChainManager - Gradient Chain Logs]
  Chains Built: True
  Number of Chains: 3
  Current Epoch: 40
  Selected Arms: [2]
  Arm Means: [0.004341336898505688, 0.19736182689666748, 0.3409588038921356]
  Arm Stds: [1.49071204662323, 1.2803688049316406, 1.373605728149414]
  Arm Observation Counts: [11, 15, 13]
  Last Sampled Values: [-1.369037389755249, 0.47357943654060364, 0.9636838436126709]
------------------------------------------------------------
No improvement for 7 epoch(s)
Early stopping triggered after 41 epochs.
Total training time: 1764.30 seconds
Average time per epoch: 43.03 seconds

============================================================
Training completed!
============================================================
Using device: cuda
============================================================
Vision Transformer Fine-tuning on Caltech-101
Using Gradient Chain Selection - Rank 8
============================================================
Using random seed: 4205

Loading dataset...
Extracting ./data/caltech-101/caltech-101/101_ObjectCategories.tar.gz ...
Images extracted to ./data/caltech-101/caltech-101/101_ObjectCategories
Using device: cuda
============================================================
Vision Transformer Fine-tuning on Caltech-101
Using Gradient Chain Selection - Rank 16
============================================================
Using random seed: 5399

Loading dataset...
Extracting ./data/caltech-101/caltech-101/101_ObjectCategories.tar.gz ...
Images extracted to ./data/caltech-101/caltech-101/101_ObjectCategories
Using device: cuda
============================================================
Vision Transformer Fine-tuning on Caltech-101
Using Gradient Chain Selection - Rank 32
============================================================
Using random seed: 1798

Loading dataset...
Extracting ./data/caltech-101/caltech-101/101_ObjectCategories.tar.gz ...
Images extracted to ./data/caltech-101/caltech-101/101_ObjectCategories
Job completed at Sat Dec 27 04:30:50 IST 2025
