============================================================
Vision Transformer Fine-tuning on Flowers102
============================================================
Loading dataset...
--- Flowers-102 Dataset (Custom 80/20 Split) ---
Total images from all splits: 8189
Custom training set size (80%): 6551
Custom testing set size (20%): 1638

Creating ViT model for 102 classes...
PEFT config: PacaConfig(peft_type=<PeftType.PACA: 'PACA'>, auto_mapping=None, base_model_name_or_path=None, revision=None, task_type=<TaskType.FEATURE_EXTRACTION: 'FEATURE_EXTRACTION'>, inference_mode=False, r=48, target_modules={'out_proj', 'mlp.0', 'mlp.3'}, paca_alpha=96, fan_in_fan_out=False, bias='all', modules_to_save=['head'], layers_to_transform=None, layers_pattern=None, rank_pattern={}, alpha_pattern={}, megatron_config=None, megatron_core='megatron.core', layer_replication=None, gradient_accumulation_steps=1, steps_per_epoch=103, arm_distribution='horizontal', num_arms=3, num_arms_to_select=1, ucb_alpha=3, use_fixed_indices=False)
Total parameters: 149,656,524
Trainable parameters: 2,757,324 (1.84%)
Frozen parameters: 146,899,200 (98.16%)
Fine tuning vit using UCB-based PaCA:
Calculating initial validation accuracy...
Initial Val Acc: 1.59%
  Selected Arms: [0]
  Arm Rewards: [0.0, 0.0, 0.0]
  Arm Counts: [2.0, 1.0, 1.0]
  Value of t: 2
  UCB Scores: [3.5322301387786865, 3.5322301387786865, 3.5322301387786865]

Epoch 1 Summary | LR: 0.000100 | Time: 26.58
Train Loss: 4.6907 | Train Acc: 1.57%
Val Loss: 4.6997 | Val Acc: 1.59%
--------------------------------------------------
  Selected Arms: [0]
  Arm Rewards: [22.16117286682129, 0.0, 0.0]
  Arm Counts: [3.0, 1.0, 1.0]
  Value of t: 3
  UCB Scores: [14.225028038024902, 4.446911334991455, 4.446911334991455]

Epoch 2 Summary | LR: 0.000200 | Time: 26.99
Train Loss: 4.2803 | Train Acc: 10.73%
Val Loss: 3.8542 | Val Acc: 23.75%
--------------------------------------------------
  Selected Arms: [0]
  Arm Rewards: [70.69596862792969, 0.0, 0.0]
  Arm Counts: [4.0, 1.0, 1.0]
  Value of t: 4
  UCB Scores: [26.449377059936523, 4.995327472686768, 4.995327472686768]

Epoch 3 Summary | LR: 0.000300 | Time: 27.34
Train Loss: 2.6903 | Train Acc: 53.24%
Val Loss: 1.9380 | Val Acc: 72.28%
--------------------------------------------------
  Selected Arms: [0]
  Arm Rewards: [85.77532958984375, 0.0, 0.0]
  Arm Counts: [5.0, 1.0, 1.0]
  Value of t: 5
  UCB Scores: [24.1350154876709, 5.3823676109313965, 5.3823676109313965]

Epoch 4 Summary | LR: 0.000400 | Time: 27.26
Train Loss: 1.3309 | Train Acc: 84.52%
Val Loss: 1.0612 | Val Acc: 87.36%
--------------------------------------------------
  Selected Arms: [0]
  Arm Rewards: [93.28448486328125, 0.0, 0.0]
  Arm Counts: [6.0, 1.0, 1.0]
  Value of t: 6
  UCB Scores: [21.19664764404297, 5.679055213928223, 5.679055213928223]

Epoch 5 Summary | LR: 0.000500 | Time: 27.29
Train Loss: 0.6762 | Train Acc: 95.16%
Val Loss: 0.5809 | Val Acc: 94.87%
--------------------------------------------------
  Selected Arms: [0]
  Arm Rewards: [92.97923278808594, 0.0, 0.0]
  Arm Counts: [7.0, 1.0, 1.0]
  Value of t: 7
  UCB Scores: [17.912677764892578, 5.918309211730957, 5.918309211730957]

Epoch 6 Summary | LR: 0.000600 | Time: 27.28
Train Loss: 0.3395 | Train Acc: 98.08%
Val Loss: 0.4257 | Val Acc: 94.57%
--------------------------------------------------
  Selected Arms: [0]
  Arm Rewards: [95.054931640625, 0.0, 0.0]
  Arm Counts: [8.0, 1.0, 1.0]
  Value of t: 8
  UCB Scores: [15.891663551330566, 6.118001937866211, 6.118001937866211]

Epoch 7 Summary | LR: 0.000700 | Time: 27.33
Train Loss: 0.1831 | Train Acc: 99.53%
Val Loss: 0.3140 | Val Acc: 96.64%
--------------------------------------------------
  Selected Arms: [0]
  Arm Rewards: [94.87178039550781, 0.0, 0.0]
  Arm Counts: [9.0, 1.0, 1.0]
  Value of t: 9
  UCB Scores: [14.082427978515625, 6.288882255554199, 6.288882255554199]

Epoch 8 Summary | LR: 0.000800 | Time: 27.31
Train Loss: 0.1019 | Train Acc: 99.83%
Val Loss: 0.2517 | Val Acc: 96.46%
--------------------------------------------------
  Selected Arms: [0]
  Arm Rewards: [95.23808288574219, 0.0, 0.0]
  Arm Counts: [10.0, 1.0, 1.0]
  Value of t: 10
  UCB Scores: [12.727974891662598, 6.4378981590271, 6.4378981590271]

Epoch 9 Summary | LR: 0.000900 | Time: 27.42
Train Loss: 0.0526 | Train Acc: 99.95%
Val Loss: 0.2006 | Val Acc: 96.83%
--------------------------------------------------
  Selected Arms: [0]
  Arm Rewards: [95.17703247070312, 0.0, 0.0]
  Arm Counts: [11.0, 1.0, 1.0]
  Value of t: 11
  UCB Scores: [11.59525203704834, 6.569787979125977, 6.569787979125977]

Epoch 10 Summary | LR: 0.001000 | Time: 27.34
Train Loss: 0.0342 | Train Acc: 99.97%
Val Loss: 0.1986 | Val Acc: 96.76%
--------------------------------------------------
  Selected Arms: [0]
  Arm Rewards: [95.78753662109375, 0.0, 0.0]
  Arm Counts: [12.0, 1.0, 1.0]
  Value of t: 12
  UCB Scores: [10.724443435668945, 6.687923431396484, 6.687923431396484]

Epoch 11 Summary | LR: 0.001000 | Time: 27.62
Train Loss: 0.0248 | Train Acc: 99.98%
Val Loss: 0.1730 | Val Acc: 97.37%
--------------------------------------------------
  Selected Arms: [0]
  Arm Rewards: [95.72648620605469, 0.0, 0.0]
  Arm Counts: [13.0, 1.0, 1.0]
  Value of t: 13
  UCB Scores: [9.938692092895508, 6.794784069061279, 6.794784069061279]

Epoch 12 Summary | LR: 0.001000 | Time: 27.54
Train Loss: 0.0202 | Train Acc: 99.97%
Val Loss: 0.1652 | Val Acc: 97.31%
--------------------------------------------------
  Selected Arms: [0]
  Arm Rewards: [95.23808288574219, 0.0, 0.0]
  Arm Counts: [14.0, 1.0, 1.0]
  Value of t: 14
  UCB Scores: [9.237570762634277, 6.892244338989258, 6.892244338989258]

Epoch 13 Summary | LR: 0.001000 | Time: 27.54
Train Loss: 0.0161 | Train Acc: 99.97%
Val Loss: 0.1694 | Val Acc: 96.83%
--------------------------------------------------
No improvement for 1 epoch(s)
  Selected Arms: [0]
  Arm Rewards: [95.054931640625, 0.0, 0.0]
  Arm Counts: [15.0, 1.0, 1.0]
  Value of t: 15
  UCB Scores: [8.655591011047363, 6.981755256652832, 6.981755256652832]

Epoch 14 Summary | LR: 0.001000 | Time: 27.56
Train Loss: 0.0145 | Train Acc: 99.98%
Val Loss: 0.1824 | Val Acc: 96.64%
--------------------------------------------------
No improvement for 2 epoch(s)
  Selected Arms: [0]
  Arm Rewards: [95.36018371582031, 0.0, 0.0]
  Arm Counts: [16.0, 1.0, 1.0]
  Value of t: 16
  UCB Scores: [8.181382179260254, 7.064460277557373, 7.064460277557373]

Epoch 15 Summary | LR: 0.001000 | Time: 27.54
Train Loss: 0.0126 | Train Acc: 100.00%
Val Loss: 0.1617 | Val Acc: 96.95%
--------------------------------------------------
  Selected Arms: [0]
  Arm Rewards: [94.20023345947266, 0.0, 0.0]
  Arm Counts: [17.0, 1.0, 1.0]
  Value of t: 17
  UCB Scores: [7.6728339195251465, 7.141277313232422, 7.141277313232422]

Epoch 16 Summary | LR: 0.001000 | Time: 27.60
Train Loss: 0.0123 | Train Acc: 99.98%
Val Loss: 0.2022 | Val Acc: 95.79%
--------------------------------------------------
No improvement for 1 epoch(s)
  Selected Arms: [1]
  Arm Rewards: [90.90353393554688, 0.0, 0.0]
  Arm Counts: [17.0, 2.0, 1.0]
  Value of t: 18
  UCB Scores: [7.096664905548096, 7.212953090667725, 7.212953090667725]

Epoch 17 Summary | LR: 0.001000 | Time: 27.58
Train Loss: 0.3911 | Train Acc: 95.73%
Val Loss: 0.4367 | Val Acc: 92.49%
--------------------------------------------------
No improvement for 2 epoch(s)
  Selected Arms: [2]
  Arm Rewards: [90.90353393554688, 0.7936508059501648, 0.0]
  Arm Counts: [17.0, 2.0, 2.0]
  Value of t: 19
  UCB Scores: [7.112950801849365, 5.544635772705078, 7.2801032066345215]

Epoch 18 Summary | LR: 0.001000 | Time: 27.59
Train Loss: 0.2458 | Train Acc: 96.87%
Val Loss: 0.3717 | Val Acc: 93.28%
--------------------------------------------------
No improvement for 3 epoch(s)
  Selected Arms: [0]
  Arm Rewards: [90.90353393554688, 0.7936508059501648, 1.2820513248443604]
  Arm Counts: [18.0, 2.0, 2.0]
  Value of t: 20
  UCB Scores: [7.1282639503479, 5.589280605316162, 5.8334808349609375]

Epoch 19 Summary | LR: 0.001000 | Time: 27.56
Train Loss: 0.1082 | Train Acc: 98.76%
Val Loss: 0.2783 | Val Acc: 94.57%
--------------------------------------------------
No improvement for 4 epoch(s)
  Selected Arms: [0]
  Arm Rewards: [92.00243377685547, 0.7936508059501648, 1.2820513248443604]
  Arm Counts: [19.0, 2.0, 2.0]
  Value of t: 21
  UCB Scores: [6.856102466583252, 5.6313934326171875, 5.875593662261963]

Epoch 20 Summary | LR: 0.001000 | Time: 27.55
Train Loss: 0.0625 | Train Acc: 99.28%
Val Loss: 0.2111 | Val Acc: 95.67%
--------------------------------------------------
No improvement for 5 epoch(s)
  Selected Arms: [0]
  Arm Rewards: [92.1245346069336, 0.7936508059501648, 1.2820513248443604]
  Arm Counts: [20.0, 2.0, 2.0]
  Value of t: 22
  UCB Scores: [6.559903621673584, 5.671233654022217, 5.915433883666992]

Epoch 21 Summary | LR: 0.001000 | Time: 27.56
Train Loss: 0.0232 | Train Acc: 99.97%
Val Loss: 0.1819 | Val Acc: 95.79%
--------------------------------------------------
No improvement for 6 epoch(s)
  Selected Arms: [0]
  Arm Rewards: [92.30768585205078, 0.7936508059501648, 1.2820513248443604]
  Arm Counts: [21.0, 2.0, 2.0]
  Value of t: 23
  UCB Scores: [6.295248985290527, 5.709023475646973, 5.953223705291748]

Epoch 22 Summary | LR: 0.001000 | Time: 27.54
Train Loss: 0.0207 | Train Acc: 99.89%
Val Loss: 0.1818 | Val Acc: 95.97%
--------------------------------------------------
No improvement for 7 epoch(s)
Early stopping triggered after 22 epochs.
Total training time far: 602.90 seconds
Average time per epoch: 27.40 seconds

Creating ViT model for 102 classes...
Total parameters: 149,656,524
Trainable parameters: 2,757,324 (1.84%)
Frozen parameters: 146,899,200 (98.16%)
Starting second training: 
Calculating initial validation accuracy...
Initial Val Acc: 0.61%
  Selected Arms: []
  Arm Rewards: [0.0, 0.0, 0.0]
  Arm Counts: [1.0, 1.0, 1.0]
  Value of t: 1

Epoch 1 Summary | LR: 0.000100 | Time: 27.32
Train Loss: 4.6861 | Train Acc: 0.55%
Val Loss: 4.7014 | Val Acc: 0.61%
--------------------------------------------------
  Selected Arms: []
  Arm Rewards: [0.0, 0.0, 0.0]
  Arm Counts: [1.0, 1.0, 1.0]
  Value of t: 1

Epoch 2 Summary | LR: 0.000200 | Time: 27.40
Train Loss: 4.2224 | Train Acc: 12.61%
Val Loss: 3.7077 | Val Acc: 29.06%
--------------------------------------------------
  Selected Arms: []
  Arm Rewards: [0.0, 0.0, 0.0]
  Arm Counts: [1.0, 1.0, 1.0]
  Value of t: 1

Epoch 3 Summary | LR: 0.000300 | Time: 27.42
Train Loss: 2.4757 | Train Acc: 57.64%
Val Loss: 1.7514 | Val Acc: 71.98%
--------------------------------------------------
  Selected Arms: []
  Arm Rewards: [0.0, 0.0, 0.0]
  Arm Counts: [1.0, 1.0, 1.0]
  Value of t: 1

Epoch 4 Summary | LR: 0.000400 | Time: 27.42
Train Loss: 1.1862 | Train Acc: 86.14%
Val Loss: 0.8937 | Val Acc: 90.48%
--------------------------------------------------
  Selected Arms: []
  Arm Rewards: [0.0, 0.0, 0.0]
  Arm Counts: [1.0, 1.0, 1.0]
  Value of t: 1

Epoch 5 Summary | LR: 0.000500 | Time: 27.44
Train Loss: 0.5952 | Train Acc: 95.60%
Val Loss: 0.5691 | Val Acc: 93.47%
--------------------------------------------------
  Selected Arms: []
  Arm Rewards: [0.0, 0.0, 0.0]
  Arm Counts: [1.0, 1.0, 1.0]
  Value of t: 1

Epoch 6 Summary | LR: 0.000600 | Time: 27.43
Train Loss: 0.3138 | Train Acc: 98.66%
Val Loss: 0.4482 | Val Acc: 95.36%
--------------------------------------------------
  Selected Arms: []
  Arm Rewards: [0.0, 0.0, 0.0]
  Arm Counts: [1.0, 1.0, 1.0]
  Value of t: 1

Epoch 7 Summary | LR: 0.000700 | Time: 27.63
Train Loss: 0.1747 | Train Acc: 99.59%
Val Loss: 0.3195 | Val Acc: 95.85%
--------------------------------------------------
  Selected Arms: []
  Arm Rewards: [0.0, 0.0, 0.0]
  Arm Counts: [1.0, 1.0, 1.0]
  Value of t: 1

Epoch 8 Summary | LR: 0.000800 | Time: 27.70
Train Loss: 0.1022 | Train Acc: 99.80%
Val Loss: 0.2329 | Val Acc: 97.01%
--------------------------------------------------
  Selected Arms: []
  Arm Rewards: [0.0, 0.0, 0.0]
  Arm Counts: [1.0, 1.0, 1.0]
  Value of t: 1

Epoch 9 Summary | LR: 0.000900 | Time: 27.70
Train Loss: 0.0485 | Train Acc: 99.94%
Val Loss: 0.2123 | Val Acc: 96.70%
--------------------------------------------------
  Selected Arms: []
  Arm Rewards: [0.0, 0.0, 0.0]
  Arm Counts: [1.0, 1.0, 1.0]
  Value of t: 1

Epoch 10 Summary | LR: 0.001000 | Time: 27.66
Train Loss: 0.0347 | Train Acc: 99.98%
Val Loss: 0.1824 | Val Acc: 97.07%
--------------------------------------------------
  Selected Arms: []
  Arm Rewards: [0.0, 0.0, 0.0]
  Arm Counts: [1.0, 1.0, 1.0]
  Value of t: 1

Epoch 11 Summary | LR: 0.001000 | Time: 27.75
Train Loss: 0.0260 | Train Acc: 99.98%
Val Loss: 0.1689 | Val Acc: 97.01%
--------------------------------------------------
  Selected Arms: []
  Arm Rewards: [0.0, 0.0, 0.0]
  Arm Counts: [1.0, 1.0, 1.0]
  Value of t: 1

Epoch 12 Summary | LR: 0.001000 | Time: 27.68
Train Loss: 0.0201 | Train Acc: 99.98%
Val Loss: 0.1662 | Val Acc: 97.19%
--------------------------------------------------
  Selected Arms: []
  Arm Rewards: [0.0, 0.0, 0.0]
  Arm Counts: [1.0, 1.0, 1.0]
  Value of t: 1

Epoch 13 Summary | LR: 0.001000 | Time: 27.71
Train Loss: 0.0172 | Train Acc: 99.98%
Val Loss: 0.1593 | Val Acc: 97.01%
--------------------------------------------------
  Selected Arms: []
  Arm Rewards: [0.0, 0.0, 0.0]
  Arm Counts: [1.0, 1.0, 1.0]
  Value of t: 1

Epoch 14 Summary | LR: 0.001000 | Time: 27.60
Train Loss: 0.0143 | Train Acc: 99.98%
Val Loss: 0.1558 | Val Acc: 97.01%
--------------------------------------------------
  Selected Arms: []
  Arm Rewards: [0.0, 0.0, 0.0]
  Arm Counts: [1.0, 1.0, 1.0]
  Value of t: 1

Epoch 15 Summary | LR: 0.001000 | Time: 27.52
Train Loss: 0.0127 | Train Acc: 99.97%
Val Loss: 0.1540 | Val Acc: 96.95%
--------------------------------------------------
  Selected Arms: []
  Arm Rewards: [0.0, 0.0, 0.0]
  Arm Counts: [1.0, 1.0, 1.0]
  Value of t: 1

Epoch 16 Summary | LR: 0.001000 | Time: 27.53
Train Loss: 0.0112 | Train Acc: 99.98%
Val Loss: 0.1526 | Val Acc: 97.01%
--------------------------------------------------
  Selected Arms: []
  Arm Rewards: [0.0, 0.0, 0.0]
  Arm Counts: [1.0, 1.0, 1.0]
  Value of t: 1

Epoch 17 Summary | LR: 0.001000 | Time: 27.63
Train Loss: 0.0104 | Train Acc: 99.98%
Val Loss: 0.1529 | Val Acc: 96.89%
--------------------------------------------------
No improvement for 1 epoch(s)
  Selected Arms: []
  Arm Rewards: [0.0, 0.0, 0.0]
  Arm Counts: [1.0, 1.0, 1.0]
  Value of t: 1

Epoch 18 Summary | LR: 0.001000 | Time: 27.64
Train Loss: 0.0095 | Train Acc: 99.97%
Val Loss: 0.1542 | Val Acc: 96.95%
--------------------------------------------------
No improvement for 2 epoch(s)
  Selected Arms: []
  Arm Rewards: [0.0, 0.0, 0.0]
  Arm Counts: [1.0, 1.0, 1.0]
  Value of t: 1

Epoch 19 Summary | LR: 0.001000 | Time: 27.69
Train Loss: 0.0085 | Train Acc: 99.98%
Val Loss: 0.1528 | Val Acc: 96.83%
--------------------------------------------------
No improvement for 3 epoch(s)
  Selected Arms: []
  Arm Rewards: [0.0, 0.0, 0.0]
  Arm Counts: [1.0, 1.0, 1.0]
  Value of t: 1

Epoch 20 Summary | LR: 0.001000 | Time: 30.15
Train Loss: 0.0079 | Train Acc: 99.97%
Val Loss: 0.1495 | Val Acc: 97.07%
--------------------------------------------------
  Selected Arms: []
  Arm Rewards: [0.0, 0.0, 0.0]
  Arm Counts: [1.0, 1.0, 1.0]
  Value of t: 1

Epoch 21 Summary | LR: 0.001000 | Time: 27.78
Train Loss: 0.0075 | Train Acc: 99.97%
Val Loss: 0.1524 | Val Acc: 96.70%
--------------------------------------------------
No improvement for 1 epoch(s)
  Selected Arms: []
  Arm Rewards: [0.0, 0.0, 0.0]
  Arm Counts: [1.0, 1.0, 1.0]
  Value of t: 1

Epoch 22 Summary | LR: 0.001000 | Time: 27.86
Train Loss: 0.0074 | Train Acc: 99.98%
Val Loss: 0.1508 | Val Acc: 96.89%
--------------------------------------------------
No improvement for 2 epoch(s)
  Selected Arms: []
  Arm Rewards: [0.0, 0.0, 0.0]
  Arm Counts: [1.0, 1.0, 1.0]
  Value of t: 1

Epoch 23 Summary | LR: 0.001000 | Time: 27.94
Train Loss: 0.0067 | Train Acc: 99.98%
Val Loss: 0.1504 | Val Acc: 96.95%
--------------------------------------------------
No improvement for 3 epoch(s)
  Selected Arms: []
  Arm Rewards: [0.0, 0.0, 0.0]
  Arm Counts: [1.0, 1.0, 1.0]
  Value of t: 1

Epoch 24 Summary | LR: 0.001000 | Time: 27.92
Train Loss: 0.0062 | Train Acc: 99.98%
Val Loss: 0.1518 | Val Acc: 96.89%
--------------------------------------------------
No improvement for 4 epoch(s)
  Selected Arms: []
  Arm Rewards: [0.0, 0.0, 0.0]
  Arm Counts: [1.0, 1.0, 1.0]
  Value of t: 1

Epoch 25 Summary | LR: 0.000999 | Time: 27.91
Train Loss: 0.0059 | Train Acc: 99.98%
Val Loss: 0.1512 | Val Acc: 96.95%
--------------------------------------------------
No improvement for 5 epoch(s)
  Selected Arms: []
  Arm Rewards: [0.0, 0.0, 0.0]
  Arm Counts: [1.0, 1.0, 1.0]
  Value of t: 1

Epoch 26 Summary | LR: 0.000999 | Time: 27.91
Train Loss: 0.0057 | Train Acc: 99.97%
Val Loss: 0.1595 | Val Acc: 96.70%
--------------------------------------------------
No improvement for 6 epoch(s)
  Selected Arms: []
  Arm Rewards: [0.0, 0.0, 0.0]
  Arm Counts: [1.0, 1.0, 1.0]
  Value of t: 1

Epoch 27 Summary | LR: 0.000999 | Time: 27.81
Train Loss: 0.0054 | Train Acc: 99.98%
Val Loss: 0.1563 | Val Acc: 96.70%
--------------------------------------------------
No improvement for 7 epoch(s)
Early stopping triggered after 27 epochs.
Total training time far: 749.13 seconds
Average time per epoch: 27.75 seconds
Using device: cuda
============================================================
Vision Transformer Fine-tuning on Flowers102
============================================================
Loading dataset...
--- Flowers-102 Dataset (Custom 80/20 Split) ---
Total images from all splits: 8189
Custom training set size (80%): 6551
Custom testing set size (20%): 1638

Creating ViT model for 102 classes...
PEFT config: PacaConfig(peft_type=<PeftType.PACA: 'PACA'>, auto_mapping=None, base_model_name_or_path=None, revision=None, task_type=<TaskType.FEATURE_EXTRACTION: 'FEATURE_EXTRACTION'>, inference_mode=False, r=48, target_modules={'mlp.0', 'mlp.3', 'out_proj'}, paca_alpha=96, fan_in_fan_out=False, bias='all', modules_to_save=['head'], layers_to_transform=None, layers_pattern=None, rank_pattern={}, alpha_pattern={}, megatron_config=None, megatron_core='megatron.core', layer_replication=None, gradient_accumulation_steps=1, steps_per_epoch=103, arm_distribution='horizontal', num_arms=3, num_arms_to_select=1, ucb_alpha=3, use_fixed_indices=False)
Total parameters: 149,656,524
Trainable parameters: 2,757,324 (1.84%)
Frozen parameters: 146,899,200 (98.16%)
Fine tuning vit using UCB-based PaCA:
Calculating initial validation accuracy...
Initial Val Acc: 0.79%
  Selected Arms: [0]
  Arm Rewards: [0.0, 0.0, 0.0]
  Arm Counts: [2.0, 1.0, 1.0]
  Value of t: 2
  UCB Scores: [3.5322301387786865, 3.5322301387786865, 3.5322301387786865]

Epoch 1 Summary | LR: 0.000100 | Time: 27.15
Train Loss: 4.7227 | Train Acc: 0.89%
Val Loss: 4.7121 | Val Acc: 0.79%
--------------------------------------------------
  Selected Arms: [0]
  Arm Rewards: [18.986568450927734, 0.0, 0.0]
  Arm Counts: [3.0, 1.0, 1.0]
  Value of t: 3
  UCB Scores: [12.637725830078125, 4.446911334991455, 4.446911334991455]

Epoch 2 Summary | LR: 0.000200 | Time: 27.36
Train Loss: 4.3015 | Train Acc: 9.98%
Val Loss: 3.9014 | Val Acc: 19.78%
--------------------------------------------------
  Selected Arms: [0]
  Arm Rewards: [70.63491821289062, 0.0, 0.0]
  Arm Counts: [4.0, 1.0, 1.0]
  Value of t: 4
  UCB Scores: [26.429027557373047, 4.995327472686768, 4.995327472686768]

Epoch 3 Summary | LR: 0.000300 | Time: 27.41
Train Loss: 2.7391 | Train Acc: 52.60%
Val Loss: 1.9326 | Val Acc: 71.43%
--------------------------------------------------
  Selected Arms: [0]
  Arm Rewards: [89.98778533935547, 0.0, 0.0]
  Arm Counts: [5.0, 1.0, 1.0]
  Value of t: 5
  UCB Scores: [25.188129425048828, 5.3823676109313965, 5.3823676109313965]

Epoch 4 Summary | LR: 0.000400 | Time: 27.40
Train Loss: 1.2984 | Train Acc: 85.45%
Val Loss: 0.9963 | Val Acc: 90.78%
--------------------------------------------------
  Selected Arms: [0]
  Arm Rewards: [93.40658569335938, 0.0, 0.0]
  Arm Counts: [6.0, 1.0, 1.0]
  Value of t: 6
  UCB Scores: [21.2210693359375, 5.679055213928223, 5.679055213928223]

Epoch 5 Summary | LR: 0.000500 | Time: 27.39
Train Loss: 0.6821 | Train Acc: 95.56%
Val Loss: 0.6170 | Val Acc: 94.20%
--------------------------------------------------
  Selected Arms: [0]
  Arm Rewards: [95.42123413085938, 0.0, 0.0]
  Arm Counts: [7.0, 1.0, 1.0]
  Value of t: 7
  UCB Scores: [18.319679260253906, 5.918309211730957, 5.918309211730957]

Epoch 6 Summary | LR: 0.000600 | Time: 27.50
Train Loss: 0.3365 | Train Acc: 98.50%
Val Loss: 0.4101 | Val Acc: 96.21%
--------------------------------------------------
  Selected Arms: [0]
  Arm Rewards: [95.5433349609375, 0.0, 0.0]
  Arm Counts: [8.0, 1.0, 1.0]
  Value of t: 8
  UCB Scores: [15.96143627166748, 6.118001937866211, 6.118001937866211]

Epoch 7 Summary | LR: 0.000700 | Time: 27.45
Train Loss: 0.1657 | Train Acc: 99.59%
Val Loss: 0.2982 | Val Acc: 96.34%
--------------------------------------------------
  Selected Arms: [0]
  Arm Rewards: [96.52013397216797, 0.0, 0.0]
  Arm Counts: [9.0, 1.0, 1.0]
  Value of t: 9
  UCB Scores: [14.288472175598145, 6.288882255554199, 6.288882255554199]

Epoch 8 Summary | LR: 0.000800 | Time: 27.46
Train Loss: 0.0878 | Train Acc: 99.86%
Val Loss: 0.2201 | Val Acc: 97.31%
--------------------------------------------------
  Selected Arms: [0]
  Arm Rewards: [96.4590835571289, 0.0, 0.0]
  Arm Counts: [10.0, 1.0, 1.0]
  Value of t: 10
  UCB Scores: [12.863641738891602, 6.4378981590271, 6.4378981590271]

Epoch 9 Summary | LR: 0.000900 | Time: 27.42
Train Loss: 0.0524 | Train Acc: 99.89%
Val Loss: 0.2090 | Val Acc: 97.25%
--------------------------------------------------
  Selected Arms: [0]
  Arm Rewards: [97.00853729248047, 0.0, 0.0]
  Arm Counts: [11.0, 1.0, 1.0]
  Value of t: 11
  UCB Scores: [11.778403282165527, 6.569787979125977, 6.569787979125977]

Epoch 10 Summary | LR: 0.001000 | Time: 27.49
Train Loss: 0.0346 | Train Acc: 99.98%
Val Loss: 0.1671 | Val Acc: 97.80%
--------------------------------------------------
  Selected Arms: [0]
  Arm Rewards: [96.88643646240234, 0.0, 0.0]
  Arm Counts: [12.0, 1.0, 1.0]
  Value of t: 12
  UCB Scores: [10.82434368133545, 6.687923431396484, 6.687923431396484]

Epoch 11 Summary | LR: 0.001000 | Time: 27.56
Train Loss: 0.0247 | Train Acc: 99.98%
Val Loss: 0.1575 | Val Acc: 97.68%
--------------------------------------------------
  Selected Arms: [0]
  Arm Rewards: [96.70328521728516, 0.0, 0.0]
  Arm Counts: [13.0, 1.0, 1.0]
  Value of t: 13
  UCB Scores: [10.020092010498047, 6.794784069061279, 6.794784069061279]

Epoch 12 Summary | LR: 0.001000 | Time: 27.70
Train Loss: 0.0217 | Train Acc: 99.97%
Val Loss: 0.1571 | Val Acc: 97.50%
--------------------------------------------------
  Selected Arms: [0]
  Arm Rewards: [96.76433563232422, 0.0, 0.0]
  Arm Counts: [14.0, 1.0, 1.0]
  Value of t: 14
  UCB Scores: [9.354975700378418, 6.892244338989258, 6.892244338989258]

Epoch 13 Summary | LR: 0.001000 | Time: 27.54
Train Loss: 0.0158 | Train Acc: 99.98%
Val Loss: 0.1470 | Val Acc: 97.56%
--------------------------------------------------
  Selected Arms: [0]
  Arm Rewards: [96.76433563232422, 0.0, 0.0]
  Arm Counts: [15.0, 1.0, 1.0]
  Value of t: 15
  UCB Scores: [8.777690887451172, 6.981755256652832, 6.981755256652832]

Epoch 14 Summary | LR: 0.001000 | Time: 27.54
Train Loss: 0.0135 | Train Acc: 99.98%
Val Loss: 0.1471 | Val Acc: 97.56%
--------------------------------------------------
No improvement for 1 epoch(s)
  Selected Arms: [0]
  Arm Rewards: [96.4590835571289, 0.0, 0.0]
  Arm Counts: [16.0, 1.0, 1.0]
  Value of t: 16
  UCB Scores: [8.25464153289795, 7.064460277557373, 7.064460277557373]

Epoch 15 Summary | LR: 0.001000 | Time: 27.61
Train Loss: 0.0127 | Train Acc: 99.97%
Val Loss: 0.1414 | Val Acc: 97.25%
--------------------------------------------------
  Selected Arms: [0]
  Arm Rewards: [96.39803314208984, 0.0, 0.0]
  Arm Counts: [17.0, 1.0, 1.0]
  Value of t: 17
  UCB Scores: [7.810196399688721, 7.141277313232422, 7.141277313232422]

Epoch 16 Summary | LR: 0.001000 | Time: 27.65
Train Loss: 0.0110 | Train Acc: 99.97%
Val Loss: 0.1409 | Val Acc: 97.19%
--------------------------------------------------
  Selected Arms: [0]
  Arm Rewards: [96.6422348022461, 0.0, 0.0]
  Arm Counts: [18.0, 1.0, 1.0]
  Value of t: 18
  UCB Scores: [7.434235572814941, 7.212953090667725, 7.212953090667725]

Epoch 17 Summary | LR: 0.001000 | Time: 27.65
Train Loss: 0.0099 | Train Acc: 99.97%
Val Loss: 0.1400 | Val Acc: 97.44%
--------------------------------------------------
  Selected Arms: [1]
  Arm Rewards: [96.39803314208984, 0.0, 0.0]
  Arm Counts: [18.0, 2.0, 1.0]
  Value of t: 19
  UCB Scores: [7.071382999420166, 7.2801032066345215, 7.2801032066345215]

Epoch 18 Summary | LR: 0.001000 | Time: 27.69
Train Loss: 0.0090 | Train Acc: 99.98%
Val Loss: 0.1509 | Val Acc: 97.19%
--------------------------------------------------
No improvement for 1 epoch(s)
  Selected Arms: [2]
  Arm Rewards: [96.39803314208984, -0.18315018713474274, 0.0]
  Arm Counts: [18.0, 2.0, 2.0]
  Value of t: 20
  UCB Scores: [7.086264610290527, 5.100880146026611, 7.343240261077881]

Epoch 19 Summary | LR: 0.001000 | Time: 27.71
Train Loss: 0.0089 | Train Acc: 99.98%
Val Loss: 0.1431 | Val Acc: 97.01%
--------------------------------------------------
No improvement for 2 epoch(s)
  Selected Arms: [0]
  Arm Rewards: [96.39803314208984, -0.18315018713474274, 0.0]
  Arm Counts: [19.0, 2.0, 2.0]
  Value of t: 21
  UCB Scores: [7.100302219390869, 5.142992973327637, 5.234568119049072]

Epoch 20 Summary | LR: 0.001000 | Time: 27.83
Train Loss: 0.0080 | Train Acc: 99.98%
Val Loss: 0.1443 | Val Acc: 97.01%
--------------------------------------------------
No improvement for 3 epoch(s)
  Selected Arms: [0]
  Arm Rewards: [96.39803314208984, -0.18315018713474274, 0.0]
  Arm Counts: [20.0, 2.0, 2.0]
  Value of t: 22
  UCB Scores: [6.784824848175049, 5.182833194732666, 5.274408340454102]

Epoch 21 Summary | LR: 0.001000 | Time: 27.59
Train Loss: 0.0073 | Train Acc: 99.97%
Val Loss: 0.1441 | Val Acc: 97.01%
--------------------------------------------------
No improvement for 4 epoch(s)
  Selected Arms: [0]
  Arm Rewards: [96.33698272705078, -0.18315018713474274, 0.0]
  Arm Counts: [21.0, 2.0, 2.0]
  Value of t: 23
  UCB Scores: [6.496713638305664, 5.220623016357422, 5.312198162078857]

Epoch 22 Summary | LR: 0.001000 | Time: 27.63
Train Loss: 0.0068 | Train Acc: 99.98%
Val Loss: 0.1460 | Val Acc: 96.95%
--------------------------------------------------
No improvement for 5 epoch(s)
  Selected Arms: [0]
  Arm Rewards: [96.33698272705078, -0.18315018713474274, 0.0]
  Arm Counts: [22.0, 2.0, 2.0]
  Value of t: 24
  UCB Scores: [6.237943649291992, 5.256554126739502, 5.3481292724609375]

Epoch 23 Summary | LR: 0.001000 | Time: 27.62
Train Loss: 0.0066 | Train Acc: 99.98%
Val Loss: 0.1408 | Val Acc: 96.95%
--------------------------------------------------
No improvement for 6 epoch(s)
  Selected Arms: [0]
  Arm Rewards: [96.27593231201172, -0.18315018713474274, 0.0]
  Arm Counts: [23.0, 2.0, 2.0]
  Value of t: 25
  UCB Scores: [5.9990234375, 5.290792465209961, 5.3823676109313965]

Epoch 24 Summary | LR: 0.001000 | Time: 27.62
Train Loss: 0.0062 | Train Acc: 99.97%
Val Loss: 0.1441 | Val Acc: 96.89%
--------------------------------------------------
No improvement for 7 epoch(s)
Early stopping triggered after 24 epochs.
Total training time far: 660.98 seconds
Average time per epoch: 27.54 seconds

Creating ViT model for 102 classes...
Total parameters: 149,656,524
Trainable parameters: 2,757,324 (1.84%)
Frozen parameters: 146,899,200 (98.16%)
Starting second training: 
Calculating initial validation accuracy...
Initial Val Acc: 1.10%
  Selected Arms: []
  Arm Rewards: [0.0, 0.0, 0.0]
  Arm Counts: [1.0, 1.0, 1.0]
  Value of t: 1

Epoch 1 Summary | LR: 0.000100 | Time: 27.45
Train Loss: 4.7230 | Train Acc: 0.76%
Val Loss: 4.7044 | Val Acc: 1.10%
--------------------------------------------------
  Selected Arms: []
  Arm Rewards: [0.0, 0.0, 0.0]
  Arm Counts: [1.0, 1.0, 1.0]
  Value of t: 1

Epoch 2 Summary | LR: 0.000200 | Time: 27.45
Train Loss: 4.3152 | Train Acc: 8.88%
Val Loss: 3.8317 | Val Acc: 23.50%
--------------------------------------------------
  Selected Arms: []
  Arm Rewards: [0.0, 0.0, 0.0]
  Arm Counts: [1.0, 1.0, 1.0]
  Value of t: 1

Epoch 3 Summary | LR: 0.000300 | Time: 27.51
Train Loss: 2.6081 | Train Acc: 54.94%
Val Loss: 1.8505 | Val Acc: 71.73%
--------------------------------------------------
  Selected Arms: []
  Arm Rewards: [0.0, 0.0, 0.0]
  Arm Counts: [1.0, 1.0, 1.0]
  Value of t: 1

Epoch 4 Summary | LR: 0.000400 | Time: 27.53
Train Loss: 1.2756 | Train Acc: 85.94%
Val Loss: 0.9733 | Val Acc: 90.78%
--------------------------------------------------
  Selected Arms: []
  Arm Rewards: [0.0, 0.0, 0.0]
  Arm Counts: [1.0, 1.0, 1.0]
  Value of t: 1

Epoch 5 Summary | LR: 0.000500 | Time: 27.44
Train Loss: 0.6458 | Train Acc: 95.12%
Val Loss: 0.6215 | Val Acc: 93.71%
--------------------------------------------------
  Selected Arms: []
  Arm Rewards: [0.0, 0.0, 0.0]
  Arm Counts: [1.0, 1.0, 1.0]
  Value of t: 1

Epoch 6 Summary | LR: 0.000600 | Time: 27.47
Train Loss: 0.3288 | Train Acc: 98.63%
Val Loss: 0.3888 | Val Acc: 95.79%
--------------------------------------------------
  Selected Arms: []
  Arm Rewards: [0.0, 0.0, 0.0]
  Arm Counts: [1.0, 1.0, 1.0]
  Value of t: 1

Epoch 7 Summary | LR: 0.000700 | Time: 27.51
Train Loss: 0.1783 | Train Acc: 99.57%
Val Loss: 0.3089 | Val Acc: 96.28%
--------------------------------------------------
  Selected Arms: []
  Arm Rewards: [0.0, 0.0, 0.0]
  Arm Counts: [1.0, 1.0, 1.0]
  Value of t: 1

Epoch 8 Summary | LR: 0.000800 | Time: 27.52
Train Loss: 0.1006 | Train Acc: 99.83%
Val Loss: 0.2410 | Val Acc: 96.89%
--------------------------------------------------
  Selected Arms: []
  Arm Rewards: [0.0, 0.0, 0.0]
  Arm Counts: [1.0, 1.0, 1.0]
  Value of t: 1

Epoch 9 Summary | LR: 0.000900 | Time: 27.44
Train Loss: 0.0816 | Train Acc: 99.79%
Val Loss: 0.2321 | Val Acc: 96.03%
--------------------------------------------------
  Selected Arms: []
  Arm Rewards: [0.0, 0.0, 0.0]
  Arm Counts: [1.0, 1.0, 1.0]
  Value of t: 1

Epoch 10 Summary | LR: 0.001000 | Time: 27.42
Train Loss: 0.0387 | Train Acc: 99.95%
Val Loss: 0.1884 | Val Acc: 97.01%
--------------------------------------------------
  Selected Arms: []
  Arm Rewards: [0.0, 0.0, 0.0]
  Arm Counts: [1.0, 1.0, 1.0]
  Value of t: 1

Epoch 11 Summary | LR: 0.001000 | Time: 27.61
Train Loss: 0.0264 | Train Acc: 99.98%
Val Loss: 0.1805 | Val Acc: 96.52%
--------------------------------------------------
  Selected Arms: []
  Arm Rewards: [0.0, 0.0, 0.0]
  Arm Counts: [1.0, 1.0, 1.0]
  Value of t: 1

Epoch 12 Summary | LR: 0.001000 | Time: 27.69
Train Loss: 0.0198 | Train Acc: 99.98%
Val Loss: 0.1658 | Val Acc: 96.76%
--------------------------------------------------
  Selected Arms: []
  Arm Rewards: [0.0, 0.0, 0.0]
  Arm Counts: [1.0, 1.0, 1.0]
  Value of t: 1

Epoch 13 Summary | LR: 0.001000 | Time: 27.62
Train Loss: 0.0168 | Train Acc: 99.97%
Val Loss: 0.1658 | Val Acc: 96.52%
--------------------------------------------------
  Selected Arms: []
  Arm Rewards: [0.0, 0.0, 0.0]
  Arm Counts: [1.0, 1.0, 1.0]
  Value of t: 1

Epoch 14 Summary | LR: 0.001000 | Time: 27.61
Train Loss: 0.0141 | Train Acc: 99.98%
Val Loss: 0.1597 | Val Acc: 96.70%
--------------------------------------------------
  Selected Arms: []
  Arm Rewards: [0.0, 0.0, 0.0]
  Arm Counts: [1.0, 1.0, 1.0]
  Value of t: 1

Epoch 15 Summary | LR: 0.001000 | Time: 27.57
Train Loss: 0.0125 | Train Acc: 99.97%
Val Loss: 0.1668 | Val Acc: 96.21%
--------------------------------------------------
No improvement for 1 epoch(s)
  Selected Arms: []
  Arm Rewards: [0.0, 0.0, 0.0]
  Arm Counts: [1.0, 1.0, 1.0]
  Value of t: 1

Epoch 16 Summary | LR: 0.001000 | Time: 27.57
Train Loss: 0.0110 | Train Acc: 99.98%
Val Loss: 0.1569 | Val Acc: 96.52%
--------------------------------------------------
  Selected Arms: []
  Arm Rewards: [0.0, 0.0, 0.0]
  Arm Counts: [1.0, 1.0, 1.0]
  Value of t: 1

Epoch 17 Summary | LR: 0.001000 | Time: 27.62
Train Loss: 0.0103 | Train Acc: 99.98%
Val Loss: 0.1647 | Val Acc: 96.34%
--------------------------------------------------
No improvement for 1 epoch(s)
  Selected Arms: []
  Arm Rewards: [0.0, 0.0, 0.0]
  Arm Counts: [1.0, 1.0, 1.0]
  Value of t: 1

Epoch 18 Summary | LR: 0.001000 | Time: 27.65
Train Loss: 0.0093 | Train Acc: 99.97%
Val Loss: 0.1564 | Val Acc: 96.21%
--------------------------------------------------
  Selected Arms: []
  Arm Rewards: [0.0, 0.0, 0.0]
  Arm Counts: [1.0, 1.0, 1.0]
  Value of t: 1

Epoch 19 Summary | LR: 0.001000 | Time: 27.62
Train Loss: 0.0084 | Train Acc: 99.98%
Val Loss: 0.1552 | Val Acc: 96.52%
--------------------------------------------------
  Selected Arms: []
  Arm Rewards: [0.0, 0.0, 0.0]
  Arm Counts: [1.0, 1.0, 1.0]
  Value of t: 1

Epoch 20 Summary | LR: 0.001000 | Time: 27.61
Train Loss: 0.0077 | Train Acc: 99.97%
Val Loss: 0.1595 | Val Acc: 96.40%
--------------------------------------------------
No improvement for 1 epoch(s)
  Selected Arms: []
  Arm Rewards: [0.0, 0.0, 0.0]
  Arm Counts: [1.0, 1.0, 1.0]
  Value of t: 1

Epoch 21 Summary | LR: 0.001000 | Time: 27.60
Train Loss: 0.0074 | Train Acc: 99.97%
Val Loss: 0.1603 | Val Acc: 96.40%
--------------------------------------------------
No improvement for 2 epoch(s)
  Selected Arms: []
  Arm Rewards: [0.0, 0.0, 0.0]
  Arm Counts: [1.0, 1.0, 1.0]
  Value of t: 1

Epoch 22 Summary | LR: 0.001000 | Time: 27.58
Train Loss: 0.0069 | Train Acc: 99.98%
Val Loss: 0.1569 | Val Acc: 96.46%
--------------------------------------------------
No improvement for 3 epoch(s)
  Selected Arms: []
  Arm Rewards: [0.0, 0.0, 0.0]
  Arm Counts: [1.0, 1.0, 1.0]
  Value of t: 1

Epoch 23 Summary | LR: 0.001000 | Time: 27.57
Train Loss: 0.0064 | Train Acc: 99.98%
Val Loss: 0.1599 | Val Acc: 96.21%
--------------------------------------------------
No improvement for 4 epoch(s)
  Selected Arms: []
  Arm Rewards: [0.0, 0.0, 0.0]
  Arm Counts: [1.0, 1.0, 1.0]
  Value of t: 1

Epoch 24 Summary | LR: 0.001000 | Time: 27.60
Train Loss: 0.0060 | Train Acc: 99.98%
Val Loss: 0.1592 | Val Acc: 96.40%
--------------------------------------------------
No improvement for 5 epoch(s)
  Selected Arms: []
  Arm Rewards: [0.0, 0.0, 0.0]
  Arm Counts: [1.0, 1.0, 1.0]
  Value of t: 1

Epoch 25 Summary | LR: 0.000999 | Time: 27.60
Train Loss: 0.0057 | Train Acc: 99.98%
Val Loss: 0.1596 | Val Acc: 96.28%
--------------------------------------------------
No improvement for 6 epoch(s)
  Selected Arms: []
  Arm Rewards: [0.0, 0.0, 0.0]
  Arm Counts: [1.0, 1.0, 1.0]
  Value of t: 1

Epoch 26 Summary | LR: 0.000999 | Time: 27.59
Train Loss: 0.0055 | Train Acc: 99.97%
Val Loss: 0.1653 | Val Acc: 96.21%
--------------------------------------------------
No improvement for 7 epoch(s)
Early stopping triggered after 26 epochs.
Total training time far: 716.48 seconds
Average time per epoch: 27.56 seconds
Using device: cuda




Job started at Fri Jul 18 18:04:44 IST 2025
Processing /export/home/achyut/sam/paca_rl/paca_modded/peft
  Installing build dependencies: started
  Installing build dependencies: finished with status 'done'
  Getting requirements to build wheel: started
  Getting requirements to build wheel: finished with status 'done'
  Preparing metadata (pyproject.toml): started
  Preparing metadata (pyproject.toml): finished with status 'done'
Requirement already satisfied: numpy>=1.17 in /export/home/achyut/.local/lib/python3.10/site-packages (from peft==0.11.2.dev0) (1.26.4)
Requirement already satisfied: packaging>=20.0 in /export/home/achyut/.local/lib/python3.10/site-packages (from peft==0.11.2.dev0) (23.2)
Requirement already satisfied: psutil in /export/home/achyut/.local/lib/python3.10/site-packages (from peft==0.11.2.dev0) (5.9.8)
Requirement already satisfied: pyyaml in /export/home/achyut/.local/lib/python3.10/site-packages (from peft==0.11.2.dev0) (6.0.2)
Requirement already satisfied: torch>=1.13.0 in /export/home/achyut/.local/lib/python3.10/site-packages (from peft==0.11.2.dev0) (2.7.1)
Requirement already satisfied: transformers in /export/home/achyut/.local/lib/python3.10/site-packages (from peft==0.11.2.dev0) (4.52.4)
Requirement already satisfied: tqdm in /export/home/achyut/.local/lib/python3.10/site-packages (from peft==0.11.2.dev0) (4.64.1)
Requirement already satisfied: accelerate>=0.21.0 in /export/home/achyut/.local/lib/python3.10/site-packages (from peft==0.11.2.dev0) (1.8.1)
Requirement already satisfied: safetensors in /export/home/achyut/.local/lib/python3.10/site-packages (from peft==0.11.2.dev0) (0.5.3)
Requirement already satisfied: huggingface_hub>=0.17.0 in /export/home/achyut/.local/lib/python3.10/site-packages (from peft==0.11.2.dev0) (0.32.4)
Requirement already satisfied: filelock in /export/home/achyut/.local/lib/python3.10/site-packages (from huggingface_hub>=0.17.0->peft==0.11.2.dev0) (3.18.0)
Requirement already satisfied: fsspec>=2023.5.0 in /export/home/achyut/.local/lib/python3.10/site-packages (from huggingface_hub>=0.17.0->peft==0.11.2.dev0) (2024.2.0)
Requirement already satisfied: requests in /export/home/achyut/.local/lib/python3.10/site-packages (from huggingface_hub>=0.17.0->peft==0.11.2.dev0) (2.32.4)
Requirement already satisfied: typing-extensions>=3.7.4.3 in /export/home/achyut/.local/lib/python3.10/site-packages (from huggingface_hub>=0.17.0->peft==0.11.2.dev0) (4.13.2)
Requirement already satisfied: hf-xet<2.0.0,>=1.1.2 in /export/home/achyut/.local/lib/python3.10/site-packages (from huggingface_hub>=0.17.0->peft==0.11.2.dev0) (1.1.3)
Requirement already satisfied: sympy>=1.13.3 in /export/home/achyut/.local/lib/python3.10/site-packages (from torch>=1.13.0->peft==0.11.2.dev0) (1.14.0)
Requirement already satisfied: networkx in /export/home/achyut/.local/lib/python3.10/site-packages (from torch>=1.13.0->peft==0.11.2.dev0) (3.4.2)
Requirement already satisfied: jinja2 in /export/home/achyut/miniconda3/envs/mamba_paca/lib/python3.10/site-packages (from torch>=1.13.0->peft==0.11.2.dev0) (3.1.6)
Requirement already satisfied: nvidia-cuda-nvrtc-cu12==12.6.77 in /export/home/achyut/.local/lib/python3.10/site-packages (from torch>=1.13.0->peft==0.11.2.dev0) (12.6.77)
Requirement already satisfied: nvidia-cuda-runtime-cu12==12.6.77 in /export/home/achyut/.local/lib/python3.10/site-packages (from torch>=1.13.0->peft==0.11.2.dev0) (12.6.77)
Requirement already satisfied: nvidia-cuda-cupti-cu12==12.6.80 in /export/home/achyut/.local/lib/python3.10/site-packages (from torch>=1.13.0->peft==0.11.2.dev0) (12.6.80)
Requirement already satisfied: nvidia-cudnn-cu12==9.5.1.17 in /export/home/achyut/.local/lib/python3.10/site-packages (from torch>=1.13.0->peft==0.11.2.dev0) (9.5.1.17)
Requirement already satisfied: nvidia-cublas-cu12==12.6.4.1 in /export/home/achyut/.local/lib/python3.10/site-packages (from torch>=1.13.0->peft==0.11.2.dev0) (12.6.4.1)
Requirement already satisfied: nvidia-cufft-cu12==11.3.0.4 in /export/home/achyut/.local/lib/python3.10/site-packages (from torch>=1.13.0->peft==0.11.2.dev0) (11.3.0.4)
Requirement already satisfied: nvidia-curand-cu12==10.3.7.77 in /export/home/achyut/.local/lib/python3.10/site-packages (from torch>=1.13.0->peft==0.11.2.dev0) (10.3.7.77)
Requirement already satisfied: nvidia-cusolver-cu12==11.7.1.2 in /export/home/achyut/.local/lib/python3.10/site-packages (from torch>=1.13.0->peft==0.11.2.dev0) (11.7.1.2)
Requirement already satisfied: nvidia-cusparse-cu12==12.5.4.2 in /export/home/achyut/.local/lib/python3.10/site-packages (from torch>=1.13.0->peft==0.11.2.dev0) (12.5.4.2)
Requirement already satisfied: nvidia-cusparselt-cu12==0.6.3 in /export/home/achyut/.local/lib/python3.10/site-packages (from torch>=1.13.0->peft==0.11.2.dev0) (0.6.3)
Requirement already satisfied: nvidia-nccl-cu12==2.26.2 in /export/home/achyut/.local/lib/python3.10/site-packages (from torch>=1.13.0->peft==0.11.2.dev0) (2.26.2)
Requirement already satisfied: nvidia-nvtx-cu12==12.6.77 in /export/home/achyut/.local/lib/python3.10/site-packages (from torch>=1.13.0->peft==0.11.2.dev0) (12.6.77)
Requirement already satisfied: nvidia-nvjitlink-cu12==12.6.85 in /export/home/achyut/.local/lib/python3.10/site-packages (from torch>=1.13.0->peft==0.11.2.dev0) (12.6.85)
Requirement already satisfied: nvidia-cufile-cu12==1.11.1.6 in /export/home/achyut/.local/lib/python3.10/site-packages (from torch>=1.13.0->peft==0.11.2.dev0) (1.11.1.6)
Requirement already satisfied: triton==3.3.1 in /export/home/achyut/.local/lib/python3.10/site-packages (from torch>=1.13.0->peft==0.11.2.dev0) (3.3.1)
Requirement already satisfied: setuptools>=40.8.0 in /export/home/achyut/miniconda3/envs/mamba_paca/lib/python3.10/site-packages (from triton==3.3.1->torch>=1.13.0->peft==0.11.2.dev0) (78.1.1)
Requirement already satisfied: mpmath<1.4,>=1.1.0 in /export/home/achyut/.local/lib/python3.10/site-packages (from sympy>=1.13.3->torch>=1.13.0->peft==0.11.2.dev0) (1.3.0)
Requirement already satisfied: MarkupSafe>=2.0 in /export/home/achyut/.local/lib/python3.10/site-packages (from jinja2->torch>=1.13.0->peft==0.11.2.dev0) (3.0.2)
Requirement already satisfied: charset_normalizer<4,>=2 in /export/home/achyut/.local/lib/python3.10/site-packages (from requests->huggingface_hub>=0.17.0->peft==0.11.2.dev0) (3.4.2)
Requirement already satisfied: idna<4,>=2.5 in /export/home/achyut/miniconda3/envs/mamba_paca/lib/python3.10/site-packages (from requests->huggingface_hub>=0.17.0->peft==0.11.2.dev0) (3.10)
Requirement already satisfied: urllib3<3,>=1.21.1 in /export/home/achyut/miniconda3/envs/mamba_paca/lib/python3.10/site-packages (from requests->huggingface_hub>=0.17.0->peft==0.11.2.dev0) (2.4.0)
Requirement already satisfied: certifi>=2017.4.17 in /export/home/achyut/miniconda3/envs/mamba_paca/lib/python3.10/site-packages (from requests->huggingface_hub>=0.17.0->peft==0.11.2.dev0) (2025.4.26)
Requirement already satisfied: regex!=2019.12.17 in /export/home/achyut/.local/lib/python3.10/site-packages (from transformers->peft==0.11.2.dev0) (2024.11.6)
Requirement already satisfied: tokenizers<0.22,>=0.21 in /export/home/achyut/.local/lib/python3.10/site-packages (from transformers->peft==0.11.2.dev0) (0.21.2)
Building wheels for collected packages: peft
  Building wheel for peft (pyproject.toml): started
  Building wheel for peft (pyproject.toml): finished with status 'done'
  Created wheel for peft: filename=peft-0.11.2.dev0-py3-none-any.whl size=277346 sha256=05e9b608ccdd19e30f47fd0bb2f97f8ecf9ee940350a07416c5ec7629709787c
  Stored in directory: /tmp/pip-ephem-wheel-cache-0z1ci8i4/wheels/87/64/54/8dc1ca1c77c7bcbbb6f683171497c691f675113c7bee1893bc
Successfully built peft
Installing collected packages: peft
  Attempting uninstall: peft
    Found existing installation: peft 0.11.2.dev0
    Uninstalling peft-0.11.2.dev0:
      Successfully uninstalled peft-0.11.2.dev0
Successfully installed peft-0.11.2.dev0
Doing UCB runs:
Using device: cuda
============================================================
Vision Transformer Fine-tuning on Caltech-101
============================================================
Loading dataset...
Dataset loaded: 9144 samples across 102 classes
Classes: ['BACKGROUND_Google', 'Faces', 'Faces_easy', 'Leopards', 'Motorbikes', 'accordion', 'airplanes', 'anchor', 'ant', 'barrel']...

Creating ViT model for 102 classes...
PEFT config: PacaConfig(peft_type=<PeftType.PACA: 'PACA'>, auto_mapping=None, base_model_name_or_path=None, revision=None, task_type=<TaskType.FEATURE_EXTRACTION: 'FEATURE_EXTRACTION'>, inference_mode=False, r=48, target_modules={'mlp.3', 'out_proj', 'mlp.0'}, paca_alpha=96, fan_in_fan_out=False, bias='all', modules_to_save=['head'], layers_to_transform=None, layers_pattern=None, rank_pattern={}, alpha_pattern={}, megatron_config=None, megatron_core='megatron.core', layer_replication=None, gradient_accumulation_steps=1, steps_per_epoch=115, arm_distribution='horizontal', num_arms=3, num_arms_to_select=1, ucb_alpha=6, use_fixed_indices=False)
Fine tuning vit using UCB-based PaCA:
Calculating initial validation accuracy...
Initial Val Acc: 0.49%
  Selected Arms: [0]
  Arm Rewards: [0.0, 0.0, 0.0]
  Arm Counts: [2.0, 1.0, 1.0]
  Value of t: 2
  UCB Scores: [7.064460277557373, 7.064460277557373, 7.064460277557373]

Epoch 1 Summary | LR: 0.000100 | Time: 29.11
Train Loss: 4.7561 | Train Acc: 0.67%
Val Loss: 4.7669 | Val Acc: 0.49%
--------------------------------------------------
  Selected Arms: [0]
  Arm Rewards: [38.65500259399414, 0.0, 0.0]
  Arm Counts: [3.0, 1.0, 1.0]
  Value of t: 3
  UCB Scores: [25.616384506225586, 8.89382266998291, 8.89382266998291]

Epoch 2 Summary | LR: 0.000200 | Time: 29.73
Train Loss: 3.7688 | Train Acc: 20.72%
Val Loss: 3.0481 | Val Acc: 39.15%
--------------------------------------------------
  Selected Arms: [0]
  Arm Rewards: [75.12301635742188, 0.0, 0.0]
  Arm Counts: [4.0, 1.0, 1.0]
  Value of t: 4
  UCB Scores: [30.809114456176758, 9.990654945373535, 9.990654945373535]

Epoch 3 Summary | LR: 0.000300 | Time: 30.06
Train Loss: 2.2005 | Train Acc: 59.56%
Val Loss: 1.4687 | Val Acc: 75.62%
--------------------------------------------------
  Selected Arms: [0]
  Arm Rewards: [88.57299041748047, 0.0, 0.0]
  Arm Counts: [5.0, 1.0, 1.0]
  Value of t: 5
  UCB Scores: [27.525615692138672, 10.764735221862793, 10.764735221862793]

Epoch 4 Summary | LR: 0.000400 | Time: 30.11
Train Loss: 1.0259 | Train Acc: 86.49%
Val Loss: 0.7575 | Val Acc: 89.07%
--------------------------------------------------
  Selected Arms: [0]
  Arm Rewards: [92.6189193725586, 0.0, 0.0]
  Arm Counts: [6.0, 1.0, 1.0]
  Value of t: 6
  UCB Scores: [23.603286743164062, 11.358110427856445, 11.358110427856445]

Epoch 5 Summary | LR: 0.000500 | Time: 30.17
Train Loss: 0.4994 | Train Acc: 94.75%
Val Loss: 0.4865 | Val Acc: 93.11%
--------------------------------------------------
  Selected Arms: [0]
  Arm Rewards: [94.09513854980469, 0.0, 0.0]
  Arm Counts: [7.0, 1.0, 1.0]
  Value of t: 7
  UCB Scores: [20.514802932739258, 11.836618423461914, 11.836618423461914]

Epoch 6 Summary | LR: 0.000600 | Time: 30.30
Train Loss: 0.2606 | Train Acc: 97.61%
Val Loss: 0.3657 | Val Acc: 94.59%
--------------------------------------------------
  Selected Arms: [0]
  Arm Rewards: [94.25916290283203, 0.0, 0.0]
  Arm Counts: [8.0, 1.0, 1.0]
  Value of t: 8
  UCB Scores: [18.090370178222656, 12.236003875732422, 12.236003875732422]

Epoch 7 Summary | LR: 0.000700 | Time: 30.20
Train Loss: 0.1520 | Train Acc: 98.71%
Val Loss: 0.2891 | Val Acc: 94.75%
--------------------------------------------------
  Selected Arms: [0]
  Arm Rewards: [94.805908203125, 0.0, 0.0]
  Arm Counts: [9.0, 1.0, 1.0]
  Value of t: 9
  UCB Scores: [16.297649383544922, 12.577764511108398, 12.577764511108398]

Epoch 8 Summary | LR: 0.000800 | Time: 30.34
Train Loss: 0.0873 | Train Acc: 99.36%
Val Loss: 0.2307 | Val Acc: 95.30%
--------------------------------------------------
  Selected Arms: [0]
  Arm Rewards: [95.02460479736328, 0.0, 0.0]
  Arm Counts: [10.0, 1.0, 1.0]
  Value of t: 10
  UCB Scores: [14.850221633911133, 12.8757963180542, 12.8757963180542]

Epoch 9 Summary | LR: 0.000900 | Time: 30.30
Train Loss: 0.0528 | Train Acc: 99.62%
Val Loss: 0.2384 | Val Acc: 95.52%
--------------------------------------------------
No improvement for 1 epoch(s)
  Selected Arms: [0]
  Arm Rewards: [92.07217407226562, 0.0, 0.0]
  Arm Counts: [11.0, 1.0, 1.0]
  Value of t: 11
  UCB Scores: [13.362316131591797, 13.139575958251953, 13.139575958251953]

Epoch 10 Summary | LR: 0.001000 | Time: 30.27
Train Loss: 0.1258 | Train Acc: 98.65%
Val Loss: 0.3232 | Val Acc: 92.56%
--------------------------------------------------
No improvement for 2 epoch(s)
  Selected Arms: [1]
  Arm Rewards: [92.83761596679688, 0.0, 0.0]
  Arm Counts: [11.0, 2.0, 1.0]
  Value of t: 12
  UCB Scores: [12.472752571105957, 13.375846862792969, 13.375846862792969]

Epoch 11 Summary | LR: 0.001000 | Time: 30.42
Train Loss: 0.1341 | Train Acc: 98.47%
Val Loss: 0.3239 | Val Acc: 93.33%
--------------------------------------------------
No improvement for 3 epoch(s)
  Selected Arms: [2]
  Arm Rewards: [92.83761596679688, 1.1481684446334839, 0.0]
  Arm Counts: [11.0, 2.0, 2.0]
  Value of t: 13
  UCB Scores: [12.537192344665527, 10.18336009979248, 13.589568138122559]

Epoch 12 Summary | LR: 0.001000 | Time: 30.37
Train Loss: 0.1387 | Train Acc: 98.00%
Val Loss: 0.2829 | Val Acc: 94.48%
--------------------------------------------------
No improvement for 4 epoch(s)
  Selected Arms: [0]
  Arm Rewards: [92.83761596679688, 1.1481684446334839, -1.4215418100357056]
  Arm Counts: [12.0, 2.0, 2.0]
  Value of t: 14
  UCB Scores: [12.595962524414062, 10.321189880371094, 9.036334037780762]

Epoch 13 Summary | LR: 0.001000 | Time: 30.43
Train Loss: 0.0983 | Train Acc: 98.71%
Val Loss: 0.3397 | Val Acc: 93.06%
--------------------------------------------------
No improvement for 5 epoch(s)
  Selected Arms: [0]
  Arm Rewards: [92.6189193725586, 1.1481684446334839, -1.4215418100357056]
  Arm Counts: [13.0, 2.0, 2.0]
  Value of t: 15
  UCB Scores: [11.749161720275879, 10.447776794433594, 9.162921905517578]

Epoch 14 Summary | LR: 0.001000 | Time: 30.46
Train Loss: 0.0615 | Train Acc: 99.26%
Val Loss: 0.3486 | Val Acc: 92.84%
--------------------------------------------------
No improvement for 6 epoch(s)
  Selected Arms: [0]
  Arm Rewards: [93.6577377319336, 1.1481684446334839, -1.4215418100357056]
  Arm Counts: [14.0, 2.0, 2.0]
  Value of t: 16
  UCB Scores: [11.123099327087402, 10.564739227294922, 9.279884338378906]

Epoch 15 Summary | LR: 0.001000 | Time: 30.45
Train Loss: 0.0485 | Train Acc: 99.51%
Val Loss: 0.2918 | Val Acc: 93.88%
--------------------------------------------------
No improvement for 7 epoch(s)
Early stopping triggered after 15 epochs.
Total training time far: 452.72 seconds
Average time per epoch: 30.18 seconds

Creating ViT model for 102 classes...
Total parameters: 149,656,524
Trainable parameters: 2,757,324 (1.84%)
Frozen parameters: 146,899,200 (98.16%)
Starting second training: 
Calculating initial validation accuracy...
Initial Val Acc: 0.77%
  Selected Arms: []
  Arm Rewards: [0.0, 0.0, 0.0]
  Arm Counts: [1.0, 1.0, 1.0]
  Value of t: 1

Epoch 1 Summary | LR: 0.000100 | Time: 30.17
Train Loss: 4.7847 | Train Acc: 0.59%
Val Loss: 4.7849 | Val Acc: 0.77%
--------------------------------------------------
  Selected Arms: []
  Arm Rewards: [0.0, 0.0, 0.0]
  Arm Counts: [1.0, 1.0, 1.0]
  Value of t: 1

Epoch 2 Summary | LR: 0.000200 | Time: 30.27
Train Loss: 3.8312 | Train Acc: 19.10%
Val Loss: 3.0503 | Val Acc: 35.59%
--------------------------------------------------
  Selected Arms: []
  Arm Rewards: [0.0, 0.0, 0.0]
  Arm Counts: [1.0, 1.0, 1.0]
  Value of t: 1

Epoch 3 Summary | LR: 0.000300 | Time: 30.23
Train Loss: 2.1491 | Train Acc: 60.33%
Val Loss: 1.4730 | Val Acc: 77.69%
--------------------------------------------------
  Selected Arms: []
  Arm Rewards: [0.0, 0.0, 0.0]
  Arm Counts: [1.0, 1.0, 1.0]
  Value of t: 1

Epoch 4 Summary | LR: 0.000400 | Time: 30.31
Train Loss: 1.0246 | Train Acc: 86.86%
Val Loss: 0.7636 | Val Acc: 89.61%
--------------------------------------------------
  Selected Arms: []
  Arm Rewards: [0.0, 0.0, 0.0]
  Arm Counts: [1.0, 1.0, 1.0]
  Value of t: 1

Epoch 5 Summary | LR: 0.000500 | Time: 30.41
Train Loss: 0.5202 | Train Acc: 95.09%
Val Loss: 0.5211 | Val Acc: 93.17%
--------------------------------------------------
  Selected Arms: []
  Arm Rewards: [0.0, 0.0, 0.0]
  Arm Counts: [1.0, 1.0, 1.0]
  Value of t: 1

Epoch 6 Summary | LR: 0.000600 | Time: 30.32
Train Loss: 0.2598 | Train Acc: 98.05%
Val Loss: 0.3592 | Val Acc: 94.53%
--------------------------------------------------
  Selected Arms: []
  Arm Rewards: [0.0, 0.0, 0.0]
  Arm Counts: [1.0, 1.0, 1.0]
  Value of t: 1

Epoch 7 Summary | LR: 0.000700 | Time: 30.35
Train Loss: 0.1398 | Train Acc: 99.11%
Val Loss: 0.2849 | Val Acc: 94.92%
--------------------------------------------------
  Selected Arms: []
  Arm Rewards: [0.0, 0.0, 0.0]
  Arm Counts: [1.0, 1.0, 1.0]
  Value of t: 1

Epoch 8 Summary | LR: 0.000800 | Time: 30.36
Train Loss: 0.0931 | Train Acc: 99.45%
Val Loss: 0.3272 | Val Acc: 94.42%
--------------------------------------------------
No improvement for 1 epoch(s)
  Selected Arms: []
  Arm Rewards: [0.0, 0.0, 0.0]
  Arm Counts: [1.0, 1.0, 1.0]
  Value of t: 1

Epoch 9 Summary | LR: 0.000900 | Time: 30.34
Train Loss: 0.0671 | Train Acc: 99.58%
Val Loss: 0.2253 | Val Acc: 95.79%
--------------------------------------------------
  Selected Arms: []
  Arm Rewards: [0.0, 0.0, 0.0]
  Arm Counts: [1.0, 1.0, 1.0]
  Value of t: 1

Epoch 10 Summary | LR: 0.001000 | Time: 30.32
Train Loss: 0.0957 | Train Acc: 99.23%
Val Loss: 0.2930 | Val Acc: 93.82%
--------------------------------------------------
No improvement for 1 epoch(s)
  Selected Arms: []
  Arm Rewards: [0.0, 0.0, 0.0]
  Arm Counts: [1.0, 1.0, 1.0]
  Value of t: 1

Epoch 11 Summary | LR: 0.001000 | Time: 30.59
Train Loss: 0.1052 | Train Acc: 99.10%
Val Loss: 0.2941 | Val Acc: 93.49%
--------------------------------------------------
No improvement for 2 epoch(s)
  Selected Arms: []
  Arm Rewards: [0.0, 0.0, 0.0]
  Arm Counts: [1.0, 1.0, 1.0]
  Value of t: 1

Epoch 12 Summary | LR: 0.001000 | Time: 30.53
Train Loss: 0.0650 | Train Acc: 99.49%
Val Loss: 0.2645 | Val Acc: 94.31%
--------------------------------------------------
No improvement for 3 epoch(s)
  Selected Arms: []
  Arm Rewards: [0.0, 0.0, 0.0]
  Arm Counts: [1.0, 1.0, 1.0]
  Value of t: 1

Epoch 13 Summary | LR: 0.001000 | Time: 30.53
Train Loss: 0.0857 | Train Acc: 98.87%
Val Loss: 0.3194 | Val Acc: 93.49%
--------------------------------------------------
No improvement for 4 epoch(s)
  Selected Arms: []
  Arm Rewards: [0.0, 0.0, 0.0]
  Arm Counts: [1.0, 1.0, 1.0]
  Value of t: 1

Epoch 14 Summary | LR: 0.001000 | Time: 30.56
Train Loss: 0.0524 | Train Acc: 99.54%
Val Loss: 0.2378 | Val Acc: 95.30%
--------------------------------------------------
No improvement for 5 epoch(s)
  Selected Arms: []
  Arm Rewards: [0.0, 0.0, 0.0]
  Arm Counts: [1.0, 1.0, 1.0]
  Value of t: 1

Epoch 15 Summary | LR: 0.001000 | Time: 30.57
Train Loss: 0.0291 | Train Acc: 99.81%
Val Loss: 0.2361 | Val Acc: 94.81%
--------------------------------------------------
No improvement for 6 epoch(s)
  Selected Arms: []
  Arm Rewards: [0.0, 0.0, 0.0]
  Arm Counts: [1.0, 1.0, 1.0]
  Value of t: 1

Epoch 16 Summary | LR: 0.001000 | Time: 30.62
Train Loss: 0.0239 | Train Acc: 99.81%
Val Loss: 0.1689 | Val Acc: 96.56%
--------------------------------------------------
  Selected Arms: []
  Arm Rewards: [0.0, 0.0, 0.0]
  Arm Counts: [1.0, 1.0, 1.0]
  Value of t: 1

Epoch 17 Summary | LR: 0.001000 | Time: 30.50
Train Loss: 0.0250 | Train Acc: 99.69%
Val Loss: 0.1978 | Val Acc: 95.63%
--------------------------------------------------
No improvement for 1 epoch(s)
  Selected Arms: []
  Arm Rewards: [0.0, 0.0, 0.0]
  Arm Counts: [1.0, 1.0, 1.0]
  Value of t: 1

Epoch 18 Summary | LR: 0.001000 | Time: 30.59
Train Loss: 0.0187 | Train Acc: 99.77%
Val Loss: 0.1600 | Val Acc: 96.12%
--------------------------------------------------
  Selected Arms: []
  Arm Rewards: [0.0, 0.0, 0.0]
  Arm Counts: [1.0, 1.0, 1.0]
  Value of t: 1

Epoch 19 Summary | LR: 0.001000 | Time: 30.56
Train Loss: 0.0115 | Train Acc: 99.95%
Val Loss: 0.1652 | Val Acc: 96.17%
--------------------------------------------------
No improvement for 1 epoch(s)
  Selected Arms: []
  Arm Rewards: [0.0, 0.0, 0.0]
  Arm Counts: [1.0, 1.0, 1.0]
  Value of t: 1

Epoch 20 Summary | LR: 0.001000 | Time: 30.58
Train Loss: 0.0112 | Train Acc: 99.95%
Val Loss: 0.1629 | Val Acc: 96.12%
--------------------------------------------------
No improvement for 2 epoch(s)
  Selected Arms: []
  Arm Rewards: [0.0, 0.0, 0.0]
  Arm Counts: [1.0, 1.0, 1.0]
  Value of t: 1

Epoch 21 Summary | LR: 0.001000 | Time: 30.53
Train Loss: 0.0096 | Train Acc: 99.95%
Val Loss: 0.1651 | Val Acc: 96.34%
--------------------------------------------------
No improvement for 3 epoch(s)
  Selected Arms: []
  Arm Rewards: [0.0, 0.0, 0.0]
  Arm Counts: [1.0, 1.0, 1.0]
  Value of t: 1

Epoch 22 Summary | LR: 0.001000 | Time: 30.56
Train Loss: 0.0080 | Train Acc: 99.95%
Val Loss: 0.1642 | Val Acc: 96.12%
--------------------------------------------------
No improvement for 4 epoch(s)
  Selected Arms: []
  Arm Rewards: [0.0, 0.0, 0.0]
  Arm Counts: [1.0, 1.0, 1.0]
  Value of t: 1

Epoch 23 Summary | LR: 0.001000 | Time: 30.54
Train Loss: 0.0072 | Train Acc: 99.96%
Val Loss: 0.1648 | Val Acc: 96.12%
--------------------------------------------------
No improvement for 5 epoch(s)
  Selected Arms: []
  Arm Rewards: [0.0, 0.0, 0.0]
  Arm Counts: [1.0, 1.0, 1.0]
  Value of t: 1

Epoch 24 Summary | LR: 0.001000 | Time: 30.66
Train Loss: 0.0067 | Train Acc: 99.96%
Val Loss: 0.1654 | Val Acc: 96.23%
--------------------------------------------------
No improvement for 6 epoch(s)
  Selected Arms: []
  Arm Rewards: [0.0, 0.0, 0.0]
  Arm Counts: [1.0, 1.0, 1.0]
  Value of t: 1

Epoch 25 Summary | LR: 0.000999 | Time: 30.61
Train Loss: 0.0063 | Train Acc: 99.97%
Val Loss: 0.1681 | Val Acc: 96.17%
--------------------------------------------------
No improvement for 7 epoch(s)
Early stopping triggered after 25 epochs.
Total training time far: 761.64 seconds
Average time per epoch: 30.47 seconds
Using device: cuda
============================================================
Vision Transformer Fine-tuning on Caltech-101
============================================================
Loading dataset...
Dataset loaded: 9144 samples across 102 classes
Classes: ['BACKGROUND_Google', 'Faces', 'Faces_easy', 'Leopards', 'Motorbikes', 'accordion', 'airplanes', 'anchor', 'ant', 'barrel']...

Creating ViT model for 102 classes...
PEFT config: PacaConfig(peft_type=<PeftType.PACA: 'PACA'>, auto_mapping=None, base_model_name_or_path=None, revision=None, task_type=<TaskType.FEATURE_EXTRACTION: 'FEATURE_EXTRACTION'>, inference_mode=False, r=48, target_modules={'mlp.0', 'out_proj', 'mlp.3'}, paca_alpha=96, fan_in_fan_out=False, bias='all', modules_to_save=['head'], layers_to_transform=None, layers_pattern=None, rank_pattern={}, alpha_pattern={}, megatron_config=None, megatron_core='megatron.core', layer_replication=None, gradient_accumulation_steps=1, steps_per_epoch=115, arm_distribution='horizontal', num_arms=3, num_arms_to_select=1, ucb_alpha=6, use_fixed_indices=False)
Fine tuning vit using UCB-based PaCA:
Calculating initial validation accuracy...
Initial Val Acc: 0.77%
  Selected Arms: [0]
  Arm Rewards: [0.0, 0.0, 0.0]
  Arm Counts: [2.0, 1.0, 1.0]
  Value of t: 2
  UCB Scores: [7.064460277557373, 7.064460277557373, 7.064460277557373]

Epoch 1 Summary | LR: 0.000100 | Time: 29.98
Train Loss: 4.7275 | Train Acc: 0.79%
Val Loss: 4.7141 | Val Acc: 0.77%
--------------------------------------------------
  Selected Arms: [0]
  Arm Rewards: [34.281028747558594, 0.0, 0.0]
  Arm Counts: [3.0, 1.0, 1.0]
  Value of t: 3
  UCB Scores: [23.429397583007812, 8.89382266998291, 8.89382266998291]

Epoch 2 Summary | LR: 0.000200 | Time: 30.24
Train Loss: 3.7522 | Train Acc: 24.13%
Val Loss: 3.1666 | Val Acc: 35.05%
--------------------------------------------------
  Selected Arms: [0]
  Arm Rewards: [75.9431381225586, 0.0, 0.0]
  Arm Counts: [4.0, 1.0, 1.0]
  Value of t: 4
  UCB Scores: [31.082489013671875, 9.990654945373535, 9.990654945373535]

Epoch 3 Summary | LR: 0.000300 | Time: 30.32
Train Loss: 2.1993 | Train Acc: 58.70%
Val Loss: 1.5153 | Val Acc: 76.71%
--------------------------------------------------
  Selected Arms: [0]
  Arm Rewards: [88.51831817626953, 0.0, 0.0]
  Arm Counts: [5.0, 1.0, 1.0]
  Value of t: 5
  UCB Scores: [27.511947631835938, 10.764735221862793, 10.764735221862793]

Epoch 4 Summary | LR: 0.000400 | Time: 30.31
Train Loss: 1.0077 | Train Acc: 86.32%
Val Loss: 0.8120 | Val Acc: 89.28%
--------------------------------------------------
  Selected Arms: [0]
  Arm Rewards: [91.41607666015625, 0.0, 0.0]
  Arm Counts: [6.0, 1.0, 1.0]
  Value of t: 6
  UCB Scores: [23.36271858215332, 11.358110427856445, 11.358110427856445]

Epoch 5 Summary | LR: 0.000500 | Time: 30.37
Train Loss: 0.4903 | Train Acc: 95.20%
Val Loss: 0.5268 | Val Acc: 92.18%
--------------------------------------------------
  Selected Arms: [0]
  Arm Rewards: [93.22034454345703, 0.0, 0.0]
  Arm Counts: [7.0, 1.0, 1.0]
  Value of t: 7
  UCB Scores: [20.369003295898438, 11.836618423461914, 11.836618423461914]

Epoch 6 Summary | LR: 0.000600 | Time: 30.32
Train Loss: 0.2528 | Train Acc: 97.85%
Val Loss: 0.3765 | Val Acc: 93.99%
--------------------------------------------------
  Selected Arms: [0]
  Arm Rewards: [92.8376235961914, 0.0, 0.0]
  Arm Counts: [8.0, 1.0, 1.0]
  Value of t: 8
  UCB Scores: [17.887292861938477, 12.236003875732422, 12.236003875732422]

Epoch 7 Summary | LR: 0.000700 | Time: 30.29
Train Loss: 0.1508 | Train Acc: 98.77%
Val Loss: 0.3307 | Val Acc: 93.60%
--------------------------------------------------
  Selected Arms: [0]
  Arm Rewards: [94.14981842041016, 0.0, 0.0]
  Arm Counts: [9.0, 1.0, 1.0]
  Value of t: 9
  UCB Scores: [16.215639114379883, 12.577764511108398, 12.577764511108398]

Epoch 8 Summary | LR: 0.000800 | Time: 30.35
Train Loss: 0.0829 | Train Acc: 99.41%
Val Loss: 0.2711 | Val Acc: 94.92%
--------------------------------------------------
  Selected Arms: [0]
  Arm Rewards: [92.72827911376953, 0.0, 0.0]
  Arm Counts: [10.0, 1.0, 1.0]
  Value of t: 10
  UCB Scores: [14.595074653625488, 12.8757963180542, 12.8757963180542]

Epoch 9 Summary | LR: 0.000900 | Time: 30.32
Train Loss: 0.0784 | Train Acc: 99.44%
Val Loss: 0.3832 | Val Acc: 93.49%
--------------------------------------------------
No improvement for 1 epoch(s)
  Selected Arms: [0]
  Arm Rewards: [91.68946075439453, 0.0, 0.0]
  Arm Counts: [11.0, 1.0, 1.0]
  Value of t: 11
  UCB Scores: [13.324045181274414, 13.139575958251953, 13.139575958251953]

Epoch 10 Summary | LR: 0.001000 | Time: 30.26
Train Loss: 0.1631 | Train Acc: 98.14%
Val Loss: 0.3580 | Val Acc: 92.45%
--------------------------------------------------
No improvement for 2 epoch(s)
  Selected Arms: [1]
  Arm Rewards: [92.6736068725586, 0.0, 0.0]
  Arm Counts: [11.0, 2.0, 1.0]
  Value of t: 12
  UCB Scores: [12.457842826843262, 13.375846862792969, 13.375846862792969]

Epoch 11 Summary | LR: 0.001000 | Time: 30.46
Train Loss: 0.1277 | Train Acc: 98.39%
Val Loss: 0.3012 | Val Acc: 93.44%
--------------------------------------------------
No improvement for 3 epoch(s)
  Selected Arms: [2]
  Arm Rewards: [92.6736068725586, 1.1481684446334839, 0.0]
  Arm Counts: [11.0, 2.0, 2.0]
  Value of t: 13
  UCB Scores: [12.522282600402832, 10.18336009979248, 13.589568138122559]

Epoch 12 Summary | LR: 0.001000 | Time: 30.47
Train Loss: 0.0603 | Train Acc: 99.34%
Val Loss: 0.2413 | Val Acc: 94.59%
--------------------------------------------------
  Selected Arms: [0]
  Arm Rewards: [92.6736068725586, 1.1481684446334839, 0.10934937000274658]
  Arm Counts: [12.0, 2.0, 2.0]
  Value of t: 14
  UCB Scores: [12.581052780151367, 10.321189880371094, 9.801779747009277]

Epoch 13 Summary | LR: 0.001000 | Time: 30.48
Train Loss: 0.0269 | Train Acc: 99.86%
Val Loss: 0.2240 | Val Acc: 94.70%
--------------------------------------------------
  Selected Arms: [0]
  Arm Rewards: [92.72827911376953, 1.1481684446334839, 0.10934937000274658]
  Arm Counts: [13.0, 2.0, 2.0]
  Value of t: 15
  UCB Scores: [11.758275032043457, 10.447776794433594, 9.928367614746094]

Epoch 14 Summary | LR: 0.001000 | Time: 30.48
Train Loss: 0.0190 | Train Acc: 99.93%
Val Loss: 0.2173 | Val Acc: 94.75%
--------------------------------------------------
  Selected Arms: [0]
  Arm Rewards: [92.61892700195312, 1.1481684446334839, 0.10934937000274658]
  Arm Counts: [14.0, 2.0, 2.0]
  Value of t: 16
  UCB Scores: [11.043190956115723, 10.564739227294922, 10.045330047607422]

Epoch 15 Summary | LR: 0.001000 | Time: 30.42
Train Loss: 0.0161 | Train Acc: 99.93%
Val Loss: 0.2084 | Val Acc: 94.64%
--------------------------------------------------
  Selected Arms: [1]
  Arm Rewards: [92.94697570800781, 1.1481684446334839, 0.10934937000274658]
  Arm Counts: [14.0, 3.0, 2.0]
  Value of t: 17
  UCB Scores: [10.456243515014648, 10.673375129699707, 10.153965950012207]

Epoch 16 Summary | LR: 0.001000 | Time: 30.46
Train Loss: 0.0232 | Train Acc: 99.84%
Val Loss: 0.2293 | Val Acc: 94.97%
--------------------------------------------------
No improvement for 1 epoch(s)
  Selected Arms: [0]
  Arm Rewards: [92.94697570800781, -0.7654455900192261, 0.10934937000274658]
  Arm Counts: [15.0, 3.0, 2.0]
  Value of t: 18
  UCB Scores: [10.494555473327637, 8.073652267456055, 10.255331039428711]

Epoch 17 Summary | LR: 0.001000 | Time: 30.43
Train Loss: 0.0413 | Train Acc: 99.60%
Val Loss: 0.3293 | Val Acc: 93.06%
--------------------------------------------------
No improvement for 2 epoch(s)
  Selected Arms: [2]
  Arm Rewards: [92.07218170166016, -0.7654455900192261, 0.10934937000274658]
  Arm Counts: [15.0, 3.0, 3.0]
  Value of t: 19
  UCB Scores: [9.897575378417969, 8.151190757751465, 10.350295066833496]

Epoch 18 Summary | LR: 0.001000 | Time: 30.48
Train Loss: 0.1342 | Train Acc: 97.88%
Val Loss: 0.3644 | Val Acc: 92.18%
--------------------------------------------------
No improvement for 3 epoch(s)
  Selected Arms: [0]
  Arm Rewards: [92.07218170166016, -0.7654455900192261, -0.10934937000274658]
  Arm Counts: [16.0, 3.0, 3.0]
  Value of t: 20
  UCB Scores: [9.93017864227295, 8.224095344543457, 8.442793846130371]

Epoch 19 Summary | LR: 0.001000 | Time: 30.47
Train Loss: 0.0951 | Train Acc: 98.65%
Val Loss: 0.3377 | Val Acc: 91.96%
--------------------------------------------------
No improvement for 4 epoch(s)
  Selected Arms: [0]
  Arm Rewards: [94.14981842041016, -0.7654455900192261, -0.10934937000274658]
  Arm Counts: [17.0, 3.0, 3.0]
  Value of t: 21
  UCB Scores: [9.585762023925781, 8.292864799499512, 8.511564254760742]

Epoch 20 Summary | LR: 0.001000 | Time: 30.41
Train Loss: 0.0716 | Train Acc: 98.84%
Val Loss: 0.2861 | Val Acc: 94.04%
--------------------------------------------------
No improvement for 5 epoch(s)
  Selected Arms: [0]
  Arm Rewards: [92.40023040771484, -0.7654455900192261, -0.10934937000274658]
  Arm Counts: [18.0, 3.0, 3.0]
  Value of t: 22
  UCB Scores: [9.053522109985352, 8.357924461364746, 8.57662296295166]

Epoch 21 Summary | LR: 0.001000 | Time: 30.47
Train Loss: 0.0335 | Train Acc: 99.64%
Val Loss: 0.3587 | Val Acc: 92.29%
--------------------------------------------------
No improvement for 6 epoch(s)
  Selected Arms: [0]
  Arm Rewards: [93.2750244140625, -0.7654455900192261, -0.10934937000274658]
  Arm Counts: [19.0, 3.0, 3.0]
  Value of t: 23
  UCB Scores: [8.723411560058594, 8.419634819030762, 8.638333320617676]

Epoch 22 Summary | LR: 0.001000 | Time: 30.50
Train Loss: 0.0615 | Train Acc: 99.03%
Val Loss: 0.2839 | Val Acc: 93.17%
--------------------------------------------------
No improvement for 7 epoch(s)
Early stopping triggered after 22 epochs.
Total training time far: 668.28 seconds
Average time per epoch: 30.38 seconds

Creating ViT model for 102 classes...
Total parameters: 149,656,524
Trainable parameters: 2,757,324 (1.84%)
Frozen parameters: 146,899,200 (98.16%)
Starting second training: 
Calculating initial validation accuracy...
Initial Val Acc: 0.22%
  Selected Arms: []
  Arm Rewards: [0.0, 0.0, 0.0]
  Arm Counts: [1.0, 1.0, 1.0]
  Value of t: 1

Epoch 1 Summary | LR: 0.000100 | Time: 30.28
Train Loss: 4.7255 | Train Acc: 0.59%
Val Loss: 4.7394 | Val Acc: 0.22%
--------------------------------------------------
  Selected Arms: []
  Arm Rewards: [0.0, 0.0, 0.0]
  Arm Counts: [1.0, 1.0, 1.0]
  Value of t: 1

Epoch 2 Summary | LR: 0.000200 | Time: 30.31
Train Loss: 3.7380 | Train Acc: 22.45%
Val Loss: 3.1370 | Val Acc: 34.17%
--------------------------------------------------
  Selected Arms: []
  Arm Rewards: [0.0, 0.0, 0.0]
  Arm Counts: [1.0, 1.0, 1.0]
  Value of t: 1

Epoch 3 Summary | LR: 0.000300 | Time: 30.32
Train Loss: 2.0930 | Train Acc: 62.37%
Val Loss: 1.4822 | Val Acc: 77.58%
--------------------------------------------------
  Selected Arms: []
  Arm Rewards: [0.0, 0.0, 0.0]
  Arm Counts: [1.0, 1.0, 1.0]
  Value of t: 1

Epoch 4 Summary | LR: 0.000400 | Time: 30.26
Train Loss: 0.9766 | Train Acc: 86.92%
Val Loss: 0.7699 | Val Acc: 89.56%
--------------------------------------------------
  Selected Arms: []
  Arm Rewards: [0.0, 0.0, 0.0]
  Arm Counts: [1.0, 1.0, 1.0]
  Value of t: 1

Epoch 5 Summary | LR: 0.000500 | Time: 30.40
Train Loss: 0.4777 | Train Acc: 94.79%
Val Loss: 0.4898 | Val Acc: 93.33%
--------------------------------------------------
  Selected Arms: []
  Arm Rewards: [0.0, 0.0, 0.0]
  Arm Counts: [1.0, 1.0, 1.0]
  Value of t: 1

Epoch 6 Summary | LR: 0.000600 | Time: 30.30
Train Loss: 0.2418 | Train Acc: 97.85%
Val Loss: 0.3515 | Val Acc: 95.02%
--------------------------------------------------
  Selected Arms: []
  Arm Rewards: [0.0, 0.0, 0.0]
  Arm Counts: [1.0, 1.0, 1.0]
  Value of t: 1

Epoch 7 Summary | LR: 0.000700 | Time: 30.36
Train Loss: 0.1520 | Train Acc: 98.71%
Val Loss: 0.3099 | Val Acc: 94.53%
--------------------------------------------------
  Selected Arms: []
  Arm Rewards: [0.0, 0.0, 0.0]
  Arm Counts: [1.0, 1.0, 1.0]
  Value of t: 1

Epoch 8 Summary | LR: 0.000800 | Time: 30.36
Train Loss: 0.0878 | Train Acc: 99.32%
Val Loss: 0.2676 | Val Acc: 94.92%
--------------------------------------------------
  Selected Arms: []
  Arm Rewards: [0.0, 0.0, 0.0]
  Arm Counts: [1.0, 1.0, 1.0]
  Value of t: 1

Epoch 9 Summary | LR: 0.000900 | Time: 30.34
Train Loss: 0.0802 | Train Acc: 99.38%
Val Loss: 0.3614 | Val Acc: 93.77%
--------------------------------------------------
No improvement for 1 epoch(s)
  Selected Arms: []
  Arm Rewards: [0.0, 0.0, 0.0]
  Arm Counts: [1.0, 1.0, 1.0]
  Value of t: 1

Epoch 10 Summary | LR: 0.001000 | Time: 30.31
Train Loss: 0.0811 | Train Acc: 99.30%
Val Loss: 0.2660 | Val Acc: 94.64%
--------------------------------------------------
  Selected Arms: []
  Arm Rewards: [0.0, 0.0, 0.0]
  Arm Counts: [1.0, 1.0, 1.0]
  Value of t: 1

Epoch 11 Summary | LR: 0.001000 | Time: 30.53
Train Loss: 0.0823 | Train Acc: 99.22%
Val Loss: 0.3159 | Val Acc: 93.44%
--------------------------------------------------
No improvement for 1 epoch(s)
  Selected Arms: []
  Arm Rewards: [0.0, 0.0, 0.0]
  Arm Counts: [1.0, 1.0, 1.0]
  Value of t: 1

Epoch 12 Summary | LR: 0.001000 | Time: 30.60
Train Loss: 0.0692 | Train Acc: 99.45%
Val Loss: 0.2512 | Val Acc: 95.02%
--------------------------------------------------
  Selected Arms: []
  Arm Rewards: [0.0, 0.0, 0.0]
  Arm Counts: [1.0, 1.0, 1.0]
  Value of t: 1

Epoch 13 Summary | LR: 0.001000 | Time: 30.48
Train Loss: 0.0446 | Train Acc: 99.62%
Val Loss: 0.2247 | Val Acc: 95.02%
--------------------------------------------------
  Selected Arms: []
  Arm Rewards: [0.0, 0.0, 0.0]
  Arm Counts: [1.0, 1.0, 1.0]
  Value of t: 1

Epoch 14 Summary | LR: 0.001000 | Time: 30.53
Train Loss: 0.0227 | Train Acc: 99.89%
Val Loss: 0.1882 | Val Acc: 95.57%
--------------------------------------------------
  Selected Arms: []
  Arm Rewards: [0.0, 0.0, 0.0]
  Arm Counts: [1.0, 1.0, 1.0]
  Value of t: 1

Epoch 15 Summary | LR: 0.001000 | Time: 30.56
Train Loss: 0.0158 | Train Acc: 99.92%
Val Loss: 0.1831 | Val Acc: 95.57%
--------------------------------------------------
  Selected Arms: []
  Arm Rewards: [0.0, 0.0, 0.0]
  Arm Counts: [1.0, 1.0, 1.0]
  Value of t: 1

Epoch 16 Summary | LR: 0.001000 | Time: 30.47
Train Loss: 0.0133 | Train Acc: 99.93%
Val Loss: 0.1802 | Val Acc: 95.57%
--------------------------------------------------
  Selected Arms: []
  Arm Rewards: [0.0, 0.0, 0.0]
  Arm Counts: [1.0, 1.0, 1.0]
  Value of t: 1

Epoch 17 Summary | LR: 0.001000 | Time: 30.53
Train Loss: 0.0110 | Train Acc: 99.93%
Val Loss: 0.1755 | Val Acc: 95.52%
--------------------------------------------------
  Selected Arms: []
  Arm Rewards: [0.0, 0.0, 0.0]
  Arm Counts: [1.0, 1.0, 1.0]
  Value of t: 1

Epoch 18 Summary | LR: 0.001000 | Time: 30.58
Train Loss: 0.0094 | Train Acc: 99.95%
Val Loss: 0.1805 | Val Acc: 95.52%
--------------------------------------------------
No improvement for 1 epoch(s)
  Selected Arms: []
  Arm Rewards: [0.0, 0.0, 0.0]
  Arm Counts: [1.0, 1.0, 1.0]
  Value of t: 1

Epoch 19 Summary | LR: 0.001000 | Time: 30.50
Train Loss: 0.0101 | Train Acc: 99.93%
Val Loss: 0.1756 | Val Acc: 95.57%
--------------------------------------------------
No improvement for 2 epoch(s)
  Selected Arms: []
  Arm Rewards: [0.0, 0.0, 0.0]
  Arm Counts: [1.0, 1.0, 1.0]
  Value of t: 1

Epoch 20 Summary | LR: 0.001000 | Time: 30.48
Train Loss: 0.0082 | Train Acc: 99.96%
Val Loss: 0.1760 | Val Acc: 95.63%
--------------------------------------------------
No improvement for 3 epoch(s)
  Selected Arms: []
  Arm Rewards: [0.0, 0.0, 0.0]
  Arm Counts: [1.0, 1.0, 1.0]
  Value of t: 1

Epoch 21 Summary | LR: 0.001000 | Time: 30.57
Train Loss: 0.0080 | Train Acc: 99.92%
Val Loss: 0.1814 | Val Acc: 95.90%
--------------------------------------------------
No improvement for 4 epoch(s)
  Selected Arms: []
  Arm Rewards: [0.0, 0.0, 0.0]
  Arm Counts: [1.0, 1.0, 1.0]
  Value of t: 1

Epoch 22 Summary | LR: 0.001000 | Time: 30.56
Train Loss: 0.0068 | Train Acc: 99.97%
Val Loss: 0.1790 | Val Acc: 95.74%
--------------------------------------------------
No improvement for 5 epoch(s)
  Selected Arms: []
  Arm Rewards: [0.0, 0.0, 0.0]
  Arm Counts: [1.0, 1.0, 1.0]
  Value of t: 1

Epoch 23 Summary | LR: 0.001000 | Time: 30.50
Train Loss: 0.0070 | Train Acc: 99.96%
Val Loss: 0.1847 | Val Acc: 96.01%
--------------------------------------------------
No improvement for 6 epoch(s)
  Selected Arms: []
  Arm Rewards: [0.0, 0.0, 0.0]
  Arm Counts: [1.0, 1.0, 1.0]
  Value of t: 1

Epoch 24 Summary | LR: 0.001000 | Time: 45.56
Train Loss: 0.0077 | Train Acc: 99.93%
Val Loss: 0.1874 | Val Acc: 95.24%
--------------------------------------------------
No improvement for 7 epoch(s)
Early stopping triggered after 24 epochs.
Total training time far: 745.69 seconds
Average time per epoch: 31.07 seconds
Processing /export/home/achyut/sam/paca_rl/paca_random/peft
  Installing build dependencies: started
  Installing build dependencies: finished with status 'done'
  Getting requirements to build wheel: started
  Getting requirements to build wheel: finished with status 'done'
  Preparing metadata (pyproject.toml): started
  Preparing metadata (pyproject.toml): finished with status 'done'
Requirement already satisfied: numpy>=1.17 in /export/home/achyut/.local/lib/python3.10/site-packages (from peft==0.11.2.dev0) (1.26.4)
Requirement already satisfied: packaging>=20.0 in /export/home/achyut/.local/lib/python3.10/site-packages (from peft==0.11.2.dev0) (23.2)
Requirement already satisfied: psutil in /export/home/achyut/.local/lib/python3.10/site-packages (from peft==0.11.2.dev0) (5.9.8)
Requirement already satisfied: pyyaml in /export/home/achyut/.local/lib/python3.10/site-packages (from peft==0.11.2.dev0) (6.0.2)
Requirement already satisfied: torch>=1.13.0 in /export/home/achyut/.local/lib/python3.10/site-packages (from peft==0.11.2.dev0) (2.7.1)
Requirement already satisfied: transformers in /export/home/achyut/.local/lib/python3.10/site-packages (from peft==0.11.2.dev0) (4.52.4)
Requirement already satisfied: tqdm in /export/home/achyut/.local/lib/python3.10/site-packages (from peft==0.11.2.dev0) (4.64.1)
Requirement already satisfied: accelerate>=0.21.0 in /export/home/achyut/.local/lib/python3.10/site-packages (from peft==0.11.2.dev0) (1.8.1)
Requirement already satisfied: safetensors in /export/home/achyut/.local/lib/python3.10/site-packages (from peft==0.11.2.dev0) (0.5.3)
Requirement already satisfied: huggingface_hub>=0.17.0 in /export/home/achyut/.local/lib/python3.10/site-packages (from peft==0.11.2.dev0) (0.32.4)
Requirement already satisfied: filelock in /export/home/achyut/.local/lib/python3.10/site-packages (from huggingface_hub>=0.17.0->peft==0.11.2.dev0) (3.18.0)
Requirement already satisfied: fsspec>=2023.5.0 in /export/home/achyut/.local/lib/python3.10/site-packages (from huggingface_hub>=0.17.0->peft==0.11.2.dev0) (2024.2.0)
Requirement already satisfied: requests in /export/home/achyut/.local/lib/python3.10/site-packages (from huggingface_hub>=0.17.0->peft==0.11.2.dev0) (2.32.4)
Requirement already satisfied: typing-extensions>=3.7.4.3 in /export/home/achyut/.local/lib/python3.10/site-packages (from huggingface_hub>=0.17.0->peft==0.11.2.dev0) (4.13.2)
Requirement already satisfied: hf-xet<2.0.0,>=1.1.2 in /export/home/achyut/.local/lib/python3.10/site-packages (from huggingface_hub>=0.17.0->peft==0.11.2.dev0) (1.1.3)
Requirement already satisfied: sympy>=1.13.3 in /export/home/achyut/.local/lib/python3.10/site-packages (from torch>=1.13.0->peft==0.11.2.dev0) (1.14.0)
Requirement already satisfied: networkx in /export/home/achyut/.local/lib/python3.10/site-packages (from torch>=1.13.0->peft==0.11.2.dev0) (3.4.2)
Requirement already satisfied: jinja2 in /export/home/achyut/miniconda3/envs/mamba_paca/lib/python3.10/site-packages (from torch>=1.13.0->peft==0.11.2.dev0) (3.1.6)
Requirement already satisfied: nvidia-cuda-nvrtc-cu12==12.6.77 in /export/home/achyut/.local/lib/python3.10/site-packages (from torch>=1.13.0->peft==0.11.2.dev0) (12.6.77)
Requirement already satisfied: nvidia-cuda-runtime-cu12==12.6.77 in /export/home/achyut/.local/lib/python3.10/site-packages (from torch>=1.13.0->peft==0.11.2.dev0) (12.6.77)
Requirement already satisfied: nvidia-cuda-cupti-cu12==12.6.80 in /export/home/achyut/.local/lib/python3.10/site-packages (from torch>=1.13.0->peft==0.11.2.dev0) (12.6.80)
Requirement already satisfied: nvidia-cudnn-cu12==9.5.1.17 in /export/home/achyut/.local/lib/python3.10/site-packages (from torch>=1.13.0->peft==0.11.2.dev0) (9.5.1.17)
Requirement already satisfied: nvidia-cublas-cu12==12.6.4.1 in /export/home/achyut/.local/lib/python3.10/site-packages (from torch>=1.13.0->peft==0.11.2.dev0) (12.6.4.1)
Requirement already satisfied: nvidia-cufft-cu12==11.3.0.4 in /export/home/achyut/.local/lib/python3.10/site-packages (from torch>=1.13.0->peft==0.11.2.dev0) (11.3.0.4)
Requirement already satisfied: nvidia-curand-cu12==10.3.7.77 in /export/home/achyut/.local/lib/python3.10/site-packages (from torch>=1.13.0->peft==0.11.2.dev0) (10.3.7.77)
Requirement already satisfied: nvidia-cusolver-cu12==11.7.1.2 in /export/home/achyut/.local/lib/python3.10/site-packages (from torch>=1.13.0->peft==0.11.2.dev0) (11.7.1.2)
Requirement already satisfied: nvidia-cusparse-cu12==12.5.4.2 in /export/home/achyut/.local/lib/python3.10/site-packages (from torch>=1.13.0->peft==0.11.2.dev0) (12.5.4.2)
Requirement already satisfied: nvidia-cusparselt-cu12==0.6.3 in /export/home/achyut/.local/lib/python3.10/site-packages (from torch>=1.13.0->peft==0.11.2.dev0) (0.6.3)
Requirement already satisfied: nvidia-nccl-cu12==2.26.2 in /export/home/achyut/.local/lib/python3.10/site-packages (from torch>=1.13.0->peft==0.11.2.dev0) (2.26.2)
Requirement already satisfied: nvidia-nvtx-cu12==12.6.77 in /export/home/achyut/.local/lib/python3.10/site-packages (from torch>=1.13.0->peft==0.11.2.dev0) (12.6.77)
Requirement already satisfied: nvidia-nvjitlink-cu12==12.6.85 in /export/home/achyut/.local/lib/python3.10/site-packages (from torch>=1.13.0->peft==0.11.2.dev0) (12.6.85)
Requirement already satisfied: nvidia-cufile-cu12==1.11.1.6 in /export/home/achyut/.local/lib/python3.10/site-packages (from torch>=1.13.0->peft==0.11.2.dev0) (1.11.1.6)
Requirement already satisfied: triton==3.3.1 in /export/home/achyut/.local/lib/python3.10/site-packages (from torch>=1.13.0->peft==0.11.2.dev0) (3.3.1)
Requirement already satisfied: setuptools>=40.8.0 in /export/home/achyut/miniconda3/envs/mamba_paca/lib/python3.10/site-packages (from triton==3.3.1->torch>=1.13.0->peft==0.11.2.dev0) (78.1.1)
Requirement already satisfied: mpmath<1.4,>=1.1.0 in /export/home/achyut/.local/lib/python3.10/site-packages (from sympy>=1.13.3->torch>=1.13.0->peft==0.11.2.dev0) (1.3.0)
Requirement already satisfied: MarkupSafe>=2.0 in /export/home/achyut/.local/lib/python3.10/site-packages (from jinja2->torch>=1.13.0->peft==0.11.2.dev0) (3.0.2)
Requirement already satisfied: charset_normalizer<4,>=2 in /export/home/achyut/.local/lib/python3.10/site-packages (from requests->huggingface_hub>=0.17.0->peft==0.11.2.dev0) (3.4.2)
Requirement already satisfied: idna<4,>=2.5 in /export/home/achyut/miniconda3/envs/mamba_paca/lib/python3.10/site-packages (from requests->huggingface_hub>=0.17.0->peft==0.11.2.dev0) (3.10)
Requirement already satisfied: urllib3<3,>=1.21.1 in /export/home/achyut/miniconda3/envs/mamba_paca/lib/python3.10/site-packages (from requests->huggingface_hub>=0.17.0->peft==0.11.2.dev0) (2.4.0)
Requirement already satisfied: certifi>=2017.4.17 in /export/home/achyut/miniconda3/envs/mamba_paca/lib/python3.10/site-packages (from requests->huggingface_hub>=0.17.0->peft==0.11.2.dev0) (2025.4.26)
Requirement already satisfied: regex!=2019.12.17 in /export/home/achyut/.local/lib/python3.10/site-packages (from transformers->peft==0.11.2.dev0) (2024.11.6)
Requirement already satisfied: tokenizers<0.22,>=0.21 in /export/home/achyut/.local/lib/python3.10/site-packages (from transformers->peft==0.11.2.dev0) (0.21.2)
Building wheels for collected packages: peft
  Building wheel for peft (pyproject.toml): started
  Building wheel for peft (pyproject.toml): finished with status 'done'
  Created wheel for peft: filename=peft-0.11.2.dev0-py3-none-any.whl size=275477 sha256=62e5dffe4f0f3bb0444aea38a05e3252e81b699a869815e966f9ed38b2a831d7
  Stored in directory: /tmp/pip-ephem-wheel-cache-ql49a6i1/wheels/8f/82/6e/e100130714aaa551973aed59921caf6142d3c70339f71d554a
Successfully built peft
Installing collected packages: peft
  Attempting uninstall: peft
    Found existing installation: peft 0.11.2.dev0
    Uninstalling peft-0.11.2.dev0:
      Successfully uninstalled peft-0.11.2.dev0
Successfully installed peft-0.11.2.dev0
Using device: cuda
============================================================
Vision Transformer Fine-tuning on caltech102
============================================================
Loading dataset...
Dataset loaded: 9144 samples across 102 classes
Classes: ['BACKGROUND_Google', 'Faces', 'Faces_easy', 'Leopards', 'Motorbikes', 'accordion', 'airplanes', 'anchor', 'ant', 'barrel']...

Creating ViT model for 102 classes...
PEFT config: PacaConfig(peft_type=<PeftType.PACA: 'PACA'>, auto_mapping=None, base_model_name_or_path=None, revision=None, task_type=<TaskType.FEATURE_EXTRACTION: 'FEATURE_EXTRACTION'>, inference_mode=False, r=16, target_modules={'out_proj', 'mlp.0', 'mlp.3'}, paca_alpha=32, fan_in_fan_out=False, bias='all', modules_to_save=['head'], layers_to_transform=None, layers_pattern=None, rank_pattern={}, alpha_pattern={}, megatron_config=None, megatron_core='megatron.core', layer_replication=None, gradient_accumulation_steps=1, steps_per_epoch=115)
Fine tuning vit using Random PaCA:
Calculating initial validation accuracy...
Initial Val Acc: 1.04%

Epoch 1 Summary | LR: 0.000100 | Time: 29.27
Train Loss: 4.6603 | Train Acc: 1.03%
Val Loss: 4.6630 | Val Acc: 1.04%
--------------------------------------------------

Epoch 2 Summary | LR: 0.000200 | Time: 29.94
Train Loss: 4.0814 | Train Acc: 14.82%
Val Loss: 3.7152 | Val Acc: 24.49%
--------------------------------------------------

Epoch 3 Summary | LR: 0.000300 | Time: 30.20
Train Loss: 3.1870 | Train Acc: 32.85%
Val Loss: 2.7537 | Val Acc: 39.97%
--------------------------------------------------

Epoch 4 Summary | LR: 0.000400 | Time: 30.22
Train Loss: 2.1653 | Train Acc: 61.38%
Val Loss: 1.7982 | Val Acc: 71.84%
--------------------------------------------------

Epoch 5 Summary | LR: 0.000500 | Time: 30.35
Train Loss: 1.4394 | Train Acc: 81.46%
Val Loss: 1.3637 | Val Acc: 81.19%
--------------------------------------------------

Epoch 6 Summary | LR: 0.000600 | Time: 30.31
Train Loss: 1.0450 | Train Acc: 88.01%
Val Loss: 0.9982 | Val Acc: 85.68%
--------------------------------------------------

Epoch 7 Summary | LR: 0.000700 | Time: 30.35
Train Loss: 0.7228 | Train Acc: 92.92%
Val Loss: 0.7780 | Val Acc: 89.07%
--------------------------------------------------

Epoch 8 Summary | LR: 0.000800 | Time: 30.39
Train Loss: 0.5002 | Train Acc: 96.30%
Val Loss: 0.6360 | Val Acc: 91.03%
--------------------------------------------------

Epoch 9 Summary | LR: 0.000900 | Time: 30.31
Train Loss: 0.3616 | Train Acc: 97.62%
Val Loss: 0.5268 | Val Acc: 91.96%
--------------------------------------------------

Epoch 10 Summary | LR: 0.001000 | Time: 30.32
Train Loss: 0.2525 | Train Acc: 98.78%
Val Loss: 0.4546 | Val Acc: 93.44%
--------------------------------------------------

Epoch 11 Summary | LR: 0.001000 | Time: 30.69
Train Loss: 0.1819 | Train Acc: 98.91%
Val Loss: 0.4079 | Val Acc: 93.60%
--------------------------------------------------

Epoch 12 Summary | LR: 0.001000 | Time: 30.58
Train Loss: 0.1149 | Train Acc: 99.41%
Val Loss: 0.3479 | Val Acc: 93.71%
--------------------------------------------------

Epoch 13 Summary | LR: 0.001000 | Time: 30.51
Train Loss: 0.0876 | Train Acc: 99.74%
Val Loss: 0.3189 | Val Acc: 93.77%
--------------------------------------------------

Epoch 14 Summary | LR: 0.001000 | Time: 30.47
Train Loss: 0.0691 | Train Acc: 99.73%
Val Loss: 0.3109 | Val Acc: 94.10%
--------------------------------------------------

Epoch 15 Summary | LR: 0.001000 | Time: 30.60
Train Loss: 0.0613 | Train Acc: 99.82%
Val Loss: 0.3061 | Val Acc: 93.71%
--------------------------------------------------

Epoch 16 Summary | LR: 0.001000 | Time: 30.55
Train Loss: 0.0465 | Train Acc: 99.89%
Val Loss: 0.2853 | Val Acc: 93.99%
--------------------------------------------------

Epoch 17 Summary | LR: 0.001000 | Time: 30.60
Train Loss: 0.0430 | Train Acc: 99.86%
Val Loss: 0.2785 | Val Acc: 94.42%
--------------------------------------------------

Epoch 18 Summary | LR: 0.001000 | Time: 30.60
Train Loss: 0.0331 | Train Acc: 99.95%
Val Loss: 0.2810 | Val Acc: 93.99%
--------------------------------------------------
No improvement for 1 epoch(s)

Epoch 19 Summary | LR: 0.001000 | Time: 30.58
Train Loss: 0.0628 | Train Acc: 99.62%
Val Loss: 0.3390 | Val Acc: 93.93%
--------------------------------------------------
No improvement for 2 epoch(s)

Epoch 20 Summary | LR: 0.001000 | Time: 30.52
Train Loss: 0.0549 | Train Acc: 99.70%
Val Loss: 0.2747 | Val Acc: 94.04%
--------------------------------------------------

Epoch 21 Summary | LR: 0.001000 | Time: 30.56
Train Loss: 0.0485 | Train Acc: 99.73%
Val Loss: 0.2726 | Val Acc: 94.53%
--------------------------------------------------

Epoch 22 Summary | LR: 0.001000 | Time: 30.67
Train Loss: 0.0369 | Train Acc: 99.84%
Val Loss: 0.3018 | Val Acc: 93.28%
--------------------------------------------------
No improvement for 1 epoch(s)

Epoch 23 Summary | LR: 0.001000 | Time: 30.64
Train Loss: 0.0341 | Train Acc: 99.95%
Val Loss: 0.2730 | Val Acc: 93.82%
--------------------------------------------------
No improvement for 2 epoch(s)

Epoch 24 Summary | LR: 0.001000 | Time: 30.54
Train Loss: 0.0239 | Train Acc: 99.95%
Val Loss: 0.2661 | Val Acc: 94.31%
--------------------------------------------------

Epoch 25 Summary | LR: 0.000999 | Time: 30.53
Train Loss: 0.0442 | Train Acc: 99.73%
Val Loss: 0.2892 | Val Acc: 93.66%
--------------------------------------------------
No improvement for 1 epoch(s)

Epoch 26 Summary | LR: 0.000999 | Time: 30.56
Train Loss: 0.0617 | Train Acc: 99.49%
Val Loss: 0.3138 | Val Acc: 93.77%
--------------------------------------------------
No improvement for 2 epoch(s)

Epoch 27 Summary | LR: 0.000999 | Time: 30.54
Train Loss: 0.0452 | Train Acc: 99.73%
Val Loss: 0.3082 | Val Acc: 93.77%
--------------------------------------------------
No improvement for 3 epoch(s)

Epoch 28 Summary | LR: 0.000999 | Time: 30.60
Train Loss: 0.0273 | Train Acc: 99.89%
Val Loss: 0.2545 | Val Acc: 94.48%
--------------------------------------------------

Epoch 29 Summary | LR: 0.000999 | Time: 30.56
Train Loss: 0.0207 | Train Acc: 99.93%
Val Loss: 0.2435 | Val Acc: 94.26%
--------------------------------------------------

Epoch 30 Summary | LR: 0.000999 | Time: 30.53
Train Loss: 0.0217 | Train Acc: 99.92%
Val Loss: 0.2908 | Val Acc: 94.26%
--------------------------------------------------
No improvement for 1 epoch(s)

Epoch 31 Summary | LR: 0.000999 | Time: 30.57
Train Loss: 0.0772 | Train Acc: 99.17%
Val Loss: 0.2648 | Val Acc: 94.31%
--------------------------------------------------
No improvement for 2 epoch(s)

Epoch 32 Summary | LR: 0.000999 | Time: 30.63
Train Loss: 0.0305 | Train Acc: 99.82%
Val Loss: 0.2621 | Val Acc: 94.37%
--------------------------------------------------
No improvement for 3 epoch(s)

Epoch 33 Summary | LR: 0.000999 | Time: 30.64
Train Loss: 0.0458 | Train Acc: 99.59%
Val Loss: 0.2767 | Val Acc: 93.93%
--------------------------------------------------
No improvement for 4 epoch(s)

Epoch 34 Summary | LR: 0.000999 | Time: 30.63
Train Loss: 0.0365 | Train Acc: 99.64%
Val Loss: 0.2959 | Val Acc: 94.10%
--------------------------------------------------
No improvement for 5 epoch(s)

Epoch 35 Summary | LR: 0.000998 | Time: 30.61
Train Loss: 0.0394 | Train Acc: 99.70%
Val Loss: 0.2464 | Val Acc: 94.48%
--------------------------------------------------
No improvement for 6 epoch(s)

Epoch 36 Summary | LR: 0.000998 | Time: 30.58
Train Loss: 0.0182 | Train Acc: 99.95%
Val Loss: 0.2415 | Val Acc: 94.26%
--------------------------------------------------

Epoch 37 Summary | LR: 0.000998 | Time: 30.65
Train Loss: 0.0158 | Train Acc: 99.86%
Val Loss: 0.3190 | Val Acc: 93.11%
--------------------------------------------------
No improvement for 1 epoch(s)

Epoch 38 Summary | LR: 0.000998 | Time: 30.59
Train Loss: 0.0172 | Train Acc: 99.88%
Val Loss: 0.2556 | Val Acc: 94.48%
--------------------------------------------------
No improvement for 2 epoch(s)

Epoch 39 Summary | LR: 0.000998 | Time: 30.60
Train Loss: 0.0120 | Train Acc: 99.95%
Val Loss: 0.2614 | Val Acc: 94.26%
--------------------------------------------------
No improvement for 3 epoch(s)

Epoch 40 Summary | LR: 0.000998 | Time: 30.48
Train Loss: 0.0223 | Train Acc: 99.85%
Val Loss: 0.2735 | Val Acc: 94.10%
--------------------------------------------------
No improvement for 4 epoch(s)

Epoch 41 Summary | LR: 0.000998 | Time: 30.52
Train Loss: 0.0679 | Train Acc: 99.18%
Val Loss: 0.2889 | Val Acc: 93.44%
--------------------------------------------------
No improvement for 5 epoch(s)

Epoch 42 Summary | LR: 0.000997 | Time: 30.51
Train Loss: 0.0467 | Train Acc: 99.48%
Val Loss: 0.3572 | Val Acc: 91.96%
--------------------------------------------------
No improvement for 6 epoch(s)

Epoch 43 Summary | LR: 0.000997 | Time: 30.61
Train Loss: 0.0561 | Train Acc: 99.26%
Val Loss: 0.3224 | Val Acc: 93.17%
--------------------------------------------------
No improvement for 7 epoch(s)
Early stopping triggered after 43 epochs.
Total training time far: 1310.69 seconds
Average time per epoch: 30.48 seconds
Processing /export/home/achyut/sam/paca_rl/paca/peft
  Installing build dependencies: started
  Installing build dependencies: finished with status 'done'
  Getting requirements to build wheel: started
  Getting requirements to build wheel: finished with status 'done'
  Preparing metadata (pyproject.toml): started
  Preparing metadata (pyproject.toml): finished with status 'done'
Requirement already satisfied: numpy>=1.17 in /export/home/achyut/.local/lib/python3.10/site-packages (from peft==0.11.2.dev0) (1.26.4)
Requirement already satisfied: packaging>=20.0 in /export/home/achyut/.local/lib/python3.10/site-packages (from peft==0.11.2.dev0) (23.2)
Requirement already satisfied: psutil in /export/home/achyut/.local/lib/python3.10/site-packages (from peft==0.11.2.dev0) (5.9.8)
Requirement already satisfied: pyyaml in /export/home/achyut/.local/lib/python3.10/site-packages (from peft==0.11.2.dev0) (6.0.2)
Requirement already satisfied: torch>=1.13.0 in /export/home/achyut/.local/lib/python3.10/site-packages (from peft==0.11.2.dev0) (2.7.1)
Requirement already satisfied: transformers in /export/home/achyut/.local/lib/python3.10/site-packages (from peft==0.11.2.dev0) (4.52.4)
Requirement already satisfied: tqdm in /export/home/achyut/.local/lib/python3.10/site-packages (from peft==0.11.2.dev0) (4.64.1)
Requirement already satisfied: accelerate>=0.21.0 in /export/home/achyut/.local/lib/python3.10/site-packages (from peft==0.11.2.dev0) (1.8.1)
Requirement already satisfied: safetensors in /export/home/achyut/.local/lib/python3.10/site-packages (from peft==0.11.2.dev0) (0.5.3)
Requirement already satisfied: huggingface_hub>=0.17.0 in /export/home/achyut/.local/lib/python3.10/site-packages (from peft==0.11.2.dev0) (0.32.4)
Requirement already satisfied: filelock in /export/home/achyut/.local/lib/python3.10/site-packages (from huggingface_hub>=0.17.0->peft==0.11.2.dev0) (3.18.0)
Requirement already satisfied: fsspec>=2023.5.0 in /export/home/achyut/.local/lib/python3.10/site-packages (from huggingface_hub>=0.17.0->peft==0.11.2.dev0) (2024.2.0)
Requirement already satisfied: requests in /export/home/achyut/.local/lib/python3.10/site-packages (from huggingface_hub>=0.17.0->peft==0.11.2.dev0) (2.32.4)
Requirement already satisfied: typing-extensions>=3.7.4.3 in /export/home/achyut/.local/lib/python3.10/site-packages (from huggingface_hub>=0.17.0->peft==0.11.2.dev0) (4.13.2)
Requirement already satisfied: hf-xet<2.0.0,>=1.1.2 in /export/home/achyut/.local/lib/python3.10/site-packages (from huggingface_hub>=0.17.0->peft==0.11.2.dev0) (1.1.3)
Requirement already satisfied: sympy>=1.13.3 in /export/home/achyut/.local/lib/python3.10/site-packages (from torch>=1.13.0->peft==0.11.2.dev0) (1.14.0)
Requirement already satisfied: networkx in /export/home/achyut/.local/lib/python3.10/site-packages (from torch>=1.13.0->peft==0.11.2.dev0) (3.4.2)
Requirement already satisfied: jinja2 in /export/home/achyut/miniconda3/envs/mamba_paca/lib/python3.10/site-packages (from torch>=1.13.0->peft==0.11.2.dev0) (3.1.6)
Requirement already satisfied: nvidia-cuda-nvrtc-cu12==12.6.77 in /export/home/achyut/.local/lib/python3.10/site-packages (from torch>=1.13.0->peft==0.11.2.dev0) (12.6.77)
Requirement already satisfied: nvidia-cuda-runtime-cu12==12.6.77 in /export/home/achyut/.local/lib/python3.10/site-packages (from torch>=1.13.0->peft==0.11.2.dev0) (12.6.77)
Requirement already satisfied: nvidia-cuda-cupti-cu12==12.6.80 in /export/home/achyut/.local/lib/python3.10/site-packages (from torch>=1.13.0->peft==0.11.2.dev0) (12.6.80)
Requirement already satisfied: nvidia-cudnn-cu12==9.5.1.17 in /export/home/achyut/.local/lib/python3.10/site-packages (from torch>=1.13.0->peft==0.11.2.dev0) (9.5.1.17)
Requirement already satisfied: nvidia-cublas-cu12==12.6.4.1 in /export/home/achyut/.local/lib/python3.10/site-packages (from torch>=1.13.0->peft==0.11.2.dev0) (12.6.4.1)
Requirement already satisfied: nvidia-cufft-cu12==11.3.0.4 in /export/home/achyut/.local/lib/python3.10/site-packages (from torch>=1.13.0->peft==0.11.2.dev0) (11.3.0.4)
Requirement already satisfied: nvidia-curand-cu12==10.3.7.77 in /export/home/achyut/.local/lib/python3.10/site-packages (from torch>=1.13.0->peft==0.11.2.dev0) (10.3.7.77)
Requirement already satisfied: nvidia-cusolver-cu12==11.7.1.2 in /export/home/achyut/.local/lib/python3.10/site-packages (from torch>=1.13.0->peft==0.11.2.dev0) (11.7.1.2)
Requirement already satisfied: nvidia-cusparse-cu12==12.5.4.2 in /export/home/achyut/.local/lib/python3.10/site-packages (from torch>=1.13.0->peft==0.11.2.dev0) (12.5.4.2)
Requirement already satisfied: nvidia-cusparselt-cu12==0.6.3 in /export/home/achyut/.local/lib/python3.10/site-packages (from torch>=1.13.0->peft==0.11.2.dev0) (0.6.3)
Requirement already satisfied: nvidia-nccl-cu12==2.26.2 in /export/home/achyut/.local/lib/python3.10/site-packages (from torch>=1.13.0->peft==0.11.2.dev0) (2.26.2)
Requirement already satisfied: nvidia-nvtx-cu12==12.6.77 in /export/home/achyut/.local/lib/python3.10/site-packages (from torch>=1.13.0->peft==0.11.2.dev0) (12.6.77)
Requirement already satisfied: nvidia-nvjitlink-cu12==12.6.85 in /export/home/achyut/.local/lib/python3.10/site-packages (from torch>=1.13.0->peft==0.11.2.dev0) (12.6.85)
Requirement already satisfied: nvidia-cufile-cu12==1.11.1.6 in /export/home/achyut/.local/lib/python3.10/site-packages (from torch>=1.13.0->peft==0.11.2.dev0) (1.11.1.6)
Requirement already satisfied: triton==3.3.1 in /export/home/achyut/.local/lib/python3.10/site-packages (from torch>=1.13.0->peft==0.11.2.dev0) (3.3.1)
Requirement already satisfied: setuptools>=40.8.0 in /export/home/achyut/miniconda3/envs/mamba_paca/lib/python3.10/site-packages (from triton==3.3.1->torch>=1.13.0->peft==0.11.2.dev0) (78.1.1)
Requirement already satisfied: mpmath<1.4,>=1.1.0 in /export/home/achyut/.local/lib/python3.10/site-packages (from sympy>=1.13.3->torch>=1.13.0->peft==0.11.2.dev0) (1.3.0)
Requirement already satisfied: MarkupSafe>=2.0 in /export/home/achyut/.local/lib/python3.10/site-packages (from jinja2->torch>=1.13.0->peft==0.11.2.dev0) (3.0.2)
Requirement already satisfied: charset_normalizer<4,>=2 in /export/home/achyut/.local/lib/python3.10/site-packages (from requests->huggingface_hub>=0.17.0->peft==0.11.2.dev0) (3.4.2)
Requirement already satisfied: idna<4,>=2.5 in /export/home/achyut/miniconda3/envs/mamba_paca/lib/python3.10/site-packages (from requests->huggingface_hub>=0.17.0->peft==0.11.2.dev0) (3.10)
Requirement already satisfied: urllib3<3,>=1.21.1 in /export/home/achyut/miniconda3/envs/mamba_paca/lib/python3.10/site-packages (from requests->huggingface_hub>=0.17.0->peft==0.11.2.dev0) (2.4.0)
Requirement already satisfied: certifi>=2017.4.17 in /export/home/achyut/miniconda3/envs/mamba_paca/lib/python3.10/site-packages (from requests->huggingface_hub>=0.17.0->peft==0.11.2.dev0) (2025.4.26)
Requirement already satisfied: regex!=2019.12.17 in /export/home/achyut/.local/lib/python3.10/site-packages (from transformers->peft==0.11.2.dev0) (2024.11.6)
Requirement already satisfied: tokenizers<0.22,>=0.21 in /export/home/achyut/.local/lib/python3.10/site-packages (from transformers->peft==0.11.2.dev0) (0.21.2)
Building wheels for collected packages: peft
  Building wheel for peft (pyproject.toml): started
  Building wheel for peft (pyproject.toml): finished with status 'done'
  Created wheel for peft: filename=peft-0.11.2.dev0-py3-none-any.whl size=277058 sha256=c18755274b172ee5c81a34e2f64a6b746c8087f462db512b52901103a7108575
  Stored in directory: /tmp/pip-ephem-wheel-cache-e5nkbbf5/wheels/50/00/ba/44589cd294ff764249bf3f5838db431253812c72a927012628
Successfully built peft
Installing collected packages: peft
  Attempting uninstall: peft
    Found existing installation: peft 0.11.2.dev0
    Uninstalling peft-0.11.2.dev0:
      Successfully uninstalled peft-0.11.2.dev0
Successfully installed peft-0.11.2.dev0
Using device: cuda
============================================================
Vision Transformer Fine-tuning on caltech102
============================================================
Loading dataset...
Extracting ./data/caltech-101/caltech-101/101_ObjectCategories.tar.gz ...
Images extracted to ./data/caltech-101/caltech-101/101_ObjectCategories
Dataset loaded: 7315 train samples, 1829 val samples
Number of classes: 102

Creating ViT model for 102 classes...
PEFT config: PacaConfig(peft_type=<PeftType.PACA: 'PACA'>, auto_mapping=None, base_model_name_or_path=None, revision=None, task_type=<TaskType.FEATURE_EXTRACTION: 'FEATURE_EXTRACTION'>, inference_mode=False, r=16, target_modules={'mlp.0', 'out_proj', 'mlp.3'}, paca_alpha=32, fan_in_fan_out=False, bias='all', modules_to_save=['head'], layers_to_transform=None, layers_pattern=None, rank_pattern={}, alpha_pattern={}, megatron_config=None, megatron_core='megatron.core', layer_replication=None, gradient_accumulation_steps=1)
Fine tuning VMamba using Normal PaCA:
Calculating initial validation accuracy...
Initial Val Acc: 1.20%

Epoch 1 Summary | LR: 0.000100 | Time: 29.04
Train Loss: 4.6032 | Train Acc: 1.70%
Val Loss: 4.6213 | Val Acc: 1.20%
--------------------------------------------------

Epoch 2 Summary | LR: 0.000200 | Time: 29.46
Train Loss: 4.0413 | Train Acc: 18.00%
Val Loss: 3.6403 | Val Acc: 21.92%
--------------------------------------------------

Epoch 3 Summary | LR: 0.000300 | Time: 29.63
Train Loss: 2.9750 | Train Acc: 38.55%
Val Loss: 2.4560 | Val Acc: 51.78%
--------------------------------------------------

Epoch 4 Summary | LR: 0.000400 | Time: 29.74
Train Loss: 1.9469 | Train Acc: 64.47%
Val Loss: 1.6431 | Val Acc: 72.17%
--------------------------------------------------

Epoch 5 Summary | LR: 0.000500 | Time: 29.68
Train Loss: 1.3189 | Train Acc: 80.00%
Val Loss: 1.2183 | Val Acc: 82.07%
--------------------------------------------------

Epoch 6 Summary | LR: 0.000600 | Time: 29.81
Train Loss: 0.9566 | Train Acc: 87.74%
Val Loss: 1.0031 | Val Acc: 86.00%
--------------------------------------------------

Epoch 7 Summary | LR: 0.000700 | Time: 29.72
Train Loss: 0.7220 | Train Acc: 92.58%
Val Loss: 0.7706 | Val Acc: 88.46%
--------------------------------------------------

Epoch 8 Summary | LR: 0.000800 | Time: 29.82
Train Loss: 0.5333 | Train Acc: 95.23%
Val Loss: 0.6743 | Val Acc: 90.65%
--------------------------------------------------

Epoch 9 Summary | LR: 0.000900 | Time: 29.79
Train Loss: 0.4043 | Train Acc: 96.77%
Val Loss: 0.5971 | Val Acc: 90.71%
--------------------------------------------------

Epoch 10 Summary | LR: 0.001000 | Time: 29.78
Train Loss: 0.3546 | Train Acc: 97.40%
Val Loss: 0.5486 | Val Acc: 91.80%
--------------------------------------------------

Epoch 11 Summary | LR: 0.001000 | Time: 30.07
Train Loss: 0.2421 | Train Acc: 98.48%
Val Loss: 0.5204 | Val Acc: 91.53%
--------------------------------------------------

Epoch 12 Summary | LR: 0.001000 | Time: 30.07
Train Loss: 0.1730 | Train Acc: 99.04%
Val Loss: 0.4409 | Val Acc: 92.89%
--------------------------------------------------

Epoch 13 Summary | LR: 0.001000 | Time: 29.95
Train Loss: 0.1288 | Train Acc: 99.52%
Val Loss: 0.4153 | Val Acc: 92.35%
--------------------------------------------------

Epoch 14 Summary | LR: 0.001000 | Time: 30.00
Train Loss: 0.1061 | Train Acc: 99.62%
Val Loss: 0.3764 | Val Acc: 93.71%
--------------------------------------------------

Epoch 15 Summary | LR: 0.001000 | Time: 30.03
Train Loss: 0.0851 | Train Acc: 99.70%
Val Loss: 0.3503 | Val Acc: 93.44%
--------------------------------------------------

Epoch 16 Summary | LR: 0.001000 | Time: 29.99
Train Loss: 0.0617 | Train Acc: 99.85%
Val Loss: 0.3478 | Val Acc: 93.33%
--------------------------------------------------

Epoch 17 Summary | LR: 0.001000 | Time: 30.00
Train Loss: 0.0587 | Train Acc: 99.85%
Val Loss: 0.3708 | Val Acc: 93.00%
--------------------------------------------------
No improvement for 1 epoch(s)

Epoch 18 Summary | LR: 0.001000 | Time: 30.08
Train Loss: 0.0431 | Train Acc: 99.92%
Val Loss: 0.3414 | Val Acc: 93.38%
--------------------------------------------------

Epoch 19 Summary | LR: 0.001000 | Time: 30.01
Train Loss: 0.0367 | Train Acc: 99.92%
Val Loss: 0.3282 | Val Acc: 93.17%
--------------------------------------------------

Epoch 20 Summary | LR: 0.001000 | Time: 29.95
Train Loss: 0.0319 | Train Acc: 99.95%
Val Loss: 0.3635 | Val Acc: 92.29%
--------------------------------------------------
No improvement for 1 epoch(s)

Epoch 21 Summary | LR: 0.001000 | Time: 30.06
Train Loss: 0.0885 | Train Acc: 99.40%
Val Loss: 0.4998 | Val Acc: 91.53%
--------------------------------------------------
No improvement for 2 epoch(s)

Epoch 22 Summary | LR: 0.001000 | Time: 30.05
Train Loss: 0.1268 | Train Acc: 99.41%
Val Loss: 0.4310 | Val Acc: 91.58%
--------------------------------------------------
No improvement for 3 epoch(s)

Epoch 23 Summary | LR: 0.001000 | Time: 30.04
Train Loss: 0.1229 | Train Acc: 99.41%
Val Loss: 0.4584 | Val Acc: 91.09%
--------------------------------------------------
No improvement for 4 epoch(s)

Epoch 24 Summary | LR: 0.001000 | Time: 30.02
Train Loss: 0.0798 | Train Acc: 99.67%
Val Loss: 0.3412 | Val Acc: 93.17%
--------------------------------------------------
No improvement for 5 epoch(s)

Epoch 25 Summary | LR: 0.000999 | Time: 30.09
Train Loss: 0.0454 | Train Acc: 99.75%
Val Loss: 0.3351 | Val Acc: 92.84%
--------------------------------------------------
No improvement for 6 epoch(s)

Epoch 26 Summary | LR: 0.000999 | Time: 30.12
Train Loss: 0.0290 | Train Acc: 99.86%
Val Loss: 0.3095 | Val Acc: 93.60%
--------------------------------------------------

Epoch 27 Summary | LR: 0.000999 | Time: 30.15
Train Loss: 0.0270 | Train Acc: 99.90%
Val Loss: 0.3045 | Val Acc: 93.28%
--------------------------------------------------

Epoch 28 Summary | LR: 0.000999 | Time: 30.11
Train Loss: 0.0215 | Train Acc: 99.93%
Val Loss: 0.3030 | Val Acc: 93.44%
--------------------------------------------------

Epoch 29 Summary | LR: 0.000999 | Time: 30.11
Train Loss: 0.0210 | Train Acc: 99.92%
Val Loss: 0.3156 | Val Acc: 93.44%
--------------------------------------------------
No improvement for 1 epoch(s)

Epoch 30 Summary | LR: 0.000999 | Time: 30.08
Train Loss: 0.0186 | Train Acc: 99.95%
Val Loss: 0.3056 | Val Acc: 93.22%
--------------------------------------------------
No improvement for 2 epoch(s)

Epoch 31 Summary | LR: 0.000999 | Time: 30.10
Train Loss: 0.0168 | Train Acc: 99.92%
Val Loss: 0.3137 | Val Acc: 92.73%
--------------------------------------------------
No improvement for 3 epoch(s)

Epoch 32 Summary | LR: 0.000999 | Time: 30.07
Train Loss: 0.0157 | Train Acc: 99.95%
Val Loss: 0.3104 | Val Acc: 93.00%
--------------------------------------------------
No improvement for 4 epoch(s)

Epoch 33 Summary | LR: 0.000999 | Time: 30.04
Train Loss: 0.0148 | Train Acc: 99.95%
Val Loss: 0.3132 | Val Acc: 93.22%
--------------------------------------------------
No improvement for 5 epoch(s)

Epoch 34 Summary | LR: 0.000999 | Time: 30.02
Train Loss: 0.0139 | Train Acc: 99.96%
Val Loss: 0.3056 | Val Acc: 93.06%
--------------------------------------------------
No improvement for 6 epoch(s)

Epoch 35 Summary | LR: 0.000998 | Time: 30.00
Train Loss: 0.0144 | Train Acc: 99.95%
Val Loss: 0.3139 | Val Acc: 92.95%
--------------------------------------------------
No improvement for 7 epoch(s)
Early stopping triggered after 35 epochs.
Total training time far: 1047.69 seconds
Average time per epoch: 29.93 seconds
Job completed at Fri Jul 18 19:29:35 IST 2025


Job started at Fri Jul 18 20:05:59 IST 2025
Processing /export/home/achyut/sam/paca_rl/paca_modded/peft
  Installing build dependencies: started
  Installing build dependencies: finished with status 'done'
  Getting requirements to build wheel: started
  Getting requirements to build wheel: finished with status 'done'
  Preparing metadata (pyproject.toml): started
  Preparing metadata (pyproject.toml): finished with status 'done'
Requirement already satisfied: numpy>=1.17 in /export/home/achyut/.local/lib/python3.10/site-packages (from peft==0.11.2.dev0) (1.26.4)
Requirement already satisfied: packaging>=20.0 in /export/home/achyut/.local/lib/python3.10/site-packages (from peft==0.11.2.dev0) (23.2)
Requirement already satisfied: psutil in /export/home/achyut/.local/lib/python3.10/site-packages (from peft==0.11.2.dev0) (5.9.8)
Requirement already satisfied: pyyaml in /export/home/achyut/.local/lib/python3.10/site-packages (from peft==0.11.2.dev0) (6.0.2)
Requirement already satisfied: torch>=1.13.0 in /export/home/achyut/.local/lib/python3.10/site-packages (from peft==0.11.2.dev0) (2.7.1)
Requirement already satisfied: transformers in /export/home/achyut/.local/lib/python3.10/site-packages (from peft==0.11.2.dev0) (4.52.4)
Requirement already satisfied: tqdm in /export/home/achyut/.local/lib/python3.10/site-packages (from peft==0.11.2.dev0) (4.64.1)
Requirement already satisfied: accelerate>=0.21.0 in /export/home/achyut/.local/lib/python3.10/site-packages (from peft==0.11.2.dev0) (1.8.1)
Requirement already satisfied: safetensors in /export/home/achyut/.local/lib/python3.10/site-packages (from peft==0.11.2.dev0) (0.5.3)
Requirement already satisfied: huggingface_hub>=0.17.0 in /export/home/achyut/.local/lib/python3.10/site-packages (from peft==0.11.2.dev0) (0.32.4)
Requirement already satisfied: filelock in /export/home/achyut/.local/lib/python3.10/site-packages (from huggingface_hub>=0.17.0->peft==0.11.2.dev0) (3.18.0)
Requirement already satisfied: fsspec>=2023.5.0 in /export/home/achyut/.local/lib/python3.10/site-packages (from huggingface_hub>=0.17.0->peft==0.11.2.dev0) (2024.2.0)
Requirement already satisfied: requests in /export/home/achyut/.local/lib/python3.10/site-packages (from huggingface_hub>=0.17.0->peft==0.11.2.dev0) (2.32.4)
Requirement already satisfied: typing-extensions>=3.7.4.3 in /export/home/achyut/.local/lib/python3.10/site-packages (from huggingface_hub>=0.17.0->peft==0.11.2.dev0) (4.13.2)
Requirement already satisfied: hf-xet<2.0.0,>=1.1.2 in /export/home/achyut/.local/lib/python3.10/site-packages (from huggingface_hub>=0.17.0->peft==0.11.2.dev0) (1.1.3)
Requirement already satisfied: sympy>=1.13.3 in /export/home/achyut/.local/lib/python3.10/site-packages (from torch>=1.13.0->peft==0.11.2.dev0) (1.14.0)
Requirement already satisfied: networkx in /export/home/achyut/.local/lib/python3.10/site-packages (from torch>=1.13.0->peft==0.11.2.dev0) (3.4.2)
Requirement already satisfied: jinja2 in /export/home/achyut/miniconda3/envs/mamba_paca/lib/python3.10/site-packages (from torch>=1.13.0->peft==0.11.2.dev0) (3.1.6)
Requirement already satisfied: nvidia-cuda-nvrtc-cu12==12.6.77 in /export/home/achyut/.local/lib/python3.10/site-packages (from torch>=1.13.0->peft==0.11.2.dev0) (12.6.77)
Requirement already satisfied: nvidia-cuda-runtime-cu12==12.6.77 in /export/home/achyut/.local/lib/python3.10/site-packages (from torch>=1.13.0->peft==0.11.2.dev0) (12.6.77)
Requirement already satisfied: nvidia-cuda-cupti-cu12==12.6.80 in /export/home/achyut/.local/lib/python3.10/site-packages (from torch>=1.13.0->peft==0.11.2.dev0) (12.6.80)
Requirement already satisfied: nvidia-cudnn-cu12==9.5.1.17 in /export/home/achyut/.local/lib/python3.10/site-packages (from torch>=1.13.0->peft==0.11.2.dev0) (9.5.1.17)
Requirement already satisfied: nvidia-cublas-cu12==12.6.4.1 in /export/home/achyut/.local/lib/python3.10/site-packages (from torch>=1.13.0->peft==0.11.2.dev0) (12.6.4.1)
Requirement already satisfied: nvidia-cufft-cu12==11.3.0.4 in /export/home/achyut/.local/lib/python3.10/site-packages (from torch>=1.13.0->peft==0.11.2.dev0) (11.3.0.4)
Requirement already satisfied: nvidia-curand-cu12==10.3.7.77 in /export/home/achyut/.local/lib/python3.10/site-packages (from torch>=1.13.0->peft==0.11.2.dev0) (10.3.7.77)
Requirement already satisfied: nvidia-cusolver-cu12==11.7.1.2 in /export/home/achyut/.local/lib/python3.10/site-packages (from torch>=1.13.0->peft==0.11.2.dev0) (11.7.1.2)
Requirement already satisfied: nvidia-cusparse-cu12==12.5.4.2 in /export/home/achyut/.local/lib/python3.10/site-packages (from torch>=1.13.0->peft==0.11.2.dev0) (12.5.4.2)
Requirement already satisfied: nvidia-cusparselt-cu12==0.6.3 in /export/home/achyut/.local/lib/python3.10/site-packages (from torch>=1.13.0->peft==0.11.2.dev0) (0.6.3)
Requirement already satisfied: nvidia-nccl-cu12==2.26.2 in /export/home/achyut/.local/lib/python3.10/site-packages (from torch>=1.13.0->peft==0.11.2.dev0) (2.26.2)
Requirement already satisfied: nvidia-nvtx-cu12==12.6.77 in /export/home/achyut/.local/lib/python3.10/site-packages (from torch>=1.13.0->peft==0.11.2.dev0) (12.6.77)
Requirement already satisfied: nvidia-nvjitlink-cu12==12.6.85 in /export/home/achyut/.local/lib/python3.10/site-packages (from torch>=1.13.0->peft==0.11.2.dev0) (12.6.85)
Requirement already satisfied: nvidia-cufile-cu12==1.11.1.6 in /export/home/achyut/.local/lib/python3.10/site-packages (from torch>=1.13.0->peft==0.11.2.dev0) (1.11.1.6)
Requirement already satisfied: triton==3.3.1 in /export/home/achyut/.local/lib/python3.10/site-packages (from torch>=1.13.0->peft==0.11.2.dev0) (3.3.1)
Requirement already satisfied: setuptools>=40.8.0 in /export/home/achyut/miniconda3/envs/mamba_paca/lib/python3.10/site-packages (from triton==3.3.1->torch>=1.13.0->peft==0.11.2.dev0) (78.1.1)
Requirement already satisfied: mpmath<1.4,>=1.1.0 in /export/home/achyut/.local/lib/python3.10/site-packages (from sympy>=1.13.3->torch>=1.13.0->peft==0.11.2.dev0) (1.3.0)
Requirement already satisfied: MarkupSafe>=2.0 in /export/home/achyut/.local/lib/python3.10/site-packages (from jinja2->torch>=1.13.0->peft==0.11.2.dev0) (3.0.2)
Requirement already satisfied: charset_normalizer<4,>=2 in /export/home/achyut/.local/lib/python3.10/site-packages (from requests->huggingface_hub>=0.17.0->peft==0.11.2.dev0) (3.4.2)
Requirement already satisfied: idna<4,>=2.5 in /export/home/achyut/miniconda3/envs/mamba_paca/lib/python3.10/site-packages (from requests->huggingface_hub>=0.17.0->peft==0.11.2.dev0) (3.10)
Requirement already satisfied: urllib3<3,>=1.21.1 in /export/home/achyut/miniconda3/envs/mamba_paca/lib/python3.10/site-packages (from requests->huggingface_hub>=0.17.0->peft==0.11.2.dev0) (2.4.0)
Requirement already satisfied: certifi>=2017.4.17 in /export/home/achyut/miniconda3/envs/mamba_paca/lib/python3.10/site-packages (from requests->huggingface_hub>=0.17.0->peft==0.11.2.dev0) (2025.4.26)
Requirement already satisfied: regex!=2019.12.17 in /export/home/achyut/.local/lib/python3.10/site-packages (from transformers->peft==0.11.2.dev0) (2024.11.6)
Requirement already satisfied: tokenizers<0.22,>=0.21 in /export/home/achyut/.local/lib/python3.10/site-packages (from transformers->peft==0.11.2.dev0) (0.21.2)
Building wheels for collected packages: peft
  Building wheel for peft (pyproject.toml): started
  Building wheel for peft (pyproject.toml): finished with status 'done'
  Created wheel for peft: filename=peft-0.11.2.dev0-py3-none-any.whl size=277346 sha256=85bc1328955247a89f7fbf67284478bf4b7b4a143c7e0809e4c134a44e1946b9
  Stored in directory: /tmp/pip-ephem-wheel-cache-80g7f14c/wheels/87/64/54/8dc1ca1c77c7bcbbb6f683171497c691f675113c7bee1893bc
Successfully built peft
Installing collected packages: peft
  Attempting uninstall: peft
    Found existing installation: peft 0.11.2.dev0
    Uninstalling peft-0.11.2.dev0:
      Successfully uninstalled peft-0.11.2.dev0
Successfully installed peft-0.11.2.dev0
Doing UCB runs:
Using device: cuda
============================================================
Vision Transformer Fine-tuning on cifar100
============================================================
Loading dataset...
Dataset loaded: 50000 train samples, 10000 val samples
Number of classes: 100

Creating ViT model for 100 classes...
PEFT config: PacaConfig(peft_type=<PeftType.PACA: 'PACA'>, auto_mapping=None, base_model_name_or_path=None, revision=None, task_type=<TaskType.FEATURE_EXTRACTION: 'FEATURE_EXTRACTION'>, inference_mode=False, r=48, target_modules={'out_proj', 'mlp.0', 'mlp.3'}, paca_alpha=96, fan_in_fan_out=False, bias='all', modules_to_save=['head'], layers_to_transform=None, layers_pattern=None, rank_pattern={}, alpha_pattern={}, megatron_config=None, megatron_core='megatron.core', layer_replication=None, gradient_accumulation_steps=1, steps_per_epoch=782, arm_distribution='horizontal', num_arms=3, num_arms_to_select=1, ucb_alpha=6, use_fixed_indices=False)
Total parameters: 149,653,448
Trainable parameters: 2,757,320 (1.84%)
Frozen parameters: 146,896,128 (98.16%)
Fine tuning vit using UCB-based PaCA:
Calculating initial validation accuracy...
Initial Val Acc: 0.96%
  Selected Arms: [0]
  Arm Rewards: [0.0, 0.0, 0.0]
  Arm Counts: [2.0, 1.0, 1.0]
  Value of t: 2
  UCB Scores: [7.064460277557373, 7.064460277557373, 7.064460277557373]

Epoch 1 Summary | LR: 0.000100 | Time: 201.03
Train Loss: 4.6589 | Train Acc: 1.00%
Val Loss: 4.6593 | Val Acc: 0.96%
--------------------------------------------------
  Selected Arms: [0]
  Arm Rewards: [72.30999755859375, 0.0, 0.0]
  Arm Counts: [3.0, 1.0, 1.0]
  Value of t: 3
  UCB Scores: [42.44388198852539, 8.89382266998291, 8.89382266998291]

Epoch 2 Summary | LR: 0.000200 | Time: 199.17
Train Loss: 2.4735 | Train Acc: 52.54%
Val Loss: 1.3841 | Val Acc: 73.27%
--------------------------------------------------
  Selected Arms: [0]
  Arm Rewards: [80.39999389648438, 0.0, 0.0]
  Arm Counts: [4.0, 1.0, 1.0]
  Value of t: 4
  UCB Scores: [32.56810760498047, 9.990654945373535, 9.990654945373535]

Epoch 3 Summary | LR: 0.000300 | Time: 199.31
Train Loss: 0.9785 | Train Acc: 79.44%
Val Loss: 0.8048 | Val Acc: 81.36%
--------------------------------------------------
  Selected Arms: [0]
  Arm Rewards: [82.90999603271484, 0.0, 0.0]
  Arm Counts: [5.0, 1.0, 1.0]
  Value of t: 5
  UCB Scores: [26.109867095947266, 10.764735221862793, 10.764735221862793]

Epoch 4 Summary | LR: 0.000400 | Time: 199.28
Train Loss: 0.6192 | Train Acc: 85.67%
Val Loss: 0.6558 | Val Acc: 83.87%
--------------------------------------------------
  Selected Arms: [0]
  Arm Rewards: [82.85999298095703, 0.0, 0.0]
  Arm Counts: [6.0, 1.0, 1.0]
  Value of t: 6
  UCB Scores: [21.651500701904297, 11.358110427856445, 11.358110427856445]

Epoch 5 Summary | LR: 0.000500 | Time: 199.36
Train Loss: 0.4433 | Train Acc: 89.57%
Val Loss: 0.6335 | Val Acc: 83.82%
--------------------------------------------------
  Selected Arms: [0]
  Arm Rewards: [83.09999084472656, 0.0, 0.0]
  Arm Counts: [7.0, 1.0, 1.0]
  Value of t: 7
  UCB Scores: [18.68227767944336, 11.836618423461914, 11.836618423461914]

Epoch 6 Summary | LR: 0.000600 | Time: 199.48
Train Loss: 0.3416 | Train Acc: 91.85%
Val Loss: 0.6096 | Val Acc: 84.06%
--------------------------------------------------
  Selected Arms: [0]
  Arm Rewards: [83.76998901367188, 0.0, 0.0]
  Arm Counts: [8.0, 1.0, 1.0]
  Value of t: 8
  UCB Scores: [16.591917037963867, 12.236003875732422, 12.236003875732422]

Epoch 7 Summary | LR: 0.000700 | Time: 199.40
Train Loss: 0.2847 | Train Acc: 93.20%
Val Loss: 0.6066 | Val Acc: 84.73%
--------------------------------------------------
  Selected Arms: [0]
  Arm Rewards: [82.2599868774414, 0.0, 0.0]
  Arm Counts: [9.0, 1.0, 1.0]
  Value of t: 9
  UCB Scores: [14.729410171508789, 12.577764511108398, 12.577764511108398]

Epoch 8 Summary | LR: 0.000800 | Time: 199.43
Train Loss: 0.2610 | Train Acc: 93.76%
Val Loss: 0.6645 | Val Acc: 83.22%
--------------------------------------------------
No improvement for 1 epoch(s)
  Selected Arms: [0]
  Arm Rewards: [81.18998718261719, 0.0, 0.0]
  Arm Counts: [10.0, 1.0, 1.0]
  Value of t: 10
  UCB Scores: [13.313041687011719, 12.8757963180542, 12.8757963180542]

Epoch 9 Summary | LR: 0.000900 | Time: 199.38
Train Loss: 0.4517 | Train Acc: 88.52%
Val Loss: 0.6815 | Val Acc: 82.15%
--------------------------------------------------
No improvement for 2 epoch(s)
  Selected Arms: [1]
  Arm Rewards: [82.02998352050781, 0.0, 0.0]
  Arm Counts: [10.0, 2.0, 1.0]
  Value of t: 11
  UCB Scores: [12.358097076416016, 13.139575958251953, 13.139575958251953]

Epoch 10 Summary | LR: 0.001000 | Time: 199.41
Train Loss: 0.2946 | Train Acc: 92.39%
Val Loss: 0.6784 | Val Acc: 82.99%
--------------------------------------------------
No improvement for 3 epoch(s)
  Selected Arms: [2]
  Arm Rewards: [82.02998352050781, -2.0899999141693115, 0.0]
  Arm Counts: [10.0, 2.0, 2.0]
  Value of t: 12
  UCB Scores: [12.432812690734863, 8.413151741027832, 13.375846862792969]

Epoch 11 Summary | LR: 0.001000 | Time: 200.49
Train Loss: 0.2727 | Train Acc: 93.07%
Val Loss: 0.7470 | Val Acc: 80.90%
--------------------------------------------------
No improvement for 4 epoch(s)
  Selected Arms: [0]
  Arm Rewards: [82.02998352050781, -2.0899999141693115, 0.14000000059604645]
  Arm Counts: [11.0, 2.0, 2.0]
  Value of t: 13
  UCB Scores: [12.500396728515625, 8.564275741577148, 9.679275512695312]

Epoch 12 Summary | LR: 0.001000 | Time: 200.49
Train Loss: 0.3067 | Train Acc: 91.97%
Val Loss: 0.7502 | Val Acc: 81.04%
--------------------------------------------------
No improvement for 5 epoch(s)
  Selected Arms: [0]
  Arm Rewards: [83.55998229980469, -2.0899999141693115, 0.14000000059604645]
  Arm Counts: [12.0, 2.0, 2.0]
  Value of t: 14
  UCB Scores: [11.752541542053223, 8.702105522155762, 9.817105293273926]

Epoch 13 Summary | LR: 0.001000 | Time: 200.44
Train Loss: 0.2553 | Train Acc: 93.26%
Val Loss: 0.7016 | Val Acc: 82.57%
--------------------------------------------------
No improvement for 6 epoch(s)
  Selected Arms: [0]
  Arm Rewards: [82.48998260498047, -2.0899999141693115, 0.14000000059604645]
  Arm Counts: [13.0, 2.0, 2.0]
  Value of t: 15
  UCB Scores: [10.905083656311035, 8.828692436218262, 9.943693161010742]

Epoch 14 Summary | LR: 0.001000 | Time: 200.48
Train Loss: 0.2321 | Train Acc: 93.84%
Val Loss: 0.7437 | Val Acc: 81.50%
--------------------------------------------------
No improvement for 7 epoch(s)
Early stopping triggered after 14 epochs.
Total training time far: 2797.16 seconds
Average time per epoch: 199.80 seconds

Creating ViT model for 100 classes...
Total parameters: 149,653,448
Trainable parameters: 2,757,320 (1.84%)
Frozen parameters: 146,896,128 (98.16%)
Starting second training: 
Calculating initial validation accuracy...
Initial Val Acc: 1.48%
  Selected Arms: []
  Arm Rewards: [0.0, 0.0, 0.0]
  Arm Counts: [1.0, 1.0, 1.0]
  Value of t: 1

Epoch 1 Summary | LR: 0.000100 | Time: 199.25
Train Loss: 4.6561 | Train Acc: 1.47%
Val Loss: 4.6608 | Val Acc: 1.48%
--------------------------------------------------
  Selected Arms: []
  Arm Rewards: [0.0, 0.0, 0.0]
  Arm Counts: [1.0, 1.0, 1.0]
  Value of t: 1

Epoch 2 Summary | LR: 0.000200 | Time: 199.30
Train Loss: 2.3426 | Train Acc: 54.47%
Val Loss: 1.2241 | Val Acc: 75.73%
--------------------------------------------------
  Selected Arms: []
  Arm Rewards: [0.0, 0.0, 0.0]
  Arm Counts: [1.0, 1.0, 1.0]
  Value of t: 1

Epoch 3 Summary | LR: 0.000300 | Time: 199.34
Train Loss: 0.9264 | Train Acc: 80.26%
Val Loss: 0.7869 | Val Acc: 81.45%
--------------------------------------------------
  Selected Arms: []
  Arm Rewards: [0.0, 0.0, 0.0]
  Arm Counts: [1.0, 1.0, 1.0]
  Value of t: 1

Epoch 4 Summary | LR: 0.000400 | Time: 199.28
Train Loss: 0.6076 | Train Acc: 85.81%
Val Loss: 0.6791 | Val Acc: 82.96%
--------------------------------------------------
  Selected Arms: []
  Arm Rewards: [0.0, 0.0, 0.0]
  Arm Counts: [1.0, 1.0, 1.0]
  Value of t: 1

Epoch 5 Summary | LR: 0.000500 | Time: 199.33
Train Loss: 0.4494 | Train Acc: 89.16%
Val Loss: 0.6150 | Val Acc: 84.22%
--------------------------------------------------
  Selected Arms: []
  Arm Rewards: [0.0, 0.0, 0.0]
  Arm Counts: [1.0, 1.0, 1.0]
  Value of t: 1

Epoch 6 Summary | LR: 0.000600 | Time: 199.42
Train Loss: 0.3534 | Train Acc: 91.61%
Val Loss: 0.6394 | Val Acc: 83.32%
--------------------------------------------------
No improvement for 1 epoch(s)
  Selected Arms: []
  Arm Rewards: [0.0, 0.0, 0.0]
  Arm Counts: [1.0, 1.0, 1.0]
  Value of t: 1

Epoch 7 Summary | LR: 0.000700 | Time: 199.47
Train Loss: 0.2976 | Train Acc: 92.88%
Val Loss: 0.6324 | Val Acc: 83.84%
--------------------------------------------------
No improvement for 2 epoch(s)
  Selected Arms: []
  Arm Rewards: [0.0, 0.0, 0.0]
  Arm Counts: [1.0, 1.0, 1.0]
  Value of t: 1

Epoch 8 Summary | LR: 0.000800 | Time: 199.45
Train Loss: 0.2809 | Train Acc: 93.30%
Val Loss: 0.6561 | Val Acc: 83.49%
--------------------------------------------------
No improvement for 3 epoch(s)
  Selected Arms: []
  Arm Rewards: [0.0, 0.0, 0.0]
  Arm Counts: [1.0, 1.0, 1.0]
  Value of t: 1

Epoch 9 Summary | LR: 0.000900 | Time: 199.46
Train Loss: 0.2675 | Train Acc: 93.45%
Val Loss: 0.7178 | Val Acc: 81.65%
--------------------------------------------------
No improvement for 4 epoch(s)
  Selected Arms: []
  Arm Rewards: [0.0, 0.0, 0.0]
  Arm Counts: [1.0, 1.0, 1.0]
  Value of t: 1

Epoch 10 Summary | LR: 0.001000 | Time: 199.38
Train Loss: 0.2534 | Train Acc: 93.90%
Val Loss: 0.7418 | Val Acc: 81.53%
--------------------------------------------------
No improvement for 5 epoch(s)
  Selected Arms: []
  Arm Rewards: [0.0, 0.0, 0.0]
  Arm Counts: [1.0, 1.0, 1.0]
  Value of t: 1

Epoch 11 Summary | LR: 0.001000 | Time: 200.58
Train Loss: 0.2539 | Train Acc: 93.88%
Val Loss: 0.7250 | Val Acc: 81.79%
--------------------------------------------------
No improvement for 6 epoch(s)
  Selected Arms: []
  Arm Rewards: [0.0, 0.0, 0.0]
  Arm Counts: [1.0, 1.0, 1.0]
  Value of t: 1

Epoch 12 Summary | LR: 0.001000 | Time: 200.59
Train Loss: 0.2274 | Train Acc: 94.41%
Val Loss: 0.7213 | Val Acc: 82.03%
--------------------------------------------------
No improvement for 7 epoch(s)
Early stopping triggered after 12 epochs.
Total training time far: 2394.84 seconds
Average time per epoch: 199.57 seconds
Using device: cuda
============================================================
Vision Transformer Fine-tuning on cifar100
============================================================
Loading dataset...
Dataset loaded: 50000 train samples, 10000 val samples
Number of classes: 100

Creating ViT model for 100 classes...
PEFT config: PacaConfig(peft_type=<PeftType.PACA: 'PACA'>, auto_mapping=None, base_model_name_or_path=None, revision=None, task_type=<TaskType.FEATURE_EXTRACTION: 'FEATURE_EXTRACTION'>, inference_mode=False, r=48, target_modules={'out_proj', 'mlp.0', 'mlp.3'}, paca_alpha=96, fan_in_fan_out=False, bias='all', modules_to_save=['head'], layers_to_transform=None, layers_pattern=None, rank_pattern={}, alpha_pattern={}, megatron_config=None, megatron_core='megatron.core', layer_replication=None, gradient_accumulation_steps=1, steps_per_epoch=782, arm_distribution='horizontal', num_arms=3, num_arms_to_select=1, ucb_alpha=6, use_fixed_indices=False)
Total parameters: 149,653,448
Trainable parameters: 2,757,320 (1.84%)
Frozen parameters: 146,896,128 (98.16%)
Fine tuning vit using UCB-based PaCA:
Calculating initial validation accuracy...
Initial Val Acc: 0.95%
  Selected Arms: [0]
  Arm Rewards: [0.0, 0.0, 0.0]
  Arm Counts: [2.0, 1.0, 1.0]
  Value of t: 2
  UCB Scores: [7.064460277557373, 7.064460277557373, 7.064460277557373]

Epoch 1 Summary | LR: 0.000100 | Time: 199.06
Train Loss: 4.6846 | Train Acc: 0.95%
Val Loss: 4.6908 | Val Acc: 0.95%
--------------------------------------------------
  Selected Arms: [0]
  Arm Rewards: [74.30999755859375, 0.0, 0.0]
  Arm Counts: [3.0, 1.0, 1.0]
  Value of t: 3
  UCB Scores: [43.44388198852539, 8.89382266998291, 8.89382266998291]

Epoch 2 Summary | LR: 0.000200 | Time: 199.54
Train Loss: 2.3117 | Train Acc: 54.57%
Val Loss: 1.2654 | Val Acc: 75.26%
--------------------------------------------------
  Selected Arms: [0]
  Arm Rewards: [81.48999786376953, 0.0, 0.0]
  Arm Counts: [4.0, 1.0, 1.0]
  Value of t: 4
  UCB Scores: [32.93144226074219, 9.990654945373535, 9.990654945373535]

Epoch 3 Summary | LR: 0.000300 | Time: 199.54
Train Loss: 0.9305 | Train Acc: 80.85%
Val Loss: 0.7763 | Val Acc: 82.44%
--------------------------------------------------
  Selected Arms: [0]
  Arm Rewards: [83.04999542236328, 0.0, 0.0]
  Arm Counts: [5.0, 1.0, 1.0]
  Value of t: 5
  UCB Scores: [26.144866943359375, 10.764735221862793, 10.764735221862793]

Epoch 4 Summary | LR: 0.000400 | Time: 199.51
Train Loss: 0.5874 | Train Acc: 86.68%
Val Loss: 0.6588 | Val Acc: 84.00%
--------------------------------------------------
  Selected Arms: [0]
  Arm Rewards: [83.7199935913086, 0.0, 0.0]
  Arm Counts: [6.0, 1.0, 1.0]
  Value of t: 6
  UCB Scores: [21.823501586914062, 11.358110427856445, 11.358110427856445]

Epoch 5 Summary | LR: 0.000500 | Time: 199.50
Train Loss: 0.4253 | Train Acc: 89.98%
Val Loss: 0.5935 | Val Acc: 84.67%
--------------------------------------------------
  Selected Arms: [0]
  Arm Rewards: [83.1399917602539, 0.0, 0.0]
  Arm Counts: [7.0, 1.0, 1.0]
  Value of t: 7
  UCB Scores: [18.68894386291504, 11.836618423461914, 11.836618423461914]

Epoch 6 Summary | LR: 0.000600 | Time: 199.56
Train Loss: 0.3209 | Train Acc: 92.36%
Val Loss: 0.6242 | Val Acc: 84.09%
--------------------------------------------------
No improvement for 1 epoch(s)
  Selected Arms: [0]
  Arm Rewards: [83.2199935913086, 0.0, 0.0]
  Arm Counts: [8.0, 1.0, 1.0]
  Value of t: 8
  UCB Scores: [16.51334571838379, 12.236003875732422, 12.236003875732422]

Epoch 7 Summary | LR: 0.000700 | Time: 199.55
Train Loss: 0.2802 | Train Acc: 93.35%
Val Loss: 0.6163 | Val Acc: 84.17%
--------------------------------------------------
No improvement for 2 epoch(s)
  Selected Arms: [0]
  Arm Rewards: [83.08999633789062, 0.0, 0.0]
  Arm Counts: [9.0, 1.0, 1.0]
  Value of t: 9
  UCB Scores: [14.833161354064941, 12.577764511108398, 12.577764511108398]

Epoch 8 Summary | LR: 0.000800 | Time: 199.57
Train Loss: 0.2560 | Train Acc: 93.97%
Val Loss: 0.6308 | Val Acc: 84.04%
--------------------------------------------------
No improvement for 3 epoch(s)
  Selected Arms: [0]
  Arm Rewards: [81.83999633789062, 0.0, 0.0]
  Arm Counts: [10.0, 1.0, 1.0]
  Value of t: 10
  UCB Scores: [13.385265350341797, 12.8757963180542, 12.8757963180542]

Epoch 9 Summary | LR: 0.000900 | Time: 199.57
Train Loss: 0.4401 | Train Acc: 88.70%
Val Loss: 0.6630 | Val Acc: 82.79%
--------------------------------------------------
No improvement for 4 epoch(s)
  Selected Arms: [1]
  Arm Rewards: [81.98999786376953, 0.0, 0.0]
  Arm Counts: [10.0, 2.0, 1.0]
  Value of t: 11
  UCB Scores: [12.35409927368164, 13.139575958251953, 13.139575958251953]

Epoch 10 Summary | LR: 0.001000 | Time: 199.53
Train Loss: 0.2898 | Train Acc: 92.37%
Val Loss: 0.6632 | Val Acc: 82.94%
--------------------------------------------------
No improvement for 5 epoch(s)
  Selected Arms: [2]
  Arm Rewards: [81.98999786376953, -1.25, 0.0]
  Arm Counts: [10.0, 2.0, 2.0]
  Value of t: 12
  UCB Scores: [12.428814888000488, 8.833151817321777, 13.375846862792969]

Epoch 11 Summary | LR: 0.001000 | Time: 200.84
Train Loss: 0.2578 | Train Acc: 93.41%
Val Loss: 0.7097 | Val Acc: 81.69%
--------------------------------------------------
No improvement for 6 epoch(s)
  Selected Arms: [0]
  Arm Rewards: [81.98999786376953, -1.25, -0.3499999940395355]
  Arm Counts: [11.0, 2.0, 2.0]
  Value of t: 13
  UCB Scores: [12.49639892578125, 8.984275817871094, 9.43427562713623]

Epoch 12 Summary | LR: 0.001000 | Time: 200.82
Train Loss: 0.2996 | Train Acc: 92.11%
Val Loss: 0.7380 | Val Acc: 81.34%
--------------------------------------------------
No improvement for 7 epoch(s)
Early stopping triggered after 12 epochs.
Total training time far: 2396.60 seconds
Average time per epoch: 199.72 seconds

Creating ViT model for 100 classes...
Total parameters: 149,653,448
Trainable parameters: 2,757,320 (1.84%)
Frozen parameters: 146,896,128 (98.16%)
Starting second training: 
Calculating initial validation accuracy...
Initial Val Acc: 1.10%
  Selected Arms: []
  Arm Rewards: [0.0, 0.0, 0.0]
  Arm Counts: [1.0, 1.0, 1.0]
  Value of t: 1

Epoch 1 Summary | LR: 0.000100 | Time: 199.63
Train Loss: 4.6831 | Train Acc: 0.97%
Val Loss: 4.6827 | Val Acc: 1.10%
--------------------------------------------------
  Selected Arms: []
  Arm Rewards: [0.0, 0.0, 0.0]
  Arm Counts: [1.0, 1.0, 1.0]
  Value of t: 1

Epoch 2 Summary | LR: 0.000200 | Time: 199.65
Train Loss: 2.4920 | Train Acc: 50.92%
Val Loss: 1.3254 | Val Acc: 73.19%
--------------------------------------------------
  Selected Arms: []
  Arm Rewards: [0.0, 0.0, 0.0]
  Arm Counts: [1.0, 1.0, 1.0]
  Value of t: 1

Epoch 3 Summary | LR: 0.000300 | Time: 199.59
Train Loss: 1.0099 | Train Acc: 77.92%
Val Loss: 0.8130 | Val Acc: 80.92%
--------------------------------------------------
  Selected Arms: []
  Arm Rewards: [0.0, 0.0, 0.0]
  Arm Counts: [1.0, 1.0, 1.0]
  Value of t: 1

Epoch 4 Summary | LR: 0.000400 | Time: 199.63
Train Loss: 0.6587 | Train Acc: 84.42%
Val Loss: 0.7034 | Val Acc: 82.66%
--------------------------------------------------
  Selected Arms: []
  Arm Rewards: [0.0, 0.0, 0.0]
  Arm Counts: [1.0, 1.0, 1.0]
  Value of t: 1

Epoch 5 Summary | LR: 0.000500 | Time: 199.62
Train Loss: 0.4861 | Train Acc: 88.11%
Val Loss: 0.6629 | Val Acc: 83.05%
--------------------------------------------------
  Selected Arms: []
  Arm Rewards: [0.0, 0.0, 0.0]
  Arm Counts: [1.0, 1.0, 1.0]
  Value of t: 1

Epoch 6 Summary | LR: 0.000600 | Time: 199.60
Train Loss: 0.3831 | Train Acc: 90.72%
Val Loss: 0.6758 | Val Acc: 82.62%
--------------------------------------------------
No improvement for 1 epoch(s)
  Selected Arms: []
  Arm Rewards: [0.0, 0.0, 0.0]
  Arm Counts: [1.0, 1.0, 1.0]
  Value of t: 1

Epoch 7 Summary | LR: 0.000700 | Time: 199.62
Train Loss: 0.3207 | Train Acc: 92.19%
Val Loss: 0.6988 | Val Acc: 82.03%
--------------------------------------------------
No improvement for 2 epoch(s)
  Selected Arms: []
  Arm Rewards: [0.0, 0.0, 0.0]
  Arm Counts: [1.0, 1.0, 1.0]
  Value of t: 1

Epoch 8 Summary | LR: 0.000800 | Time: 199.64
Train Loss: 0.2965 | Train Acc: 92.88%
Val Loss: 0.6421 | Val Acc: 83.81%
--------------------------------------------------
  Selected Arms: []
  Arm Rewards: [0.0, 0.0, 0.0]
  Arm Counts: [1.0, 1.0, 1.0]
  Value of t: 1

Epoch 9 Summary | LR: 0.000900 | Time: 199.69
Train Loss: 0.2893 | Train Acc: 92.79%
Val Loss: 0.7308 | Val Acc: 81.52%
--------------------------------------------------
No improvement for 1 epoch(s)
  Selected Arms: []
  Arm Rewards: [0.0, 0.0, 0.0]
  Arm Counts: [1.0, 1.0, 1.0]
  Value of t: 1

Epoch 10 Summary | LR: 0.001000 | Time: 199.69
Train Loss: 0.2706 | Train Acc: 93.22%
Val Loss: 0.7307 | Val Acc: 81.99%
--------------------------------------------------
No improvement for 2 epoch(s)
  Selected Arms: []
  Arm Rewards: [0.0, 0.0, 0.0]
  Arm Counts: [1.0, 1.0, 1.0]
  Value of t: 1

Epoch 11 Summary | LR: 0.001000 | Time: 200.88
Train Loss: 0.2848 | Train Acc: 92.96%
Val Loss: 0.7810 | Val Acc: 80.32%
--------------------------------------------------
No improvement for 3 epoch(s)
  Selected Arms: []
  Arm Rewards: [0.0, 0.0, 0.0]
  Arm Counts: [1.0, 1.0, 1.0]
  Value of t: 1

Epoch 12 Summary | LR: 0.001000 | Time: 200.90
Train Loss: 0.2421 | Train Acc: 94.00%
Val Loss: 0.8032 | Val Acc: 80.24%
--------------------------------------------------
No improvement for 4 epoch(s)
  Selected Arms: []
  Arm Rewards: [0.0, 0.0, 0.0]
  Arm Counts: [1.0, 1.0, 1.0]
  Value of t: 1

Epoch 13 Summary | LR: 0.001000 | Time: 201.01
Train Loss: 0.2277 | Train Acc: 94.24%
Val Loss: 0.7726 | Val Acc: 80.89%
--------------------------------------------------
No improvement for 5 epoch(s)
  Selected Arms: []
  Arm Rewards: [0.0, 0.0, 0.0]
  Arm Counts: [1.0, 1.0, 1.0]
  Value of t: 1

Epoch 14 Summary | LR: 0.001000 | Time: 201.00
Train Loss: 0.2013 | Train Acc: 95.05%
Val Loss: 0.7541 | Val Acc: 81.49%
--------------------------------------------------
No improvement for 6 epoch(s)
  Selected Arms: []
  Arm Rewards: [0.0, 0.0, 0.0]
  Arm Counts: [1.0, 1.0, 1.0]
  Value of t: 1

Epoch 15 Summary | LR: 0.001000 | Time: 200.93
Train Loss: 0.1747 | Train Acc: 95.66%
Val Loss: 0.7265 | Val Acc: 82.45%
--------------------------------------------------
No improvement for 7 epoch(s)
Early stopping triggered after 15 epochs.
Total training time far: 3001.07 seconds
Average time per epoch: 200.07 seconds
Using device: cuda
============================================================
Vision Transformer Fine-tuning on SVHN
============================================================
Loading dataset...
Dataset loaded: 73257 train samples, 26032 val samples
Number of classes: 10

Creating ViT model for 10 classes...
PEFT config: PacaConfig(peft_type=<PeftType.PACA: 'PACA'>, auto_mapping=None, base_model_name_or_path=None, revision=None, task_type=<TaskType.FEATURE_EXTRACTION: 'FEATURE_EXTRACTION'>, inference_mode=False, r=48, target_modules={'out_proj', 'mlp.0', 'mlp.3'}, paca_alpha=96, fan_in_fan_out=False, bias='all', modules_to_save=['head'], layers_to_transform=None, layers_pattern=None, rank_pattern={}, alpha_pattern={}, megatron_config=None, megatron_core='megatron.core', layer_replication=None, gradient_accumulation_steps=1, steps_per_epoch=1145, arm_distribution='horizontal', num_arms=3, num_arms_to_select=1, ucb_alpha=6, use_fixed_indices=False)
Total parameters: 149,515,028
Trainable parameters: 2,757,140 (1.84%)
Frozen parameters: 146,757,888 (98.16%)
Fine tuning vit using UCB-based PaCA:
Calculating initial validation accuracy...
Initial Val Acc: 6.98%
  Selected Arms: [0]
  Arm Rewards: [0.0, 0.0, 0.0]
  Arm Counts: [2.0, 1.0, 1.0]
  Value of t: 2
  UCB Scores: [7.064460277557373, 7.064460277557373, 7.064460277557373]

Epoch 1 Summary | LR: 0.000100 | Time: 309.46
Train Loss: 2.4134 | Train Acc: 7.27%
Val Loss: 2.4115 | Val Acc: 6.98%
--------------------------------------------------
  Selected Arms: [0]
  Arm Rewards: [85.93270111083984, 0.0, 0.0]
  Arm Counts: [3.0, 1.0, 1.0]
  Value of t: 3
  UCB Scores: [49.25523376464844, 8.89382266998291, 8.89382266998291]

Epoch 2 Summary | LR: 0.000200 | Time: 309.64
Train Loss: 0.4807 | Train Acc: 84.85%
Val Loss: 0.2414 | Val Acc: 92.92%
--------------------------------------------------
  Selected Arms: [0]
  Arm Rewards: [87.71512603759766, 0.0, 0.0]
  Arm Counts: [4.0, 1.0, 1.0]
  Value of t: 4
  UCB Scores: [35.00648498535156, 9.990654945373535, 9.990654945373535]

Epoch 3 Summary | LR: 0.000300 | Time: 309.79
Train Loss: 0.2248 | Train Acc: 93.35%
Val Loss: 0.1838 | Val Acc: 94.70%
--------------------------------------------------
  Selected Arms: [0]
  Arm Rewards: [88.14152526855469, 0.0, 0.0]
  Arm Counts: [5.0, 1.0, 1.0]
  Value of t: 5
  UCB Scores: [27.417749404907227, 10.764735221862793, 10.764735221862793]

Epoch 4 Summary | LR: 0.000400 | Time: 309.81
Train Loss: 0.1844 | Train Acc: 94.68%
Val Loss: 0.1729 | Val Acc: 95.13%
--------------------------------------------------
  Selected Arms: [0]
  Arm Rewards: [88.47188568115234, 0.0, 0.0]
  Arm Counts: [6.0, 1.0, 1.0]
  Value of t: 6
  UCB Scores: [22.773880004882812, 11.358110427856445, 11.358110427856445]

Epoch 5 Summary | LR: 0.000500 | Time: 309.92
Train Loss: 0.1592 | Train Acc: 95.49%
Val Loss: 0.1642 | Val Acc: 95.46%
--------------------------------------------------
  Selected Arms: [0]
  Arm Rewards: [88.34896087646484, 0.0, 0.0]
  Arm Counts: [7.0, 1.0, 1.0]
  Value of t: 7
  UCB Scores: [19.557106018066406, 11.836618423461914, 11.836618423461914]

Epoch 6 Summary | LR: 0.000600 | Time: 309.90
Train Loss: 0.1428 | Train Acc: 95.88%
Val Loss: 0.1661 | Val Acc: 95.33%
--------------------------------------------------
No improvement for 1 epoch(s)
  Selected Arms: [0]
  Arm Rewards: [88.47956848144531, 0.0, 0.0]
  Arm Counts: [8.0, 1.0, 1.0]
  Value of t: 8
  UCB Scores: [17.264713287353516, 12.236003875732422, 12.236003875732422]

Epoch 7 Summary | LR: 0.000700 | Time: 309.89
Train Loss: 0.1264 | Train Acc: 96.40%
Val Loss: 0.1631 | Val Acc: 95.46%
--------------------------------------------------
  Selected Arms: [0]
  Arm Rewards: [88.17225646972656, 0.0, 0.0]
  Arm Counts: [9.0, 1.0, 1.0]
  Value of t: 9
  UCB Scores: [15.468443870544434, 12.577764511108398, 12.577764511108398]

Epoch 8 Summary | LR: 0.000800 | Time: 309.87
Train Loss: 0.1231 | Train Acc: 96.45%
Val Loss: 0.1784 | Val Acc: 95.16%
--------------------------------------------------
No improvement for 1 epoch(s)
  Selected Arms: [0]
  Arm Rewards: [87.77275085449219, 0.0, 0.0]
  Arm Counts: [10.0, 1.0, 1.0]
  Value of t: 10
  UCB Scores: [14.04446029663086, 12.8757963180542, 12.8757963180542]

Epoch 9 Summary | LR: 0.000900 | Time: 309.77
Train Loss: 0.1325 | Train Acc: 96.12%
Val Loss: 0.1761 | Val Acc: 94.76%
--------------------------------------------------
No improvement for 2 epoch(s)
  Selected Arms: [1]
  Arm Rewards: [88.09927368164062, 0.0, 0.0]
  Arm Counts: [10.0, 2.0, 1.0]
  Value of t: 11
  UCB Scores: [12.96502685546875, 13.139575958251953, 13.139575958251953]

Epoch 10 Summary | LR: 0.001000 | Time: 309.86
Train Loss: 0.1731 | Train Acc: 94.93%
Val Loss: 0.1785 | Val Acc: 95.08%
--------------------------------------------------
No improvement for 3 epoch(s)
  Selected Arms: [2]
  Arm Rewards: [88.09927368164062, 0.2881069481372833, 0.0]
  Arm Counts: [10.0, 2.0, 2.0]
  Value of t: 12
  UCB Scores: [13.039742469787598, 9.602205276489258, 13.375846862792969]

Epoch 11 Summary | LR: 0.001000 | Time: 311.88
Train Loss: 0.1269 | Train Acc: 96.38%
Val Loss: 0.1664 | Val Acc: 95.37%
--------------------------------------------------
No improvement for 4 epoch(s)
  Selected Arms: [0]
  Arm Rewards: [88.09927368164062, 0.2881069481372833, -0.4648125469684601]
  Arm Counts: [11.0, 2.0, 2.0]
  Value of t: 13
  UCB Scores: [13.10732650756836, 9.753329277038574, 9.376869201660156]

Epoch 12 Summary | LR: 0.001000 | Time: 311.79
Train Loss: 0.1508 | Train Acc: 95.65%
Val Loss: 0.1806 | Val Acc: 94.91%
--------------------------------------------------
No improvement for 5 epoch(s)
  Selected Arms: [0]
  Arm Rewards: [88.70622253417969, 0.2881069481372833, -0.4648125469684601]
  Arm Counts: [12.0, 2.0, 2.0]
  Value of t: 14
  UCB Scores: [12.220381736755371, 9.891159057617188, 9.51469898223877]

Epoch 13 Summary | LR: 0.001000 | Time: 311.72
Train Loss: 0.1246 | Train Acc: 96.38%
Val Loss: 0.1640 | Val Acc: 95.51%
--------------------------------------------------
No improvement for 6 epoch(s)
  Selected Arms: [0]
  Arm Rewards: [88.37969970703125, 0.2881069481372833, -0.4648125469684601]
  Arm Counts: [13.0, 2.0, 2.0]
  Value of t: 15
  UCB Scores: [11.395893096923828, 10.017745971679688, 9.641286849975586]

Epoch 14 Summary | LR: 0.001000 | Time: 311.73
Train Loss: 0.1178 | Train Acc: 96.58%
Val Loss: 0.1741 | Val Acc: 95.19%
--------------------------------------------------
No improvement for 7 epoch(s)
Early stopping triggered after 14 epochs.
Total training time far: 4345.02 seconds
Average time per epoch: 310.36 seconds

Creating ViT model for 10 classes...
Total parameters: 149,515,028
Trainable parameters: 2,757,140 (1.84%)
Frozen parameters: 146,757,888 (98.16%)
Starting second training: 
Calculating initial validation accuracy...
Initial Val Acc: 9.95%
  Selected Arms: []
  Arm Rewards: [0.0, 0.0, 0.0]
  Arm Counts: [1.0, 1.0, 1.0]
  Value of t: 1

Epoch 1 Summary | LR: 0.000100 | Time: 309.67
Train Loss: 2.3890 | Train Acc: 10.27%
Val Loss: 2.3879 | Val Acc: 9.95%
--------------------------------------------------
  Selected Arms: []
  Arm Rewards: [0.0, 0.0, 0.0]
  Arm Counts: [1.0, 1.0, 1.0]
  Value of t: 1

Epoch 2 Summary | LR: 0.000200 | Time: 309.77
Train Loss: 0.5204 | Train Acc: 83.47%
Val Loss: 0.2251 | Val Acc: 93.57%
--------------------------------------------------
  Selected Arms: []
  Arm Rewards: [0.0, 0.0, 0.0]
  Arm Counts: [1.0, 1.0, 1.0]
  Value of t: 1

Epoch 3 Summary | LR: 0.000300 | Time: 309.85
Train Loss: 0.2334 | Train Acc: 93.20%
Val Loss: 0.1735 | Val Acc: 95.11%
--------------------------------------------------
  Selected Arms: []
  Arm Rewards: [0.0, 0.0, 0.0]
  Arm Counts: [1.0, 1.0, 1.0]
  Value of t: 1

Epoch 4 Summary | LR: 0.000400 | Time: 309.95
Train Loss: 0.1877 | Train Acc: 94.57%
Val Loss: 0.1791 | Val Acc: 94.91%
--------------------------------------------------
No improvement for 1 epoch(s)
  Selected Arms: []
  Arm Rewards: [0.0, 0.0, 0.0]
  Arm Counts: [1.0, 1.0, 1.0]
  Value of t: 1

Epoch 5 Summary | LR: 0.000500 | Time: 309.82
Train Loss: 0.1636 | Train Acc: 95.35%
Val Loss: 0.1594 | Val Acc: 95.53%
--------------------------------------------------
  Selected Arms: []
  Arm Rewards: [0.0, 0.0, 0.0]
  Arm Counts: [1.0, 1.0, 1.0]
  Value of t: 1

Epoch 6 Summary | LR: 0.000600 | Time: 309.86
Train Loss: 0.1450 | Train Acc: 95.90%
Val Loss: 0.1498 | Val Acc: 95.90%
--------------------------------------------------
  Selected Arms: []
  Arm Rewards: [0.0, 0.0, 0.0]
  Arm Counts: [1.0, 1.0, 1.0]
  Value of t: 1

Epoch 7 Summary | LR: 0.000700 | Time: 309.86
Train Loss: 0.1343 | Train Acc: 96.16%
Val Loss: 0.1385 | Val Acc: 96.32%
--------------------------------------------------
  Selected Arms: []
  Arm Rewards: [0.0, 0.0, 0.0]
  Arm Counts: [1.0, 1.0, 1.0]
  Value of t: 1

Epoch 8 Summary | LR: 0.000800 | Time: 309.91
Train Loss: 0.1262 | Train Acc: 96.37%
Val Loss: 0.1585 | Val Acc: 95.67%
--------------------------------------------------
No improvement for 1 epoch(s)
  Selected Arms: []
  Arm Rewards: [0.0, 0.0, 0.0]
  Arm Counts: [1.0, 1.0, 1.0]
  Value of t: 1

Epoch 9 Summary | LR: 0.000900 | Time: 310.05
Train Loss: 0.1171 | Train Acc: 96.66%
Val Loss: 0.1581 | Val Acc: 95.66%
--------------------------------------------------
No improvement for 2 epoch(s)
  Selected Arms: []
  Arm Rewards: [0.0, 0.0, 0.0]
  Arm Counts: [1.0, 1.0, 1.0]
  Value of t: 1

Epoch 10 Summary | LR: 0.001000 | Time: 309.92
Train Loss: 0.1195 | Train Acc: 96.54%
Val Loss: 0.1894 | Val Acc: 94.63%
--------------------------------------------------
No improvement for 3 epoch(s)
  Selected Arms: []
  Arm Rewards: [0.0, 0.0, 0.0]
  Arm Counts: [1.0, 1.0, 1.0]
  Value of t: 1

Epoch 11 Summary | LR: 0.001000 | Time: 311.73
Train Loss: 0.1151 | Train Acc: 96.64%
Val Loss: 0.2015 | Val Acc: 94.37%
--------------------------------------------------
No improvement for 4 epoch(s)
  Selected Arms: []
  Arm Rewards: [0.0, 0.0, 0.0]
  Arm Counts: [1.0, 1.0, 1.0]
  Value of t: 1

Epoch 12 Summary | LR: 0.001000 | Time: 311.75
Train Loss: 0.1041 | Train Acc: 97.03%
Val Loss: 0.1774 | Val Acc: 95.04%
--------------------------------------------------
No improvement for 5 epoch(s)
  Selected Arms: []
  Arm Rewards: [0.0, 0.0, 0.0]
  Arm Counts: [1.0, 1.0, 1.0]
  Value of t: 1

Epoch 13 Summary | LR: 0.001000 | Time: 311.73
Train Loss: 0.0983 | Train Acc: 97.17%
Val Loss: 0.1549 | Val Acc: 95.88%
--------------------------------------------------
No improvement for 6 epoch(s)
  Selected Arms: []
  Arm Rewards: [0.0, 0.0, 0.0]
  Arm Counts: [1.0, 1.0, 1.0]
  Value of t: 1

Epoch 14 Summary | LR: 0.001000 | Time: 311.77
Train Loss: 0.0905 | Train Acc: 97.47%
Val Loss: 0.1509 | Val Acc: 96.05%
--------------------------------------------------
No improvement for 7 epoch(s)
Early stopping triggered after 14 epochs.
Total training time far: 4345.64 seconds
Average time per epoch: 310.40 seconds
Using device: cuda
============================================================
Vision Transformer Fine-tuning on SVHN
============================================================
Loading dataset...
Dataset loaded: 73257 train samples, 26032 val samples
Number of classes: 10

Creating ViT model for 10 classes...
PEFT config: PacaConfig(peft_type=<PeftType.PACA: 'PACA'>, auto_mapping=None, base_model_name_or_path=None, revision=None, task_type=<TaskType.FEATURE_EXTRACTION: 'FEATURE_EXTRACTION'>, inference_mode=False, r=48, target_modules={'mlp.3', 'mlp.0', 'out_proj'}, paca_alpha=96, fan_in_fan_out=False, bias='all', modules_to_save=['head'], layers_to_transform=None, layers_pattern=None, rank_pattern={}, alpha_pattern={}, megatron_config=None, megatron_core='megatron.core', layer_replication=None, gradient_accumulation_steps=1, steps_per_epoch=1145, arm_distribution='horizontal', num_arms=3, num_arms_to_select=1, ucb_alpha=6, use_fixed_indices=False)
Total parameters: 149,515,028
Trainable parameters: 2,757,140 (1.84%)
Frozen parameters: 146,757,888 (98.16%)
Fine tuning vit using UCB-based PaCA:
Calculating initial validation accuracy...
Initial Val Acc: 7.59%
  Selected Arms: [0]
  Arm Rewards: [0.0, 0.0, 0.0]
  Arm Counts: [2.0, 1.0, 1.0]
  Value of t: 2
  UCB Scores: [7.064460277557373, 7.064460277557373, 7.064460277557373]

Epoch 1 Summary | LR: 0.000100 | Time: 309.48
Train Loss: 2.4153 | Train Acc: 7.28%
Val Loss: 2.4132 | Val Acc: 7.59%
--------------------------------------------------
  Selected Arms: [0]
  Arm Rewards: [85.62154388427734, 0.0, 0.0]
  Arm Counts: [3.0, 1.0, 1.0]
  Value of t: 3
  UCB Scores: [49.09965515136719, 8.89382266998291, 8.89382266998291]

Epoch 2 Summary | LR: 0.000200 | Time: 309.55
Train Loss: 0.5450 | Train Acc: 82.63%
Val Loss: 0.2323 | Val Acc: 93.21%
--------------------------------------------------
  Selected Arms: [0]
  Arm Rewards: [87.2118911743164, 0.0, 0.0]
  Arm Counts: [4.0, 1.0, 1.0]
  Value of t: 4
  UCB Scores: [34.83873748779297, 9.990654945373535, 9.990654945373535]

Epoch 3 Summary | LR: 0.000300 | Time: 309.66
Train Loss: 0.2337 | Train Acc: 93.15%
Val Loss: 0.1855 | Val Acc: 94.80%
--------------------------------------------------
  Selected Arms: [0]
  Arm Rewards: [87.31561279296875, 0.0, 0.0]
  Arm Counts: [5.0, 1.0, 1.0]
  Value of t: 5
  UCB Scores: [27.211271286010742, 10.764735221862793, 10.764735221862793]

Epoch 4 Summary | LR: 0.000400 | Time: 309.70
Train Loss: 0.1941 | Train Acc: 94.36%
Val Loss: 0.1819 | Val Acc: 94.90%
--------------------------------------------------
  Selected Arms: [0]
  Arm Rewards: [87.11201477050781, 0.0, 0.0]
  Arm Counts: [6.0, 1.0, 1.0]
  Value of t: 6
  UCB Scores: [22.50190544128418, 11.358110427856445, 11.358110427856445]

Epoch 5 Summary | LR: 0.000500 | Time: 309.64
Train Loss: 0.1673 | Train Acc: 95.25%
Val Loss: 0.1845 | Val Acc: 94.70%
--------------------------------------------------
No improvement for 1 epoch(s)
  Selected Arms: [0]
  Arm Rewards: [87.97633361816406, 0.0, 0.0]
  Arm Counts: [7.0, 1.0, 1.0]
  Value of t: 7
  UCB Scores: [19.4950008392334, 11.836618423461914, 11.836618423461914]

Epoch 6 Summary | LR: 0.000600 | Time: 309.67
Train Loss: 0.1497 | Train Acc: 95.78%
Val Loss: 0.1620 | Val Acc: 95.56%
--------------------------------------------------
  Selected Arms: [0]
  Arm Rewards: [88.28364562988281, 0.0, 0.0]
  Arm Counts: [8.0, 1.0, 1.0]
  Value of t: 8
  UCB Scores: [17.236724853515625, 12.236003875732422, 12.236003875732422]

Epoch 7 Summary | LR: 0.000700 | Time: 309.68
Train Loss: 0.1402 | Train Acc: 95.96%
Val Loss: 0.1527 | Val Acc: 95.87%
--------------------------------------------------
  Selected Arms: [0]
  Arm Rewards: [87.20420837402344, 0.0, 0.0]
  Arm Counts: [9.0, 1.0, 1.0]
  Value of t: 9
  UCB Scores: [15.347437858581543, 12.577764511108398, 12.577764511108398]

Epoch 8 Summary | LR: 0.000800 | Time: 309.66
Train Loss: 0.1287 | Train Acc: 96.35%
Val Loss: 0.1826 | Val Acc: 94.79%
--------------------------------------------------
No improvement for 1 epoch(s)
  Selected Arms: [0]
  Arm Rewards: [87.92255401611328, 0.0, 0.0]
  Arm Counts: [10.0, 1.0, 1.0]
  Value of t: 10
  UCB Scores: [14.061104774475098, 12.8757963180542, 12.8757963180542]

Epoch 9 Summary | LR: 0.000900 | Time: 309.69
Train Loss: 0.1662 | Train Acc: 95.08%
Val Loss: 0.1644 | Val Acc: 95.51%
--------------------------------------------------
No improvement for 2 epoch(s)
  Selected Arms: [1]
  Arm Rewards: [87.58451080322266, 0.0, 0.0]
  Arm Counts: [10.0, 2.0, 1.0]
  Value of t: 11
  UCB Scores: [12.91355037689209, 13.139575958251953, 13.139575958251953]

Epoch 10 Summary | LR: 0.001000 | Time: 309.68
Train Loss: 0.1482 | Train Acc: 95.75%
Val Loss: 0.1789 | Val Acc: 95.17%
--------------------------------------------------
No improvement for 3 epoch(s)
  Selected Arms: [2]
  Arm Rewards: [87.58451080322266, -0.04609711095690727, 0.0]
  Arm Counts: [10.0, 2.0, 2.0]
  Value of t: 12
  UCB Scores: [12.988265991210938, 9.435103416442871, 13.375846862792969]

Epoch 11 Summary | LR: 0.001000 | Time: 311.46
Train Loss: 0.1417 | Train Acc: 95.94%
Val Loss: 0.1737 | Val Acc: 95.13%
--------------------------------------------------
No improvement for 4 epoch(s)
  Selected Arms: [0]
  Arm Rewards: [87.58451080322266, -0.04609711095690727, 0.3342040479183197]
  Arm Counts: [11.0, 2.0, 2.0]
  Value of t: 13
  UCB Scores: [13.0558500289917, 9.586227416992188, 9.77637767791748]

Epoch 12 Summary | LR: 0.001000 | Time: 311.41
Train Loss: 0.1408 | Train Acc: 95.81%
Val Loss: 0.1636 | Val Acc: 95.46%
--------------------------------------------------
No improvement for 5 epoch(s)
  Selected Arms: [0]
  Arm Rewards: [87.80347442626953, -0.04609711095690727, 0.3342040479183197]
  Arm Counts: [12.0, 2.0, 2.0]
  Value of t: 14
  UCB Scores: [12.138314247131348, 9.7240571975708, 9.914207458496094]

Epoch 13 Summary | LR: 0.001000 | Time: 311.41
Train Loss: 0.1255 | Train Acc: 96.36%
Val Loss: 0.1558 | Val Acc: 95.68%
--------------------------------------------------
No improvement for 6 epoch(s)
  Selected Arms: [0]
  Arm Rewards: [87.24263000488281, -0.04609711095690727, 0.3342040479183197]
  Arm Counts: [13.0, 2.0, 2.0]
  Value of t: 15
  UCB Scores: [11.301137924194336, 9.8506441116333, 10.040794372558594]

Epoch 14 Summary | LR: 0.001000 | Time: 311.49
Train Loss: 0.1156 | Train Acc: 96.62%
Val Loss: 0.1790 | Val Acc: 95.12%
--------------------------------------------------
No improvement for 7 epoch(s)
Early stopping triggered after 14 epochs.
Total training time far: 4342.19 seconds
Average time per epoch: 310.16 seconds

Creating ViT model for 10 classes...
Total parameters: 149,515,028
Trainable parameters: 2,757,140 (1.84%)
Frozen parameters: 146,757,888 (98.16%)
Starting second training: 
Calculating initial validation accuracy...
Initial Val Acc: 10.13%
  Selected Arms: []
  Arm Rewards: [0.0, 0.0, 0.0]
  Arm Counts: [1.0, 1.0, 1.0]
  Value of t: 1

Epoch 1 Summary | LR: 0.000100 | Time: 309.64
Train Loss: 2.3796 | Train Acc: 10.56%
Val Loss: 2.3747 | Val Acc: 10.13%
--------------------------------------------------
  Selected Arms: []
  Arm Rewards: [0.0, 0.0, 0.0]
  Arm Counts: [1.0, 1.0, 1.0]
  Value of t: 1

Epoch 2 Summary | LR: 0.000200 | Time: 309.72
Train Loss: 0.5467 | Train Acc: 82.51%
Val Loss: 0.2522 | Val Acc: 92.59%
--------------------------------------------------
  Selected Arms: []
  Arm Rewards: [0.0, 0.0, 0.0]
  Arm Counts: [1.0, 1.0, 1.0]
  Value of t: 1

Epoch 3 Summary | LR: 0.000300 | Time: 309.76
Train Loss: 0.2385 | Train Acc: 92.89%
Val Loss: 0.1769 | Val Acc: 94.97%
--------------------------------------------------
  Selected Arms: []
  Arm Rewards: [0.0, 0.0, 0.0]
  Arm Counts: [1.0, 1.0, 1.0]
  Value of t: 1

Epoch 4 Summary | LR: 0.000400 | Time: 309.81
Train Loss: 0.1934 | Train Acc: 94.35%
Val Loss: 0.1961 | Val Acc: 94.50%
--------------------------------------------------
No improvement for 1 epoch(s)
  Selected Arms: []
  Arm Rewards: [0.0, 0.0, 0.0]
  Arm Counts: [1.0, 1.0, 1.0]
  Value of t: 1

Epoch 5 Summary | LR: 0.000500 | Time: 309.74
Train Loss: 0.1683 | Train Acc: 95.15%
Val Loss: 0.1547 | Val Acc: 95.63%
--------------------------------------------------
  Selected Arms: []
  Arm Rewards: [0.0, 0.0, 0.0]
  Arm Counts: [1.0, 1.0, 1.0]
  Value of t: 1

Epoch 6 Summary | LR: 0.000600 | Time: 309.82
Train Loss: 0.1517 | Train Acc: 95.64%
Val Loss: 0.1504 | Val Acc: 95.80%
--------------------------------------------------
  Selected Arms: []
  Arm Rewards: [0.0, 0.0, 0.0]
  Arm Counts: [1.0, 1.0, 1.0]
  Value of t: 1

Epoch 7 Summary | LR: 0.000700 | Time: 309.75
Train Loss: 0.1407 | Train Acc: 95.97%
Val Loss: 0.1528 | Val Acc: 95.81%
--------------------------------------------------
No improvement for 1 epoch(s)
  Selected Arms: []
  Arm Rewards: [0.0, 0.0, 0.0]
  Arm Counts: [1.0, 1.0, 1.0]
  Value of t: 1

Epoch 8 Summary | LR: 0.000800 | Time: 309.70
Train Loss: 0.1330 | Train Acc: 96.22%
Val Loss: 0.1750 | Val Acc: 95.04%
--------------------------------------------------
No improvement for 2 epoch(s)
  Selected Arms: []
  Arm Rewards: [0.0, 0.0, 0.0]
  Arm Counts: [1.0, 1.0, 1.0]
  Value of t: 1

Epoch 9 Summary | LR: 0.000900 | Time: 309.72
Train Loss: 0.1274 | Train Acc: 96.37%
Val Loss: 0.1560 | Val Acc: 95.72%
--------------------------------------------------
No improvement for 3 epoch(s)
  Selected Arms: []
  Arm Rewards: [0.0, 0.0, 0.0]
  Arm Counts: [1.0, 1.0, 1.0]
  Value of t: 1

Epoch 10 Summary | LR: 0.001000 | Time: 309.80
Train Loss: 0.1269 | Train Acc: 96.30%
Val Loss: 0.1554 | Val Acc: 95.86%
--------------------------------------------------
No improvement for 4 epoch(s)
  Selected Arms: []
  Arm Rewards: [0.0, 0.0, 0.0]
  Arm Counts: [1.0, 1.0, 1.0]
  Value of t: 1

Epoch 11 Summary | LR: 0.001000 | Time: 311.51
Train Loss: 0.1238 | Train Acc: 96.40%
Val Loss: 0.2131 | Val Acc: 94.36%
--------------------------------------------------
No improvement for 5 epoch(s)
  Selected Arms: []
  Arm Rewards: [0.0, 0.0, 0.0]
  Arm Counts: [1.0, 1.0, 1.0]
  Value of t: 1

Epoch 12 Summary | LR: 0.001000 | Time: 311.47
Train Loss: 0.1158 | Train Acc: 96.62%
Val Loss: 0.1555 | Val Acc: 95.72%
--------------------------------------------------
No improvement for 6 epoch(s)
  Selected Arms: []
  Arm Rewards: [0.0, 0.0, 0.0]
  Arm Counts: [1.0, 1.0, 1.0]
  Value of t: 1

Epoch 13 Summary | LR: 0.001000 | Time: 311.49
Train Loss: 0.1059 | Train Acc: 96.99%
Val Loss: 0.1638 | Val Acc: 95.53%
--------------------------------------------------
No improvement for 7 epoch(s)
Early stopping triggered after 13 epochs.
Total training time far: 4031.94 seconds
Average time per epoch: 310.15 seconds
