Job started at Fri Jul 11 09:55:53 IST 2025
Training on pets
Using device: cuda
============================================================
Vision Transformer Fine-tuning on Pets
============================================================
Loading dataset...
Dataset loaded: 3680 train samples, 3669 val samples
Number of classes: 37

Creating ViT model for 37 classes...
PEFT config: PacaConfig(peft_type=<PeftType.PACA: 'PACA'>, auto_mapping=None, base_model_name_or_path=None, revision=None, task_type=<TaskType.FEATURE_EXTRACTION: 'FEATURE_EXTRACTION'>, inference_mode=False, r=48, target_modules={'out_proj', 'mlp.0', 'mlp.3'}, paca_alpha=96, fan_in_fan_out=False, bias='all', modules_to_save=['head'], layers_to_transform=None, layers_pattern=None, rank_pattern={}, alpha_pattern={}, megatron_config=None, megatron_core='megatron.core', layer_replication=None, gradient_accumulation_steps=1, steps_per_epoch=58, arm_distribution='horizontal', num_arms=3, num_arms_to_select=1, ucb_alpha=6, use_fixed_indices=False)
Total parameters: 149,556,554
Trainable parameters: 2,757,194 (1.84%)
Frozen parameters: 146,799,360 (98.16%)
Fine tuning VMamba using UCB-based PaCA:
Calculating initial validation accuracy...
Initial Val Acc: 2.83%
  Selected Arms: [0]
  Arm Rewards: [0.0, 0.0, 0.0]
  Arm Counts: [2.0, 1.0, 1.0]
  Value of t: 2
  UCB Scores: [7.064460277557373, 7.064460277557373, 7.064460277557373]

Epoch 1 Summary | LR: 0.000100 | Time: 30.19
Train Loss: 3.6613 | Train Acc: 3.18%
Val Loss: 3.6688 | Val Acc: 2.83%
--------------------------------------------------
  Selected Arms: [0]
  Arm Rewards: [29.8173885345459, 0.0, 0.0]
  Arm Counts: [3.0, 1.0, 1.0]
  Value of t: 3
  UCB Scores: [21.19757652282715, 8.89382266998291, 8.89382266998291]

Epoch 2 Summary | LR: 0.000200 | Time: 30.25
Train Loss: 3.3851 | Train Acc: 15.05%
Val Loss: 2.9998 | Val Acc: 32.65%
--------------------------------------------------
  Selected Arms: [0]
  Arm Rewards: [80.1580810546875, 0.0, 0.0]
  Arm Counts: [4.0, 1.0, 1.0]
  Value of t: 4
  UCB Scores: [32.48746871948242, 9.990654945373535, 9.990654945373535]

Epoch 3 Summary | LR: 0.000300 | Time: 30.35
Train Loss: 1.9433 | Train Acc: 67.28%
Val Loss: 1.1777 | Val Acc: 82.99%
--------------------------------------------------
  Selected Arms: [0]
  Arm Rewards: [85.79994201660156, 0.0, 0.0]
  Arm Counts: [5.0, 1.0, 1.0]
  Value of t: 5
  UCB Scores: [26.832353591918945, 10.764735221862793, 10.764735221862793]

Epoch 4 Summary | LR: 0.000400 | Time: 30.25
Train Loss: 0.7229 | Train Acc: 89.43%
Val Loss: 0.5777 | Val Acc: 88.63%
--------------------------------------------------
  Selected Arms: [0]
  Arm Rewards: [85.39111328125, 0.0, 0.0]
  Arm Counts: [6.0, 1.0, 1.0]
  Value of t: 6
  UCB Scores: [22.157724380493164, 11.358110427856445, 11.358110427856445]

Epoch 5 Summary | LR: 0.000500 | Time: 30.48
Train Loss: 0.3350 | Train Acc: 95.00%
Val Loss: 0.4512 | Val Acc: 88.23%
--------------------------------------------------
  Selected Arms: [0]
  Arm Rewards: [87.95311737060547, 0.0, 0.0]
  Arm Counts: [7.0, 1.0, 1.0]
  Value of t: 7
  UCB Scores: [19.491132736206055, 11.836618423461914, 11.836618423461914]

Epoch 6 Summary | LR: 0.000600 | Time: 30.23
Train Loss: 0.1783 | Train Acc: 97.83%
Val Loss: 0.3561 | Val Acc: 90.79%
--------------------------------------------------
  Selected Arms: [0]
  Arm Rewards: [86.29054260253906, 0.0, 0.0]
  Arm Counts: [8.0, 1.0, 1.0]
  Value of t: 8
  UCB Scores: [16.951995849609375, 12.236003875732422, 12.236003875732422]

Epoch 7 Summary | LR: 0.000700 | Time: 30.10
Train Loss: 0.0926 | Train Acc: 98.97%
Val Loss: 0.3667 | Val Acc: 89.13%
--------------------------------------------------
No improvement for 1 epoch(s)
  Selected Arms: [0]
  Arm Rewards: [86.99918365478516, 0.0, 0.0]
  Arm Counts: [9.0, 1.0, 1.0]
  Value of t: 9
  UCB Scores: [15.321809768676758, 12.577764511108398, 12.577764511108398]

Epoch 8 Summary | LR: 0.000800 | Time: 30.13
Train Loss: 0.0619 | Train Acc: 99.29%
Val Loss: 0.3703 | Val Acc: 89.83%
--------------------------------------------------
No improvement for 2 epoch(s)
  Selected Arms: [0]
  Arm Rewards: [87.57154846191406, 0.0, 0.0]
  Arm Counts: [10.0, 1.0, 1.0]
  Value of t: 10
  UCB Scores: [14.022104263305664, 12.8757963180542, 12.8757963180542]

Epoch 9 Summary | LR: 0.000900 | Time: 30.12
Train Loss: 0.1352 | Train Acc: 97.20%
Val Loss: 0.3432 | Val Acc: 90.41%
--------------------------------------------------
  Selected Arms: [1]
  Arm Rewards: [84.19187927246094, 0.0, 0.0]
  Arm Counts: [10.0, 2.0, 1.0]
  Value of t: 11
  UCB Scores: [12.574287414550781, 13.139575958251953, 13.139575958251953]

Epoch 10 Summary | LR: 0.001000 | Time: 30.10
Train Loss: 0.1264 | Train Acc: 97.74%
Val Loss: 0.4680 | Val Acc: 87.03%
--------------------------------------------------
No improvement for 1 epoch(s)
  Selected Arms: [2]
  Arm Rewards: [84.19187927246094, -0.572363018989563, 0.0]
  Arm Counts: [10.0, 2.0, 2.0]
  Value of t: 12
  UCB Scores: [12.649003028869629, 9.17197036743164, 13.375846862792969]

Epoch 11 Summary | LR: 0.001000 | Time: 30.35
Train Loss: 0.0624 | Train Acc: 99.02%
Val Loss: 0.4800 | Val Acc: 86.45%
--------------------------------------------------
No improvement for 2 epoch(s)
  Selected Arms: [0]
  Arm Rewards: [84.19187927246094, -0.572363018989563, 2.4802398681640625]
  Arm Counts: [11.0, 2.0, 2.0]
  Value of t: 13
  UCB Scores: [12.71658706665039, 9.323094367980957, 10.849395751953125]

Epoch 12 Summary | LR: 0.001000 | Time: 30.30
Train Loss: 0.1036 | Train Acc: 97.72%
Val Loss: 0.4031 | Val Acc: 88.93%
--------------------------------------------------
No improvement for 3 epoch(s)
  Selected Arms: [0]
  Arm Rewards: [82.77459716796875, -0.572363018989563, 2.4802398681640625]
  Arm Counts: [12.0, 2.0, 2.0]
  Value of t: 14
  UCB Scores: [11.681142807006836, 9.46092414855957, 10.987225532531738]

Epoch 13 Summary | LR: 0.001000 | Time: 30.30
Train Loss: 0.0703 | Train Acc: 98.75%
Val Loss: 0.4335 | Val Acc: 87.52%
--------------------------------------------------
No improvement for 4 epoch(s)
  Selected Arms: [2]
  Arm Rewards: [83.8920669555664, -0.572363018989563, 2.4802398681640625]
  Arm Counts: [12.0, 2.0, 3.0]
  Value of t: 15
  UCB Scores: [11.021924018859863, 9.58751106262207, 11.113812446594238]

Epoch 14 Summary | LR: 0.001000 | Time: 30.34
Train Loss: 0.0254 | Train Acc: 99.73%
Val Loss: 0.4080 | Val Acc: 88.63%
--------------------------------------------------
No improvement for 5 epoch(s)
  Selected Arms: [0]
  Arm Rewards: [83.8920669555664, -0.572363018989563, 2.9980921745300293]
  Arm Counts: [13.0, 2.0, 3.0]
  Value of t: 16
  UCB Scores: [11.069673538208008, 9.704473495483398, 9.156700134277344]

Epoch 15 Summary | LR: 0.001000 | Time: 30.33
Train Loss: 0.0245 | Train Acc: 99.51%
Val Loss: 0.4106 | Val Acc: 89.15%
--------------------------------------------------
No improvement for 6 epoch(s)
  Selected Arms: [0]
  Arm Rewards: [84.19187927246094, -0.572363018989563, 2.9980921745300293]
  Arm Counts: [14.0, 2.0, 3.0]
  Value of t: 17
  UCB Scores: [10.437566757202148, 9.813109397888184, 9.245400428771973]

Epoch 16 Summary | LR: 0.001000 | Time: 30.31
Train Loss: 0.0228 | Train Acc: 99.67%
Val Loss: 0.4210 | Val Acc: 89.45%
--------------------------------------------------
No improvement for 7 epoch(s)
Early stopping triggered after 16 epochs.
Total training time far: 484.12 seconds
Average time per epoch: 30.26 seconds

Creating ViT model for 37 classes...
Total parameters: 149,556,554
Trainable parameters: 2,757,194 (1.84%)
Frozen parameters: 146,799,360 (98.16%)
Using device: cuda
============================================================
Vision Transformer Fine-tuning on Pets
============================================================
Loading dataset...
Dataset loaded: 3680 train samples, 3669 val samples
Number of classes: 37

Creating ViT model for 37 classes...
PEFT config: PacaConfig(peft_type=<PeftType.PACA: 'PACA'>, auto_mapping=None, base_model_name_or_path=None, revision=None, task_type=<TaskType.FEATURE_EXTRACTION: 'FEATURE_EXTRACTION'>, inference_mode=False, r=48, target_modules={'mlp.3', 'mlp.0', 'out_proj'}, paca_alpha=96, fan_in_fan_out=False, bias='all', modules_to_save=['head'], layers_to_transform=None, layers_pattern=None, rank_pattern={}, alpha_pattern={}, megatron_config=None, megatron_core='megatron.core', layer_replication=None, gradient_accumulation_steps=1, steps_per_epoch=58, arm_distribution='horizontal', num_arms=3, num_arms_to_select=1, ucb_alpha=6, use_fixed_indices=False)
Total parameters: 149,556,554
Trainable parameters: 2,757,194 (1.84%)
Frozen parameters: 146,799,360 (98.16%)
Fine tuning VMamba using UCB-based PaCA:
Calculating initial validation accuracy...
Initial Val Acc: 2.83%
  Selected Arms: [0]
  Arm Rewards: [0.0, 0.0, 0.0]
  Arm Counts: [2.0, 1.0, 1.0]
  Value of t: 2
  UCB Scores: [7.064460277557373, 7.064460277557373, 7.064460277557373]

Epoch 1 Summary | LR: 0.000100 | Time: 30.09
Train Loss: 3.6613 | Train Acc: 3.18%
Val Loss: 3.6688 | Val Acc: 2.83%
--------------------------------------------------
  Selected Arms: [0]
  Arm Rewards: [29.8173885345459, 0.0, 0.0]
  Arm Counts: [3.0, 1.0, 1.0]
  Value of t: 3
  UCB Scores: [21.19757652282715, 8.89382266998291, 8.89382266998291]

Epoch 2 Summary | LR: 0.000200 | Time: 30.20
Train Loss: 3.3851 | Train Acc: 15.05%
Val Loss: 2.9998 | Val Acc: 32.65%
--------------------------------------------------
  Selected Arms: [0]
  Arm Rewards: [80.1580810546875, 0.0, 0.0]
  Arm Counts: [4.0, 1.0, 1.0]
  Value of t: 4
  UCB Scores: [32.48746871948242, 9.990654945373535, 9.990654945373535]

Epoch 3 Summary | LR: 0.000300 | Time: 30.16
Train Loss: 1.9433 | Train Acc: 67.28%
Val Loss: 1.1777 | Val Acc: 82.99%
--------------------------------------------------
  Selected Arms: [0]
  Arm Rewards: [85.79994201660156, 0.0, 0.0]
  Arm Counts: [5.0, 1.0, 1.0]
  Value of t: 5
  UCB Scores: [26.832353591918945, 10.764735221862793, 10.764735221862793]

Epoch 4 Summary | LR: 0.000400 | Time: 30.19
Train Loss: 0.7229 | Train Acc: 89.43%
Val Loss: 0.5777 | Val Acc: 88.63%
--------------------------------------------------
  Selected Arms: [0]
  Arm Rewards: [85.39111328125, 0.0, 0.0]
  Arm Counts: [6.0, 1.0, 1.0]
  Value of t: 6
  UCB Scores: [22.157724380493164, 11.358110427856445, 11.358110427856445]

Epoch 5 Summary | LR: 0.000500 | Time: 30.17
Train Loss: 0.3350 | Train Acc: 95.00%
Val Loss: 0.4512 | Val Acc: 88.23%
--------------------------------------------------
  Selected Arms: [0]
  Arm Rewards: [87.95311737060547, 0.0, 0.0]
  Arm Counts: [7.0, 1.0, 1.0]
  Value of t: 7
  UCB Scores: [19.491132736206055, 11.836618423461914, 11.836618423461914]

Epoch 6 Summary | LR: 0.000600 | Time: 30.15
Train Loss: 0.1783 | Train Acc: 97.83%
Val Loss: 0.3561 | Val Acc: 90.79%
--------------------------------------------------
  Selected Arms: [0]
  Arm Rewards: [86.29054260253906, 0.0, 0.0]
  Arm Counts: [8.0, 1.0, 1.0]
  Value of t: 8
  UCB Scores: [16.951995849609375, 12.236003875732422, 12.236003875732422]

Epoch 7 Summary | LR: 0.000700 | Time: 30.19
Train Loss: 0.0926 | Train Acc: 98.97%
Val Loss: 0.3667 | Val Acc: 89.13%
--------------------------------------------------
No improvement for 1 epoch(s)
  Selected Arms: [0]
  Arm Rewards: [86.99918365478516, 0.0, 0.0]
  Arm Counts: [9.0, 1.0, 1.0]
  Value of t: 9
  UCB Scores: [15.321809768676758, 12.577764511108398, 12.577764511108398]

Epoch 8 Summary | LR: 0.000800 | Time: 30.19
Train Loss: 0.0619 | Train Acc: 99.29%
Val Loss: 0.3702 | Val Acc: 89.83%
--------------------------------------------------
No improvement for 2 epoch(s)
  Selected Arms: [0]
  Arm Rewards: [87.57154846191406, 0.0, 0.0]
  Arm Counts: [10.0, 1.0, 1.0]
  Value of t: 10
  UCB Scores: [14.022104263305664, 12.8757963180542, 12.8757963180542]

Epoch 9 Summary | LR: 0.000900 | Time: 30.25
Train Loss: 0.1352 | Train Acc: 97.20%
Val Loss: 0.3431 | Val Acc: 90.41%
--------------------------------------------------
  Selected Arms: [1]
  Arm Rewards: [84.0828628540039, 0.0, 0.0]
  Arm Counts: [10.0, 2.0, 1.0]
  Value of t: 11
  UCB Scores: [12.563385009765625, 13.139575958251953, 13.139575958251953]

Epoch 10 Summary | LR: 0.001000 | Time: 30.21
Train Loss: 0.1264 | Train Acc: 97.74%
Val Loss: 0.4687 | Val Acc: 86.92%
--------------------------------------------------
No improvement for 1 epoch(s)
  Selected Arms: [2]
  Arm Rewards: [84.0828628540039, 0.9539384245872498, 0.0]
  Arm Counts: [10.0, 2.0, 2.0]
  Value of t: 12
  UCB Scores: [12.638100624084473, 9.935121536254883, 13.375846862792969]

Epoch 11 Summary | LR: 0.001000 | Time: 30.42
Train Loss: 0.0666 | Train Acc: 98.91%
Val Loss: 0.4331 | Val Acc: 87.87%
--------------------------------------------------
No improvement for 2 epoch(s)
  Selected Arms: [0]
  Arm Rewards: [84.0828628540039, 0.9539384245872498, -1.4172799587249756]
  Arm Counts: [11.0, 2.0, 2.0]
  Value of t: 13
  UCB Scores: [12.705684661865234, 10.086244583129883, 8.900635719299316]

Epoch 12 Summary | LR: 0.001000 | Time: 30.29
Train Loss: 0.1641 | Train Acc: 96.14%
Val Loss: 0.4696 | Val Acc: 86.45%
--------------------------------------------------
No improvement for 3 epoch(s)
  Selected Arms: [0]
  Arm Rewards: [86.61761474609375, 0.9539384245872498, -1.4172799587249756]
  Arm Counts: [12.0, 2.0, 2.0]
  Value of t: 14
  UCB Scores: [12.030508041381836, 10.224074363708496, 9.03846549987793]

Epoch 13 Summary | LR: 0.001000 | Time: 30.32
Train Loss: 0.0668 | Train Acc: 98.67%
Val Loss: 0.4045 | Val Acc: 88.99%
--------------------------------------------------
No improvement for 4 epoch(s)
  Selected Arms: [0]
  Arm Rewards: [85.22759246826172, 0.9539384245872498, -1.4172799587249756]
  Arm Counts: [13.0, 2.0, 2.0]
  Value of t: 15
  UCB Scores: [11.133217811584473, 10.350662231445312, 9.16505241394043]

Epoch 14 Summary | LR: 0.001000 | Time: 30.32
Train Loss: 0.0631 | Train Acc: 98.83%
Val Loss: 0.4399 | Val Acc: 87.60%
--------------------------------------------------
No improvement for 5 epoch(s)
  Selected Arms: [0]
  Arm Rewards: [85.30935668945312, 0.9539384245872498, -1.4172799587249756]
  Arm Counts: [14.0, 2.0, 2.0]
  Value of t: 16
  UCB Scores: [10.480916023254395, 10.46762466430664, 9.282015800476074]

Epoch 15 Summary | LR: 0.001000 | Time: 30.35
Train Loss: 0.1149 | Train Acc: 97.72%
Val Loss: 0.4562 | Val Acc: 87.68%
--------------------------------------------------
No improvement for 6 epoch(s)
  Selected Arms: [1]
  Arm Rewards: [85.09131622314453, 0.9539384245872498, -1.4172799587249756]
  Arm Counts: [14.0, 3.0, 2.0]
  Value of t: 17
  UCB Scores: [9.895124435424805, 10.576260566711426, 9.390650749206543]

Epoch 16 Summary | LR: 0.001000 | Time: 30.33
Train Loss: 0.0442 | Train Acc: 99.35%
Val Loss: 0.4957 | Val Acc: 87.46%
--------------------------------------------------
No improvement for 7 epoch(s)
Early stopping triggered after 16 epochs.
Total training time far: 483.85 seconds
Average time per epoch: 30.24 seconds

Creating ViT model for 37 classes...
Total parameters: 149,556,554
Trainable parameters: 2,757,194 (1.84%)
Frozen parameters: 146,799,360 (98.16%)
Using device: cuda
============================================================
Vision Transformer Fine-tuning on Pets
============================================================
Loading dataset...
Dataset loaded: 3680 train samples, 3669 val samples
Number of classes: 37

Creating ViT model for 37 classes...
PEFT config: PacaConfig(peft_type=<PeftType.PACA: 'PACA'>, auto_mapping=None, base_model_name_or_path=None, revision=None, task_type=<TaskType.FEATURE_EXTRACTION: 'FEATURE_EXTRACTION'>, inference_mode=False, r=48, target_modules={'mlp.0', 'out_proj', 'mlp.3'}, paca_alpha=96, fan_in_fan_out=False, bias='all', modules_to_save=['head'], layers_to_transform=None, layers_pattern=None, rank_pattern={}, alpha_pattern={}, megatron_config=None, megatron_core='megatron.core', layer_replication=None, gradient_accumulation_steps=1, steps_per_epoch=58, arm_distribution='horizontal', num_arms=3, num_arms_to_select=1, ucb_alpha=6, use_fixed_indices=False)
Total parameters: 149,556,554
Trainable parameters: 2,757,194 (1.84%)
Frozen parameters: 146,799,360 (98.16%)
Fine tuning VMamba using UCB-based PaCA:
Calculating initial validation accuracy...
Initial Val Acc: 2.83%
  Selected Arms: [0]
  Arm Rewards: [0.0, 0.0, 0.0]
  Arm Counts: [2.0, 1.0, 1.0]
  Value of t: 2
  UCB Scores: [7.064460277557373, 7.064460277557373, 7.064460277557373]

Epoch 1 Summary | LR: 0.000100 | Time: 30.20
Train Loss: 3.6613 | Train Acc: 3.18%
Val Loss: 3.6688 | Val Acc: 2.83%
--------------------------------------------------
  Selected Arms: [0]
  Arm Rewards: [29.8173885345459, 0.0, 0.0]
  Arm Counts: [3.0, 1.0, 1.0]
  Value of t: 3
  UCB Scores: [21.19757652282715, 8.89382266998291, 8.89382266998291]

Epoch 2 Summary | LR: 0.000200 | Time: 30.21
Train Loss: 3.3851 | Train Acc: 15.05%
Val Loss: 2.9998 | Val Acc: 32.65%
--------------------------------------------------
  Selected Arms: [0]
  Arm Rewards: [80.1580810546875, 0.0, 0.0]
  Arm Counts: [4.0, 1.0, 1.0]
  Value of t: 4
  UCB Scores: [32.48746871948242, 9.990654945373535, 9.990654945373535]

Epoch 3 Summary | LR: 0.000300 | Time: 30.19
Train Loss: 1.9433 | Train Acc: 67.28%
Val Loss: 1.1777 | Val Acc: 82.99%
--------------------------------------------------
  Selected Arms: [0]
  Arm Rewards: [85.79994201660156, 0.0, 0.0]
  Arm Counts: [5.0, 1.0, 1.0]
  Value of t: 5
  UCB Scores: [26.832353591918945, 10.764735221862793, 10.764735221862793]

Epoch 4 Summary | LR: 0.000400 | Time: 30.22
Train Loss: 0.7229 | Train Acc: 89.43%
Val Loss: 0.5777 | Val Acc: 88.63%
--------------------------------------------------
  Selected Arms: [0]
  Arm Rewards: [85.39111328125, 0.0, 0.0]
  Arm Counts: [6.0, 1.0, 1.0]
  Value of t: 6
  UCB Scores: [22.157724380493164, 11.358110427856445, 11.358110427856445]

Epoch 5 Summary | LR: 0.000500 | Time: 30.25
Train Loss: 0.3350 | Train Acc: 95.00%
Val Loss: 0.4512 | Val Acc: 88.23%
--------------------------------------------------
  Selected Arms: [0]
  Arm Rewards: [87.95311737060547, 0.0, 0.0]
  Arm Counts: [7.0, 1.0, 1.0]
  Value of t: 7
  UCB Scores: [19.491132736206055, 11.836618423461914, 11.836618423461914]

Epoch 6 Summary | LR: 0.000600 | Time: 30.23
Train Loss: 0.1783 | Train Acc: 97.83%
Val Loss: 0.3561 | Val Acc: 90.79%
--------------------------------------------------
  Selected Arms: [0]
  Arm Rewards: [86.29054260253906, 0.0, 0.0]
  Arm Counts: [8.0, 1.0, 1.0]
  Value of t: 8
  UCB Scores: [16.951995849609375, 12.236003875732422, 12.236003875732422]

Epoch 7 Summary | LR: 0.000700 | Time: 30.25
Train Loss: 0.0926 | Train Acc: 98.97%
Val Loss: 0.3667 | Val Acc: 89.13%
--------------------------------------------------
No improvement for 1 epoch(s)
  Selected Arms: [0]
  Arm Rewards: [86.99918365478516, 0.0, 0.0]
  Arm Counts: [9.0, 1.0, 1.0]
  Value of t: 9
  UCB Scores: [15.321809768676758, 12.577764511108398, 12.577764511108398]

Epoch 8 Summary | LR: 0.000800 | Time: 30.27
Train Loss: 0.0619 | Train Acc: 99.29%
Val Loss: 0.3702 | Val Acc: 89.83%
--------------------------------------------------
No improvement for 2 epoch(s)
  Selected Arms: [0]
  Arm Rewards: [87.57154846191406, 0.0, 0.0]
  Arm Counts: [10.0, 1.0, 1.0]
  Value of t: 10
  UCB Scores: [14.022104263305664, 12.8757963180542, 12.8757963180542]

Epoch 9 Summary | LR: 0.000900 | Time: 30.29
Train Loss: 0.1352 | Train Acc: 97.17%
Val Loss: 0.3431 | Val Acc: 90.41%
--------------------------------------------------
  Selected Arms: [1]
  Arm Rewards: [84.11011505126953, 0.0, 0.0]
  Arm Counts: [10.0, 2.0, 1.0]
  Value of t: 11
  UCB Scores: [12.566110610961914, 13.139575958251953, 13.139575958251953]

Epoch 10 Summary | LR: 0.001000 | Time: 30.23
Train Loss: 0.1263 | Train Acc: 97.77%
Val Loss: 0.4685 | Val Acc: 86.94%
--------------------------------------------------
No improvement for 1 epoch(s)
  Selected Arms: [2]
  Arm Rewards: [84.11011505126953, 0.7086399793624878, 0.0]
  Arm Counts: [10.0, 2.0, 2.0]
  Value of t: 12
  UCB Scores: [12.640826225280762, 9.812472343444824, 13.375846862792969]

Epoch 11 Summary | LR: 0.001000 | Time: 30.57
Train Loss: 0.0809 | Train Acc: 98.53%
Val Loss: 0.4288 | Val Acc: 87.65%
--------------------------------------------------
No improvement for 2 epoch(s)
  Selected Arms: [0]
  Arm Rewards: [84.11011505126953, 0.7086399793624878, 0.1635323017835617]
  Arm Counts: [11.0, 2.0, 2.0]
  Value of t: 13
  UCB Scores: [12.708410263061523, 9.963595390319824, 9.691041946411133]

Epoch 12 Summary | LR: 0.001000 | Time: 30.43
Train Loss: 0.0965 | Train Acc: 98.12%
Val Loss: 0.4377 | Val Acc: 87.82%
--------------------------------------------------
No improvement for 3 epoch(s)
  Selected Arms: [0]
  Arm Rewards: [83.7285385131836, 0.7086399793624878, 0.1635323017835617]
  Arm Counts: [12.0, 2.0, 2.0]
  Value of t: 14
  UCB Scores: [11.767865180969238, 10.101425170898438, 9.828871726989746]

Epoch 13 Summary | LR: 0.001000 | Time: 30.31
Train Loss: 0.0448 | Train Acc: 99.29%
Val Loss: 0.4572 | Val Acc: 87.44%
--------------------------------------------------
No improvement for 4 epoch(s)
  Selected Arms: [0]
  Arm Rewards: [83.29244995117188, 0.7086399793624878, 0.1635323017835617]
  Arm Counts: [13.0, 2.0, 2.0]
  Value of t: 15
  UCB Scores: [10.971956253051758, 10.228013038635254, 9.955458641052246]

Epoch 14 Summary | LR: 0.001000 | Time: 30.38
Train Loss: 0.0849 | Train Acc: 98.23%
Val Loss: 0.5068 | Val Acc: 87.00%
--------------------------------------------------
No improvement for 5 epoch(s)
  Selected Arms: [1]
  Arm Rewards: [83.45598602294922, 0.7086399793624878, 0.1635323017835617]
  Arm Counts: [13.0, 3.0, 2.0]
  Value of t: 16
  UCB Scores: [10.338349342346191, 10.344975471496582, 10.072421073913574]

Epoch 15 Summary | LR: 0.001000 | Time: 30.41
Train Loss: 0.0860 | Train Acc: 98.07%
Val Loss: 0.4688 | Val Acc: 87.16%
--------------------------------------------------
No improvement for 6 epoch(s)
  Selected Arms: [0]
  Arm Rewards: [83.45598602294922, 2.125919818878174, 0.1635323017835617]
  Arm Counts: [14.0, 3.0, 2.0]
  Value of t: 17
  UCB Scores: [10.380959510803223, 8.954676628112793, 10.18105697631836]

Epoch 16 Summary | LR: 0.001000 | Time: 30.34
Train Loss: 0.0619 | Train Acc: 98.80%
Val Loss: 0.4344 | Val Acc: 88.58%
--------------------------------------------------
No improvement for 7 epoch(s)
Early stopping triggered after 16 epochs.
Total training time far: 484.79 seconds
Average time per epoch: 30.30 seconds

Creating ViT model for 37 classes...
Total parameters: 149,556,554
Trainable parameters: 2,757,194 (1.84%)
Frozen parameters: 146,799,360 (98.16%)
Training on caltech
Using device: cuda
============================================================
Vision Transformer Fine-tuning on Caltech-101
============================================================
Loading dataset...
Dataset loaded: 9144 samples across 102 classes
Classes: ['BACKGROUND_Google', 'Faces', 'Faces_easy', 'Leopards', 'Motorbikes', 'accordion', 'airplanes', 'anchor', 'ant', 'barrel']...

Creating ViT model for 102 classes...
PEFT config: PacaConfig(peft_type=<PeftType.PACA: 'PACA'>, auto_mapping=None, base_model_name_or_path=None, revision=None, task_type=<TaskType.FEATURE_EXTRACTION: 'FEATURE_EXTRACTION'>, inference_mode=False, r=48, target_modules={'mlp.3', 'mlp.0', 'out_proj'}, paca_alpha=96, fan_in_fan_out=False, bias='all', modules_to_save=['head'], layers_to_transform=None, layers_pattern=None, rank_pattern={}, alpha_pattern={}, megatron_config=None, megatron_core='megatron.core', layer_replication=None, gradient_accumulation_steps=1, steps_per_epoch=115, arm_distribution='horizontal', num_arms=3, num_arms_to_select=1, ucb_alpha=6, use_fixed_indices=False)
Fine tuning VMamba using UCB-based PaCA:
Calculating initial validation accuracy...
Initial Val Acc: 0.82%
  Selected Arms: [0]
  Arm Rewards: [0.0, 0.0, 0.0]
  Arm Counts: [2.0, 1.0, 1.0]
  Value of t: 2
  UCB Scores: [7.064460277557373, 7.064460277557373, 7.064460277557373]

Epoch 1 Summary | LR: 0.000100 | Time: 47.08
Train Loss: 4.7097 | Train Acc: 1.01%
Val Loss: 4.7112 | Val Acc: 0.82%
--------------------------------------------------
  Selected Arms: [0]
  Arm Rewards: [37.670860290527344, 0.0, 0.0]
  Arm Counts: [3.0, 1.0, 1.0]
  Value of t: 3
  UCB Scores: [25.124313354492188, 8.89382266998291, 8.89382266998291]

Epoch 2 Summary | LR: 0.000200 | Time: 47.12
Train Loss: 3.7684 | Train Acc: 22.68%
Val Loss: 3.0663 | Val Acc: 38.49%
--------------------------------------------------
  Selected Arms: [0]
  Arm Rewards: [78.89556884765625, 0.0, 0.0]
  Arm Counts: [4.0, 1.0, 1.0]
  Value of t: 4
  UCB Scores: [32.06663131713867, 9.990654945373535, 9.990654945373535]

Epoch 3 Summary | LR: 0.000300 | Time: 47.17
Train Loss: 2.1068 | Train Acc: 63.10%
Val Loss: 1.4032 | Val Acc: 79.72%
--------------------------------------------------
  Selected Arms: [0]
  Arm Rewards: [89.72116088867188, 0.0, 0.0]
  Arm Counts: [5.0, 1.0, 1.0]
  Value of t: 5
  UCB Scores: [27.812658309936523, 10.764735221862793, 10.764735221862793]

Epoch 4 Summary | LR: 0.000400 | Time: 47.19
Train Loss: 0.9312 | Train Acc: 88.68%
Val Loss: 0.7142 | Val Acc: 90.54%
--------------------------------------------------
  Selected Arms: [0]
  Arm Rewards: [93.16566467285156, 0.0, 0.0]
  Arm Counts: [6.0, 1.0, 1.0]
  Value of t: 6
  UCB Scores: [23.712635040283203, 11.358110427856445, 11.358110427856445]

Epoch 5 Summary | LR: 0.000500 | Time: 47.15
Train Loss: 0.4306 | Train Acc: 95.99%
Val Loss: 0.4456 | Val Acc: 93.99%
--------------------------------------------------
  Selected Arms: [0]
  Arm Rewards: [93.27501678466797, 0.0, 0.0]
  Arm Counts: [7.0, 1.0, 1.0]
  Value of t: 7
  UCB Scores: [20.378114700317383, 11.836618423461914, 11.836618423461914]

Epoch 6 Summary | LR: 0.000600 | Time: 47.12
Train Loss: 0.2144 | Train Acc: 98.35%
Val Loss: 0.3582 | Val Acc: 94.10%
--------------------------------------------------
  Selected Arms: [0]
  Arm Rewards: [92.94696807861328, 0.0, 0.0]
  Arm Counts: [8.0, 1.0, 1.0]
  Value of t: 8
  UCB Scores: [17.90291404724121, 12.236003875732422, 12.236003875732422]

Epoch 7 Summary | LR: 0.000700 | Time: 47.18
Train Loss: 0.1139 | Train Acc: 99.25%
Val Loss: 0.3106 | Val Acc: 93.77%
--------------------------------------------------
  Selected Arms: [0]
  Arm Rewards: [93.22034454345703, 0.0, 0.0]
  Arm Counts: [9.0, 1.0, 1.0]
  Value of t: 9
  UCB Scores: [16.099454879760742, 12.577764511108398, 12.577764511108398]

Epoch 8 Summary | LR: 0.000800 | Time: 47.09
Train Loss: 0.1013 | Train Acc: 99.26%
Val Loss: 0.3113 | Val Acc: 94.04%
--------------------------------------------------
No improvement for 1 epoch(s)
  Selected Arms: [0]
  Arm Rewards: [93.8764419555664, 0.0, 0.0]
  Arm Counts: [10.0, 1.0, 1.0]
  Value of t: 10
  UCB Scores: [14.722647666931152, 12.8757963180542, 12.8757963180542]

Epoch 9 Summary | LR: 0.000900 | Time: 47.08
Train Loss: 0.0517 | Train Acc: 99.66%
Val Loss: 0.2528 | Val Acc: 94.70%
--------------------------------------------------
  Selected Arms: [0]
  Arm Rewards: [93.43904113769531, 0.0, 0.0]
  Arm Counts: [11.0, 1.0, 1.0]
  Value of t: 11
  UCB Scores: [13.499003410339355, 13.139575958251953, 13.139575958251953]

Epoch 10 Summary | LR: 0.001000 | Time: 47.12
Train Loss: 0.0365 | Train Acc: 99.88%
Val Loss: 0.2563 | Val Acc: 94.26%
--------------------------------------------------
No improvement for 1 epoch(s)
  Selected Arms: [1]
  Arm Rewards: [91.19738006591797, 0.0, 0.0]
  Arm Counts: [11.0, 2.0, 1.0]
  Value of t: 12
  UCB Scores: [12.323640823364258, 13.375846862792969, 13.375846862792969]

Epoch 11 Summary | LR: 0.001000 | Time: 47.35
Train Loss: 0.0433 | Train Acc: 99.63%
Val Loss: 0.3442 | Val Acc: 92.02%
--------------------------------------------------
No improvement for 2 epoch(s)
  Selected Arms: [2]
  Arm Rewards: [91.19738006591797, 1.9682886600494385, 0.0]
  Arm Counts: [11.0, 2.0, 2.0]
  Value of t: 13
  UCB Scores: [12.388080596923828, 10.593420028686523, 13.589568138122559]

Epoch 12 Summary | LR: 0.001000 | Time: 47.37
Train Loss: 0.1464 | Train Acc: 98.28%
Val Loss: 0.2574 | Val Acc: 93.99%
--------------------------------------------------
No improvement for 3 epoch(s)
  Selected Arms: [0]
  Arm Rewards: [91.19738006591797, 1.9682886600494385, -1.6949152946472168]
  Arm Counts: [12.0, 2.0, 2.0]
  Value of t: 14
  UCB Scores: [12.446850776672363, 10.731249809265137, 8.89964771270752]

Epoch 13 Summary | LR: 0.001000 | Time: 47.33
Train Loss: 0.1507 | Train Acc: 98.00%
Val Loss: 0.3686 | Val Acc: 92.29%
--------------------------------------------------
No improvement for 4 epoch(s)
  Selected Arms: [0]
  Arm Rewards: [90.81465911865234, 1.9682886600494385, -1.6949152946472168]
  Arm Counts: [13.0, 2.0, 2.0]
  Value of t: 15
  UCB Scores: [11.598806381225586, 10.857836723327637, 9.02623462677002]

Epoch 14 Summary | LR: 0.001000 | Time: 47.40
Train Loss: 0.1311 | Train Acc: 97.98%
Val Loss: 0.3778 | Val Acc: 91.91%
--------------------------------------------------
No improvement for 5 epoch(s)
  Selected Arms: [1]
  Arm Rewards: [91.41608428955078, 1.9682886600494385, -1.6949152946472168]
  Arm Counts: [13.0, 3.0, 2.0]
  Value of t: 16
  UCB Scores: [10.950664520263672, 10.974800109863281, 9.143198013305664]

Epoch 15 Summary | LR: 0.001000 | Time: 47.41
Train Loss: 0.0807 | Train Acc: 98.81%
Val Loss: 0.3296 | Val Acc: 92.51%
--------------------------------------------------
No improvement for 6 epoch(s)
  Selected Arms: [0]
  Arm Rewards: [91.41608428955078, 2.24166202545166, -1.6949152946472168]
  Arm Counts: [14.0, 3.0, 2.0]
  Value of t: 17
  UCB Scores: [10.993274688720703, 8.993257522583008, 9.251832962036133]

Epoch 16 Summary | LR: 0.001000 | Time: 47.45
Train Loss: 0.0653 | Train Acc: 99.14%
Val Loss: 0.3376 | Val Acc: 92.78%
--------------------------------------------------
No improvement for 7 epoch(s)
Early stopping triggered after 16 epochs.
Total training time far: 755.60 seconds
Average time per epoch: 47.23 seconds

Creating ViT model for 102 classes...
Total parameters: 149,656,524
Trainable parameters: 2,757,324 (1.84%)
Frozen parameters: 146,899,200 (98.16%)
Using device: cuda
============================================================
Vision Transformer Fine-tuning on Caltech-101
============================================================
Loading dataset...
Dataset loaded: 9144 samples across 102 classes
Classes: ['BACKGROUND_Google', 'Faces', 'Faces_easy', 'Leopards', 'Motorbikes', 'accordion', 'airplanes', 'anchor', 'ant', 'barrel']...

Creating ViT model for 102 classes...
PEFT config: PacaConfig(peft_type=<PeftType.PACA: 'PACA'>, auto_mapping=None, base_model_name_or_path=None, revision=None, task_type=<TaskType.FEATURE_EXTRACTION: 'FEATURE_EXTRACTION'>, inference_mode=False, r=48, target_modules={'out_proj', 'mlp.3', 'mlp.0'}, paca_alpha=96, fan_in_fan_out=False, bias='all', modules_to_save=['head'], layers_to_transform=None, layers_pattern=None, rank_pattern={}, alpha_pattern={}, megatron_config=None, megatron_core='megatron.core', layer_replication=None, gradient_accumulation_steps=1, steps_per_epoch=115, arm_distribution='horizontal', num_arms=3, num_arms_to_select=1, ucb_alpha=6, use_fixed_indices=False)
Fine tuning VMamba using UCB-based PaCA:
Calculating initial validation accuracy...
Initial Val Acc: 0.82%
  Selected Arms: [0]
  Arm Rewards: [0.0, 0.0, 0.0]
  Arm Counts: [2.0, 1.0, 1.0]
  Value of t: 2
  UCB Scores: [7.064460277557373, 7.064460277557373, 7.064460277557373]

Epoch 1 Summary | LR: 0.000100 | Time: 47.13
Train Loss: 4.7097 | Train Acc: 1.01%
Val Loss: 4.7112 | Val Acc: 0.82%
--------------------------------------------------
  Selected Arms: [0]
  Arm Rewards: [37.670860290527344, 0.0, 0.0]
  Arm Counts: [3.0, 1.0, 1.0]
  Value of t: 3
  UCB Scores: [25.124313354492188, 8.89382266998291, 8.89382266998291]

Epoch 2 Summary | LR: 0.000200 | Time: 47.16
Train Loss: 3.7684 | Train Acc: 22.68%
Val Loss: 3.0663 | Val Acc: 38.49%
--------------------------------------------------
  Selected Arms: [0]
  Arm Rewards: [78.89556884765625, 0.0, 0.0]
  Arm Counts: [4.0, 1.0, 1.0]
  Value of t: 4
  UCB Scores: [32.06663131713867, 9.990654945373535, 9.990654945373535]

Epoch 3 Summary | LR: 0.000300 | Time: 47.24
Train Loss: 2.1068 | Train Acc: 63.10%
Val Loss: 1.4032 | Val Acc: 79.72%
--------------------------------------------------
  Selected Arms: [0]
  Arm Rewards: [89.72116088867188, 0.0, 0.0]
  Arm Counts: [5.0, 1.0, 1.0]
  Value of t: 5
  UCB Scores: [27.812658309936523, 10.764735221862793, 10.764735221862793]

Epoch 4 Summary | LR: 0.000400 | Time: 47.28
Train Loss: 0.9312 | Train Acc: 88.68%
Val Loss: 0.7142 | Val Acc: 90.54%
--------------------------------------------------
  Selected Arms: [0]
  Arm Rewards: [93.16566467285156, 0.0, 0.0]
  Arm Counts: [6.0, 1.0, 1.0]
  Value of t: 6
  UCB Scores: [23.712635040283203, 11.358110427856445, 11.358110427856445]

Epoch 5 Summary | LR: 0.000500 | Time: 47.24
Train Loss: 0.4306 | Train Acc: 95.99%
Val Loss: 0.4456 | Val Acc: 93.99%
--------------------------------------------------
  Selected Arms: [0]
  Arm Rewards: [93.27501678466797, 0.0, 0.0]
  Arm Counts: [7.0, 1.0, 1.0]
  Value of t: 7
  UCB Scores: [20.378114700317383, 11.836618423461914, 11.836618423461914]

Epoch 6 Summary | LR: 0.000600 | Time: 47.28
Train Loss: 0.2144 | Train Acc: 98.35%
Val Loss: 0.3582 | Val Acc: 94.10%
--------------------------------------------------
  Selected Arms: [0]
  Arm Rewards: [92.94696807861328, 0.0, 0.0]
  Arm Counts: [8.0, 1.0, 1.0]
  Value of t: 8
  UCB Scores: [17.90291404724121, 12.236003875732422, 12.236003875732422]

Epoch 7 Summary | LR: 0.000700 | Time: 47.29
Train Loss: 0.1139 | Train Acc: 99.25%
Val Loss: 0.3106 | Val Acc: 93.77%
--------------------------------------------------
  Selected Arms: [0]
  Arm Rewards: [93.22034454345703, 0.0, 0.0]
  Arm Counts: [9.0, 1.0, 1.0]
  Value of t: 9
  UCB Scores: [16.099454879760742, 12.577764511108398, 12.577764511108398]

Epoch 8 Summary | LR: 0.000800 | Time: 47.25
Train Loss: 0.1013 | Train Acc: 99.26%
Val Loss: 0.3113 | Val Acc: 94.04%
--------------------------------------------------
No improvement for 1 epoch(s)
  Selected Arms: [0]
  Arm Rewards: [93.8764419555664, 0.0, 0.0]
  Arm Counts: [10.0, 1.0, 1.0]
  Value of t: 10
  UCB Scores: [14.722647666931152, 12.8757963180542, 12.8757963180542]

Epoch 9 Summary | LR: 0.000900 | Time: 47.26
Train Loss: 0.0517 | Train Acc: 99.66%
Val Loss: 0.2528 | Val Acc: 94.70%
--------------------------------------------------
  Selected Arms: [0]
  Arm Rewards: [93.43904113769531, 0.0, 0.0]
  Arm Counts: [11.0, 1.0, 1.0]
  Value of t: 11
  UCB Scores: [13.499003410339355, 13.139575958251953, 13.139575958251953]

Epoch 10 Summary | LR: 0.001000 | Time: 47.19
Train Loss: 0.0365 | Train Acc: 99.88%
Val Loss: 0.2563 | Val Acc: 94.26%
--------------------------------------------------
No improvement for 1 epoch(s)
  Selected Arms: [1]
  Arm Rewards: [92.94696807861328, 0.0, 0.0]
  Arm Counts: [11.0, 2.0, 1.0]
  Value of t: 12
  UCB Scores: [12.482693672180176, 13.375846862792969, 13.375846862792969]

Epoch 11 Summary | LR: 0.001000 | Time: 47.48
Train Loss: 0.0412 | Train Acc: 99.67%
Val Loss: 0.2917 | Val Acc: 93.77%
--------------------------------------------------
No improvement for 2 epoch(s)
  Selected Arms: [2]
  Arm Rewards: [92.94696807861328, 0.16402405500411987, 0.0]
  Arm Counts: [11.0, 2.0, 2.0]
  Value of t: 13
  UCB Scores: [12.547133445739746, 9.691287994384766, 13.589568138122559]

Epoch 12 Summary | LR: 0.001000 | Time: 47.40
Train Loss: 0.1570 | Train Acc: 97.94%
Val Loss: 0.3068 | Val Acc: 93.93%
--------------------------------------------------
No improvement for 3 epoch(s)
  Selected Arms: [0]
  Arm Rewards: [92.94696807861328, 0.16402405500411987, -0.9841443300247192]
  Arm Counts: [12.0, 2.0, 2.0]
  Value of t: 14
  UCB Scores: [12.605903625488281, 9.829117774963379, 9.255033493041992]

Epoch 13 Summary | LR: 0.001000 | Time: 47.41
Train Loss: 0.1305 | Train Acc: 98.13%
Val Loss: 0.3284 | Val Acc: 92.95%
--------------------------------------------------
No improvement for 4 epoch(s)
  Selected Arms: [0]
  Arm Rewards: [93.76708984375, 0.16402405500411987, -0.9841443300247192]
  Arm Counts: [13.0, 2.0, 2.0]
  Value of t: 15
  UCB Scores: [11.844842910766602, 9.955704689025879, 9.381620407104492]

Epoch 14 Summary | LR: 0.001000 | Time: 47.40
Train Loss: 0.0857 | Train Acc: 98.80%
Val Loss: 0.2975 | Val Acc: 93.77%
--------------------------------------------------
No improvement for 5 epoch(s)
  Selected Arms: [0]
  Arm Rewards: [92.07217407226562, 0.16402405500411987, -0.9841443300247192]
  Arm Counts: [14.0, 2.0, 2.0]
  Value of t: 16
  UCB Scores: [11.00113296508789, 10.072667121887207, 9.49858283996582]

Epoch 15 Summary | LR: 0.001000 | Time: 47.47
Train Loss: 0.0892 | Train Acc: 98.61%
Val Loss: 0.3476 | Val Acc: 92.07%
--------------------------------------------------
No improvement for 6 epoch(s)
  Selected Arms: [0]
  Arm Rewards: [93.6577377319336, 0.16402405500411987, -0.9841443300247192]
  Arm Counts: [15.0, 2.0, 2.0]
  Value of t: 17
  UCB Scores: [10.507012367248535, 10.181303024291992, 9.607218742370605]

Epoch 16 Summary | LR: 0.001000 | Time: 47.50
Train Loss: 0.0683 | Train Acc: 99.06%
Val Loss: 0.2790 | Val Acc: 93.66%
--------------------------------------------------
No improvement for 7 epoch(s)
Early stopping triggered after 16 epochs.
Total training time far: 756.97 seconds
Average time per epoch: 47.31 seconds

Creating ViT model for 102 classes...
Total parameters: 149,656,524
Trainable parameters: 2,757,324 (1.84%)
Frozen parameters: 146,899,200 (98.16%)
Using device: cuda
============================================================
Vision Transformer Fine-tuning on Caltech-101
============================================================
Loading dataset...
Dataset loaded: 9144 samples across 102 classes
Classes: ['BACKGROUND_Google', 'Faces', 'Faces_easy', 'Leopards', 'Motorbikes', 'accordion', 'airplanes', 'anchor', 'ant', 'barrel']...

Creating ViT model for 102 classes...
PEFT config: PacaConfig(peft_type=<PeftType.PACA: 'PACA'>, auto_mapping=None, base_model_name_or_path=None, revision=None, task_type=<TaskType.FEATURE_EXTRACTION: 'FEATURE_EXTRACTION'>, inference_mode=False, r=48, target_modules={'mlp.3', 'mlp.0', 'out_proj'}, paca_alpha=96, fan_in_fan_out=False, bias='all', modules_to_save=['head'], layers_to_transform=None, layers_pattern=None, rank_pattern={}, alpha_pattern={}, megatron_config=None, megatron_core='megatron.core', layer_replication=None, gradient_accumulation_steps=1, steps_per_epoch=115, arm_distribution='horizontal', num_arms=3, num_arms_to_select=1, ucb_alpha=6, use_fixed_indices=False)
Fine tuning VMamba using UCB-based PaCA:
Calculating initial validation accuracy...
Initial Val Acc: 0.82%
  Selected Arms: [0]
  Arm Rewards: [0.0, 0.0, 0.0]
  Arm Counts: [2.0, 1.0, 1.0]
  Value of t: 2
  UCB Scores: [7.064460277557373, 7.064460277557373, 7.064460277557373]

Epoch 1 Summary | LR: 0.000100 | Time: 47.11
Train Loss: 4.7097 | Train Acc: 1.01%
Val Loss: 4.7112 | Val Acc: 0.82%
--------------------------------------------------
  Selected Arms: [0]
  Arm Rewards: [37.670860290527344, 0.0, 0.0]
  Arm Counts: [3.0, 1.0, 1.0]
  Value of t: 3
  UCB Scores: [25.124313354492188, 8.89382266998291, 8.89382266998291]

Epoch 2 Summary | LR: 0.000200 | Time: 47.17
Train Loss: 3.7684 | Train Acc: 22.68%
Val Loss: 3.0663 | Val Acc: 38.49%
--------------------------------------------------
  Selected Arms: [0]
  Arm Rewards: [78.89556884765625, 0.0, 0.0]
  Arm Counts: [4.0, 1.0, 1.0]
  Value of t: 4
  UCB Scores: [32.06663131713867, 9.990654945373535, 9.990654945373535]

Epoch 3 Summary | LR: 0.000300 | Time: 47.24
Train Loss: 2.1068 | Train Acc: 63.10%
Val Loss: 1.4032 | Val Acc: 79.72%
--------------------------------------------------
  Selected Arms: [0]
  Arm Rewards: [89.72116088867188, 0.0, 0.0]
  Arm Counts: [5.0, 1.0, 1.0]
  Value of t: 5
  UCB Scores: [27.812658309936523, 10.764735221862793, 10.764735221862793]

Epoch 4 Summary | LR: 0.000400 | Time: 47.30
Train Loss: 0.9312 | Train Acc: 88.68%
Val Loss: 0.7142 | Val Acc: 90.54%
--------------------------------------------------
  Selected Arms: [0]
  Arm Rewards: [93.16566467285156, 0.0, 0.0]
  Arm Counts: [6.0, 1.0, 1.0]
  Value of t: 6
  UCB Scores: [23.712635040283203, 11.358110427856445, 11.358110427856445]

Epoch 5 Summary | LR: 0.000500 | Time: 47.25
Train Loss: 0.4306 | Train Acc: 95.99%
Val Loss: 0.4456 | Val Acc: 93.99%
--------------------------------------------------
  Selected Arms: [0]
  Arm Rewards: [93.27501678466797, 0.0, 0.0]
  Arm Counts: [7.0, 1.0, 1.0]
  Value of t: 7
  UCB Scores: [20.378114700317383, 11.836618423461914, 11.836618423461914]

Epoch 6 Summary | LR: 0.000600 | Time: 47.25
Train Loss: 0.2144 | Train Acc: 98.35%
Val Loss: 0.3582 | Val Acc: 94.10%
--------------------------------------------------
  Selected Arms: [0]
  Arm Rewards: [92.94696807861328, 0.0, 0.0]
  Arm Counts: [8.0, 1.0, 1.0]
  Value of t: 8
  UCB Scores: [17.90291404724121, 12.236003875732422, 12.236003875732422]

Epoch 7 Summary | LR: 0.000700 | Time: 47.29
Train Loss: 0.1139 | Train Acc: 99.25%
Val Loss: 0.3106 | Val Acc: 93.77%
--------------------------------------------------
  Selected Arms: [0]
  Arm Rewards: [93.22034454345703, 0.0, 0.0]
  Arm Counts: [9.0, 1.0, 1.0]
  Value of t: 9
  UCB Scores: [16.099454879760742, 12.577764511108398, 12.577764511108398]

Epoch 8 Summary | LR: 0.000800 | Time: 47.27
Train Loss: 0.1013 | Train Acc: 99.26%
Val Loss: 0.3113 | Val Acc: 94.04%
--------------------------------------------------
No improvement for 1 epoch(s)
  Selected Arms: [0]
  Arm Rewards: [93.8764419555664, 0.0, 0.0]
  Arm Counts: [10.0, 1.0, 1.0]
  Value of t: 10
  UCB Scores: [14.722647666931152, 12.8757963180542, 12.8757963180542]

Epoch 9 Summary | LR: 0.000900 | Time: 47.26
Train Loss: 0.0517 | Train Acc: 99.66%
Val Loss: 0.2528 | Val Acc: 94.70%
--------------------------------------------------
  Selected Arms: [0]
  Arm Rewards: [93.43904113769531, 0.0, 0.0]
  Arm Counts: [11.0, 1.0, 1.0]
  Value of t: 11
  UCB Scores: [13.499003410339355, 13.139575958251953, 13.139575958251953]

Epoch 10 Summary | LR: 0.001000 | Time: 47.27
Train Loss: 0.0365 | Train Acc: 99.88%
Val Loss: 0.2565 | Val Acc: 94.26%
--------------------------------------------------
No improvement for 1 epoch(s)
  Selected Arms: [1]
  Arm Rewards: [93.22034454345703, 0.0, 0.0]
  Arm Counts: [11.0, 2.0, 1.0]
  Value of t: 12
  UCB Scores: [12.507546424865723, 13.375846862792969, 13.375846862792969]

Epoch 11 Summary | LR: 0.001000 | Time: 47.51
Train Loss: 0.0415 | Train Acc: 99.63%
Val Loss: 0.2858 | Val Acc: 94.04%
--------------------------------------------------
No improvement for 2 epoch(s)
  Selected Arms: [2]
  Arm Rewards: [93.22034454345703, -0.43739748001098633, 0.0]
  Arm Counts: [11.0, 2.0, 2.0]
  Value of t: 13
  UCB Scores: [12.571986198425293, 9.390576362609863, 13.589568138122559]

Epoch 12 Summary | LR: 0.001000 | Time: 47.49
Train Loss: 0.1953 | Train Acc: 97.73%
Val Loss: 0.2936 | Val Acc: 93.60%
--------------------------------------------------
No improvement for 3 epoch(s)
  Selected Arms: [0]
  Arm Rewards: [93.22034454345703, -0.43739748001098633, -0.10934937000274658]
  Arm Counts: [12.0, 2.0, 2.0]
  Value of t: 14
  UCB Scores: [12.630756378173828, 9.528407096862793, 9.69243049621582]

Epoch 13 Summary | LR: 0.001000 | Time: 47.51
Train Loss: 0.1646 | Train Acc: 97.54%
Val Loss: 0.2992 | Val Acc: 93.49%
--------------------------------------------------
No improvement for 4 epoch(s)
  Selected Arms: [0]
  Arm Rewards: [92.1268539428711, -0.43739748001098633, -0.10934937000274658]
  Arm Counts: [13.0, 2.0, 2.0]
  Value of t: 15
  UCB Scores: [11.70815658569336, 9.654994010925293, 9.819018363952637]

Epoch 14 Summary | LR: 0.001000 | Time: 47.50
Train Loss: 0.0842 | Train Acc: 98.84%
Val Loss: 0.3216 | Val Acc: 92.40%
--------------------------------------------------
No improvement for 5 epoch(s)
  Selected Arms: [0]
  Arm Rewards: [91.36141204833984, -0.43739748001098633, -0.10934937000274658]
  Arm Counts: [14.0, 2.0, 2.0]
  Value of t: 16
  UCB Scores: [10.94645881652832, 9.771956443786621, 9.935980796813965]

Epoch 15 Summary | LR: 0.001000 | Time: 47.48
Train Loss: 0.0786 | Train Acc: 98.84%
Val Loss: 0.3717 | Val Acc: 91.63%
--------------------------------------------------
No improvement for 6 epoch(s)
  Selected Arms: [0]
  Arm Rewards: [91.14271545410156, -0.43739748001098633, -0.10934937000274658]
  Arm Counts: [15.0, 2.0, 2.0]
  Value of t: 17
  UCB Scores: [10.327367782592773, 9.880592346191406, 10.04461669921875]

Epoch 16 Summary | LR: 0.001000 | Time: 47.45
Train Loss: 0.0961 | Train Acc: 98.37%
Val Loss: 0.3911 | Val Acc: 91.42%
--------------------------------------------------
No improvement for 7 epoch(s)
Early stopping triggered after 16 epochs.
Total training time far: 757.35 seconds
Average time per epoch: 47.33 seconds

Creating ViT model for 102 classes...
Total parameters: 149,656,524
Trainable parameters: 2,757,324 (1.84%)
Frozen parameters: 146,899,200 (98.16%)
Training on flowers102
Using device: cuda
============================================================
Vision Transformer Fine-tuning on Flowers102
============================================================
Loading dataset...
Dataset loaded: 1020 train samples, 1020 val samples
Number of classes: 102

Creating ViT model for 102 classes...
PEFT config: PacaConfig(peft_type=<PeftType.PACA: 'PACA'>, auto_mapping=None, base_model_name_or_path=None, revision=None, task_type=<TaskType.FEATURE_EXTRACTION: 'FEATURE_EXTRACTION'>, inference_mode=False, r=48, target_modules={'mlp.3', 'out_proj', 'mlp.0'}, paca_alpha=96, fan_in_fan_out=False, bias='all', modules_to_save=['head'], layers_to_transform=None, layers_pattern=None, rank_pattern={}, alpha_pattern={}, megatron_config=None, megatron_core='megatron.core', layer_replication=None, gradient_accumulation_steps=1, steps_per_epoch=16, arm_distribution='horizontal', num_arms=3, num_arms_to_select=1, ucb_alpha=6, use_fixed_indices=False)
Total parameters: 149,656,524
Trainable parameters: 2,757,324 (1.84%)
Frozen parameters: 146,899,200 (98.16%)
Fine tuning VMamba using UCB-based PaCA:
Calculating initial validation accuracy...
Initial Val Acc: 1.18%
  Selected Arms: [0]
  Arm Rewards: [0.0, 0.0, 0.0]
  Arm Counts: [2.0, 1.0, 1.0]
  Value of t: 2
  UCB Scores: [7.064460277557373, 7.064460277557373, 7.064460277557373]

Epoch 1 Summary | LR: 0.000100 | Time: 9.09
Train Loss: 4.7215 | Train Acc: 0.78%
Val Loss: 4.6954 | Val Acc: 1.18%
--------------------------------------------------
  Selected Arms: [1]
  Arm Rewards: [0.4901960790157318, 0.0, 0.0]
  Arm Counts: [2.0, 2.0, 1.0]
  Value of t: 3
  UCB Scores: [6.533980369567871, 8.89382266998291, 8.89382266998291]

Epoch 2 Summary | LR: 0.000200 | Time: 9.03
Train Loss: 4.6987 | Train Acc: 1.08%
Val Loss: 4.6388 | Val Acc: 1.67%
--------------------------------------------------
  Selected Arms: [2]
  Arm Rewards: [0.4901960790157318, 0.4901960790157318, 0.0]
  Arm Counts: [2.0, 2.0, 2.0]
  Value of t: 4
  UCB Scores: [7.309558391571045, 7.309558391571045, 9.990654945373535]

Epoch 3 Summary | LR: 0.000300 | Time: 9.03
Train Loss: 4.5993 | Train Acc: 1.47%
Val Loss: 4.5484 | Val Acc: 2.16%
--------------------------------------------------
  Selected Arms: [2]
  Arm Rewards: [0.4901960790157318, 0.4901960790157318, 6.86274528503418]
  Arm Counts: [2.0, 2.0, 3.0]
  Value of t: 5
  UCB Scores: [7.856915473937988, 7.856915473937988, 11.043190002441406]

Epoch 4 Summary | LR: 0.000400 | Time: 8.99
Train Loss: 4.3824 | Train Acc: 6.86%
Val Loss: 4.3282 | Val Acc: 9.02%
--------------------------------------------------
  Selected Arms: [2]
  Arm Rewards: [0.4901960790157318, 0.4901960790157318, 22.941177368164062]
  Arm Counts: [2.0, 2.0, 4.0]
  Value of t: 6
  UCB Scores: [8.276494979858398, 8.276494979858398, 14.204668045043945]

Epoch 5 Summary | LR: 0.000500 | Time: 9.00
Train Loss: 4.0770 | Train Acc: 21.86%
Val Loss: 4.0454 | Val Acc: 25.10%
--------------------------------------------------
  Selected Arms: [2]
  Arm Rewards: [0.4901960790157318, 0.4901960790157318, 51.274513244628906]
  Arm Counts: [2.0, 2.0, 5.0]
  Value of t: 7
  UCB Scores: [8.614850997924805, 8.614850997924805, 18.736936569213867]

Epoch 6 Summary | LR: 0.000600 | Time: 8.91
Train Loss: 3.4482 | Train Acc: 59.90%
Val Loss: 3.4307 | Val Acc: 53.43%
--------------------------------------------------
  Selected Arms: [2]
  Arm Rewards: [0.4901960790157318, 0.4901960790157318, 66.37255096435547]
  Arm Counts: [2.0, 2.0, 6.0]
  Value of t: 8
  UCB Scores: [8.897259712219238, 8.897259712219238, 18.746618270874023]

Epoch 7 Summary | LR: 0.000700 | Time: 8.91
Train Loss: 2.6264 | Train Acc: 82.84%
Val Loss: 2.7629 | Val Acc: 68.53%
--------------------------------------------------
  Selected Arms: [2]
  Arm Rewards: [0.4901960790157318, 0.4901960790157318, 74.80392456054688]
  Arm Counts: [2.0, 2.0, 7.0]
  Value of t: 9
  UCB Scores: [9.138920783996582, 9.138920783996582, 17.6021728515625]

Epoch 8 Summary | LR: 0.000800 | Time: 9.03
Train Loss: 1.9485 | Train Acc: 92.25%
Val Loss: 2.3059 | Val Acc: 76.96%
--------------------------------------------------
  Selected Arms: [2]
  Arm Rewards: [0.4901960790157318, 0.4901960790157318, 80.19608306884766]
  Arm Counts: [2.0, 2.0, 8.0]
  Value of t: 10
  UCB Scores: [9.349660873413086, 9.349660873413086, 16.323177337646484]

Epoch 9 Summary | LR: 0.000900 | Time: 8.96
Train Loss: 1.3440 | Train Acc: 97.16%
Val Loss: 1.8496 | Val Acc: 82.35%
--------------------------------------------------
  Selected Arms: [2]
  Arm Rewards: [0.4901960790157318, 0.4901960790157318, 83.4313735961914]
  Arm Counts: [2.0, 2.0, 9.0]
  Value of t: 11
  UCB Scores: [9.536181449890137, 9.536181449890137, 15.074463844299316]

Epoch 10 Summary | LR: 0.001000 | Time: 9.21
Train Loss: 0.8625 | Train Acc: 99.02%
Val Loss: 1.5073 | Val Acc: 85.59%
--------------------------------------------------
  Selected Arms: [2]
  Arm Rewards: [0.4901960790157318, 0.4901960790157318, 84.11764526367188]
  Arm Counts: [2.0, 2.0, 10.0]
  Value of t: 12
  UCB Scores: [9.70324993133545, 9.70324993133545, 13.805020332336426]

Epoch 11 Summary | LR: 0.001000 | Time: 9.25
Train Loss: 0.5835 | Train Acc: 99.71%
Val Loss: 1.3746 | Val Acc: 86.27%
--------------------------------------------------
  Selected Arms: [2]
  Arm Rewards: [0.4901960790157318, 0.4901960790157318, 87.05882263183594]
  Arm Counts: [2.0, 2.0, 11.0]
  Value of t: 13
  UCB Scores: [9.854373931884766, 9.854373931884766, 13.003280639648438]

Epoch 12 Summary | LR: 0.001000 | Time: 9.18
Train Loss: 0.3496 | Train Acc: 100.00%
Val Loss: 1.1481 | Val Acc: 89.22%
--------------------------------------------------
  Selected Arms: [2]
  Arm Rewards: [0.4901960790157318, 0.4901960790157318, 87.45098114013672]
  Arm Counts: [2.0, 2.0, 12.0]
  Value of t: 14
  UCB Scores: [9.992203712463379, 9.992203712463379, 12.106268882751465]

Epoch 13 Summary | LR: 0.001000 | Time: 9.21
Train Loss: 0.2297 | Train Acc: 100.00%
Val Loss: 1.0678 | Val Acc: 89.61%
--------------------------------------------------
  Selected Arms: [2]
  Arm Rewards: [0.4901960790157318, 0.4901960790157318, 86.76470947265625]
  Arm Counts: [2.0, 2.0, 13.0]
  Value of t: 15
  UCB Scores: [10.118790626525879, 10.118790626525879, 11.261310577392578]

Epoch 14 Summary | LR: 0.001000 | Time: 9.28
Train Loss: 0.1804 | Train Acc: 100.00%
Val Loss: 1.0352 | Val Acc: 88.92%
--------------------------------------------------
  Selected Arms: [2]
  Arm Rewards: [0.4901960790157318, 0.4901960790157318, 87.35294342041016]
  Arm Counts: [2.0, 2.0, 14.0]
  Value of t: 16
  UCB Scores: [10.235753059387207, 10.235753059387207, 10.638114929199219]

Epoch 15 Summary | LR: 0.001000 | Time: 9.22
Train Loss: 0.1405 | Train Acc: 100.00%
Val Loss: 0.9359 | Val Acc: 89.51%
--------------------------------------------------
  Selected Arms: [0]
  Arm Rewards: [0.4901960790157318, 0.4901960790157318, 87.8431396484375]
  Arm Counts: [3.0, 2.0, 14.0]
  Value of t: 17
  UCB Scores: [10.344388961791992, 10.344388961791992, 10.091683387756348]

Epoch 16 Summary | LR: 0.001000 | Time: 9.25
Train Loss: 0.1117 | Train Acc: 100.00%
Val Loss: 0.9006 | Val Acc: 90.00%
--------------------------------------------------
  Selected Arms: [1]
  Arm Rewards: [0.4901960790157318, 0.4901960790157318, 87.8431396484375]
  Arm Counts: [3.0, 3.0, 14.0]
  Value of t: 18
  UCB Scores: [8.492199897766113, 10.445754051208496, 10.129996299743652]

Epoch 17 Summary | LR: 0.001000 | Time: 9.18
Train Loss: 0.0982 | Train Acc: 100.00%
Val Loss: 0.8984 | Val Acc: 90.00%
--------------------------------------------------
  Selected Arms: [2]
  Arm Rewards: [0.4901960790157318, 0.19607841968536377, 87.8431396484375]
  Arm Counts: [3.0, 3.0, 15.0]
  Value of t: 19
  UCB Scores: [8.569737434387207, 8.471698760986328, 10.165888786315918]

Epoch 18 Summary | LR: 0.001000 | Time: 9.30
Train Loss: 0.0846 | Train Acc: 100.00%
Val Loss: 0.8557 | Val Acc: 89.71%
--------------------------------------------------
  Selected Arms: [2]
  Arm Rewards: [0.4901960790157318, 0.19607841968536377, 88.13726043701172]
  Arm Counts: [3.0, 3.0, 16.0]
  Value of t: 20
  UCB Scores: [8.6426420211792, 8.54460334777832, 9.667850494384766]

Epoch 19 Summary | LR: 0.001000 | Time: 9.25
Train Loss: 0.0721 | Train Acc: 100.00%
Val Loss: 0.8401 | Val Acc: 90.00%
--------------------------------------------------
  Selected Arms: [2]
  Arm Rewards: [0.4901960790157318, 0.19607841968536377, 88.23529815673828]
  Arm Counts: [3.0, 3.0, 17.0]
  Value of t: 21
  UCB Scores: [8.71141242980957, 8.613372802734375, 9.216104507446289]

Epoch 20 Summary | LR: 0.001000 | Time: 9.18
Train Loss: 0.0606 | Train Acc: 100.00%
Val Loss: 0.8162 | Val Acc: 90.10%
--------------------------------------------------
  Selected Arms: [2]
  Arm Rewards: [0.4901960790157318, 0.19607841968536377, 88.13726043701172]
  Arm Counts: [3.0, 3.0, 18.0]
  Value of t: 22
  UCB Scores: [8.776471138000488, 8.67843246459961, 8.802759170532227]

Epoch 21 Summary | LR: 0.001000 | Time: 9.30
Train Loss: 0.0524 | Train Acc: 100.00%
Val Loss: 0.7980 | Val Acc: 90.00%
--------------------------------------------------
  Selected Arms: [0]
  Arm Rewards: [0.4901960790157318, 0.19607841968536377, 87.8431396484375]
  Arm Counts: [4.0, 3.0, 18.0]
  Value of t: 23
  UCB Scores: [8.838181495666504, 8.740142822265625, 8.421640396118164]

Epoch 22 Summary | LR: 0.001000 | Time: 9.30
Train Loss: 0.0460 | Train Acc: 100.00%
Val Loss: 0.7859 | Val Acc: 89.71%
--------------------------------------------------
  Selected Arms: [1]
  Arm Rewards: [0.686274528503418, 0.19607841968536377, 87.8431396484375]
  Arm Counts: [4.0, 4.0, 18.0]
  Value of t: 24
  UCB Scores: [7.7349653244018555, 8.79881763458252, 8.44559383392334]

Epoch 23 Summary | LR: 0.001000 | Time: 9.18
Train Loss: 0.0416 | Train Acc: 100.00%
Val Loss: 0.7718 | Val Acc: 89.90%
--------------------------------------------------
  Selected Arms: [2]
  Arm Rewards: [0.686274528503418, -1.4901161193847656e-08, 87.8431396484375]
  Arm Counts: [4.0, 4.0, 19.0]
  Value of t: 25
  UCB Scores: [7.78338623046875, 7.611817359924316, 8.468420028686523]

Epoch 24 Summary | LR: 0.001000 | Time: 9.26
Train Loss: 0.0388 | Train Acc: 100.00%
Val Loss: 0.7773 | Val Acc: 89.71%
--------------------------------------------------
No improvement for 1 epoch(s)
  Selected Arms: [2]
  Arm Rewards: [0.686274528503418, -1.4901161193847656e-08, 88.23529815673828]
  Arm Counts: [4.0, 4.0, 20.0]
  Value of t: 26
  UCB Scores: [7.82961893081665, 7.658050537109375, 8.15771770477295]

Epoch 25 Summary | LR: 0.000999 | Time: 9.30
Train Loss: 0.0353 | Train Acc: 100.00%
Val Loss: 0.7571 | Val Acc: 90.10%
--------------------------------------------------
  Selected Arms: [0]
  Arm Rewards: [0.686274528503418, -1.4901161193847656e-08, 87.64706420898438]
  Arm Counts: [5.0, 4.0, 20.0]
  Value of t: 27
  UCB Scores: [7.873845100402832, 7.702276706695557, 7.826916217803955]

Epoch 26 Summary | LR: 0.000999 | Time: 9.21
Train Loss: 0.0331 | Train Acc: 100.00%
Val Loss: 0.7487 | Val Acc: 89.51%
--------------------------------------------------
  Selected Arms: [2]
  Arm Rewards: [1.2745099067687988, -1.4901161193847656e-08, 87.64706420898438]
  Arm Counts: [5.0, 4.0, 21.0]
  Value of t: 28
  UCB Scores: [7.181931972503662, 7.744655132293701, 7.845868110656738]

Epoch 27 Summary | LR: 0.000999 | Time: 9.03
Train Loss: 0.0312 | Train Acc: 100.00%
Val Loss: 0.7374 | Val Acc: 90.10%
--------------------------------------------------
  Selected Arms: [1]
  Arm Rewards: [1.2745099067687988, -1.4901161193847656e-08, 87.54902648925781]
  Arm Counts: [5.0, 5.0, 21.0]
  Value of t: 29
  UCB Scores: [7.218310832977295, 7.785327434539795, 7.566796779632568]

Epoch 28 Summary | LR: 0.000999 | Time: 9.08
Train Loss: 0.0298 | Train Acc: 100.00%
Val Loss: 0.7442 | Val Acc: 90.00%
--------------------------------------------------
No improvement for 1 epoch(s)
  Selected Arms: [2]
  Arm Rewards: [1.2745099067687988, -0.3921568989753723, 87.54902648925781]
  Arm Counts: [5.0, 5.0, 22.0]
  Value of t: 30
  UCB Scores: [7.253276348114014, 6.919942855834961, 7.583858013153076]

Epoch 29 Summary | LR: 0.000999 | Time: 9.03
Train Loss: 0.0287 | Train Acc: 100.00%
Val Loss: 0.7314 | Val Acc: 89.61%
--------------------------------------------------
  Selected Arms: [2]
  Arm Rewards: [1.2745099067687988, -0.3921568989753723, 87.54902648925781]
  Arm Counts: [5.0, 5.0, 23.0]
  Value of t: 31
  UCB Scores: [7.286929607391357, 6.953596591949463, 7.3318891525268555]

Epoch 30 Summary | LR: 0.000999 | Time: 9.05
Train Loss: 0.0274 | Train Acc: 100.00%
Val Loss: 0.7279 | Val Acc: 89.61%
--------------------------------------------------
  Selected Arms: [0]
  Arm Rewards: [1.2745099067687988, -0.3921568989753723, 88.03922271728516]
  Arm Counts: [6.0, 5.0, 23.0]
  Value of t: 32
  UCB Scores: [7.319362163543701, 6.986028671264648, 7.1216139793396]

Epoch 31 Summary | LR: 0.000999 | Time: 9.10
Train Loss: 0.0264 | Train Acc: 100.00%
Val Loss: 0.7175 | Val Acc: 90.10%
--------------------------------------------------
  Selected Arms: [2]
  Arm Rewards: [0.5882353782653809, -0.3921568989753723, 88.03922271728516]
  Arm Counts: [6.0, 5.0, 24.0]
  Value of t: 33
  UCB Scores: [6.575545787811279, 7.017321586608887, 7.136204242706299]

Epoch 32 Summary | LR: 0.000999 | Time: 9.06
Train Loss: 0.0252 | Train Acc: 100.00%
Val Loss: 0.7212 | Val Acc: 89.41%
--------------------------------------------------
No improvement for 1 epoch(s)
  Selected Arms: [1]
  Arm Rewards: [0.5882353782653809, -0.3921568989753723, 88.03922271728516]
  Arm Counts: [6.0, 6.0, 24.0]
  Value of t: 34
  UCB Scores: [6.603139400482178, 7.047548770904541, 6.920851230621338]

Epoch 33 Summary | LR: 0.000999 | Time: 9.08
Train Loss: 0.0244 | Train Acc: 100.00%
Val Loss: 0.7135 | Val Acc: 89.41%
--------------------------------------------------
  Selected Arms: [2]
  Arm Rewards: [0.5882353782653809, -0.29411768913269043, 88.03922271728516]
  Arm Counts: [6.0, 6.0, 25.0]
  Value of t: 35
  UCB Scores: [6.629821300506592, 6.482762336730957, 6.934192180633545]

Epoch 34 Summary | LR: 0.000999 | Time: 9.07
Train Loss: 0.0235 | Train Acc: 100.00%
Val Loss: 0.7084 | Val Acc: 89.51%
--------------------------------------------------
  Selected Arms: [2]
  Arm Rewards: [0.5882353782653809, -0.29411768913269043, 88.23529815673828]
  Arm Counts: [6.0, 6.0, 26.0]
  Value of t: 36
  UCB Scores: [6.6556477546691895, 6.508588790893555, 6.741970539093018]

Epoch 35 Summary | LR: 0.000998 | Time: 9.05
Train Loss: 0.0227 | Train Acc: 100.00%
Val Loss: 0.7039 | Val Acc: 89.71%
--------------------------------------------------
  Selected Arms: [0]
  Arm Rewards: [0.5882353782653809, -0.29411768913269043, 88.33333587646484]
  Arm Counts: [7.0, 6.0, 26.0]
  Value of t: 37
  UCB Scores: [6.680668830871582, 6.5336103439331055, 6.559629440307617]

Epoch 36 Summary | LR: 0.000998 | Time: 9.03
Train Loss: 0.0219 | Train Acc: 100.00%
Val Loss: 0.7072 | Val Acc: 89.80%
--------------------------------------------------
No improvement for 1 epoch(s)
  Selected Arms: [2]
  Arm Rewards: [0.490196168422699, -0.29411768913269043, 88.33333587646484]
  Arm Counts: [7.0, 6.0, 27.0]
  Value of t: 38
  UCB Scores: [6.186822414398193, 6.557873249053955, 6.571284770965576]

Epoch 37 Summary | LR: 0.000998 | Time: 9.04
Train Loss: 0.0212 | Train Acc: 100.00%
Val Loss: 0.7012 | Val Acc: 89.71%
--------------------------------------------------
  Selected Arms: [1]
  Arm Rewards: [0.490196168422699, -0.29411768913269043, 88.13726043701172]
  Arm Counts: [7.0, 7.0, 27.0]
  Value of t: 39
  UCB Scores: [6.208622932434082, 6.5814208984375, 6.389962673187256]

Epoch 38 Summary | LR: 0.000998 | Time: 8.99
Train Loss: 0.0204 | Train Acc: 100.00%
Val Loss: 0.7008 | Val Acc: 89.51%
--------------------------------------------------
  Selected Arms: [2]
  Arm Rewards: [0.490196168422699, -0.3921568989753723, 88.13726043701172]
  Arm Counts: [7.0, 7.0, 28.0]
  Value of t: 40
  UCB Scores: [6.22979736328125, 6.1037468910217285, 6.4007439613342285]

Epoch 39 Summary | LR: 0.000998 | Time: 9.07
Train Loss: 0.0195 | Train Acc: 100.00%
Val Loss: 0.6901 | Val Acc: 89.41%
--------------------------------------------------
  Selected Arms: [0]
  Arm Rewards: [0.490196168422699, -0.3921568989753723, 88.43138122558594]
  Arm Counts: [8.0, 7.0, 28.0]
  Value of t: 41
  UCB Scores: [6.2503790855407715, 6.12432861328125, 6.248439311981201]

Epoch 40 Summary | LR: 0.000998 | Time: 9.09
Train Loss: 0.0187 | Train Acc: 100.00%
Val Loss: 0.7031 | Val Acc: 89.71%
--------------------------------------------------
No improvement for 1 epoch(s)
  Selected Arms: [2]
  Arm Rewards: [0.6862745881080627, -0.3921568989753723, 88.43138122558594]
  Arm Counts: [8.0, 7.0, 29.0]
  Value of t: 42
  UCB Scores: [5.885700225830078, 6.144348621368408, 6.258449077606201]

Epoch 41 Summary | LR: 0.000998 | Time: 9.01
Train Loss: 0.0178 | Train Acc: 100.00%
Val Loss: 0.6869 | Val Acc: 89.90%
--------------------------------------------------
  Selected Arms: [1]
  Arm Rewards: [0.6862745881080627, -0.3921568989753723, 88.13726043701172]
  Arm Counts: [8.0, 8.0, 29.0]
  Value of t: 43
  UCB Scores: [5.903928279876709, 6.163835048675537, 6.095054626464844]

Epoch 42 Summary | LR: 0.000997 | Time: 8.99
Train Loss: 0.0170 | Train Acc: 100.00%
Val Loss: 0.6869 | Val Acc: 89.61%
--------------------------------------------------
  Selected Arms: [2]
  Arm Rewards: [0.6862745881080627, -0.29411768913269043, 88.13726043701172]
  Arm Counts: [8.0, 8.0, 30.0]
  Value of t: 44
  UCB Scores: [5.921682357788086, 5.79913330078125, 6.104379653930664]

Epoch 43 Summary | LR: 0.000997 | Time: 9.04
Train Loss: 0.0161 | Train Acc: 100.00%
Val Loss: 0.6760 | Val Acc: 89.71%
--------------------------------------------------
  Selected Arms: [2]
  Arm Rewards: [0.6862745881080627, -0.29411768913269043, 87.8431396484375]
  Arm Counts: [8.0, 8.0, 31.0]
  Value of t: 45
  UCB Scores: [5.938985347747803, 5.816436290740967, 5.950685024261475]

Epoch 44 Summary | LR: 0.000997 | Time: 9.02
Train Loss: 0.0154 | Train Acc: 100.00%
Val Loss: 0.6722 | Val Acc: 89.41%
--------------------------------------------------
  Selected Arms: [0]
  Arm Rewards: [0.6862745881080627, -0.29411768913269043, 88.03921508789062]
  Arm Counts: [9.0, 8.0, 31.0]
  Value of t: 46
  UCB Scores: [5.9558587074279785, 5.833309650421143, 5.821975231170654]

Epoch 45 Summary | LR: 0.000997 | Time: 9.05
Train Loss: 0.0149 | Train Acc: 100.00%
Val Loss: 0.6773 | Val Acc: 89.61%
--------------------------------------------------
No improvement for 1 epoch(s)
  Selected Arms: [1]
  Arm Rewards: [0.8823530077934265, -0.29411768913269043, 88.03921508789062]
  Arm Counts: [9.0, 9.0, 31.0]
  Value of t: 47
  UCB Scores: [5.647920608520508, 5.849773406982422, 5.830338954925537]

Epoch 46 Summary | LR: 0.000997 | Time: 9.02
Train Loss: 0.0146 | Train Acc: 100.00%
Val Loss: 0.6671 | Val Acc: 89.80%
--------------------------------------------------
  Selected Arms: [2]
  Arm Rewards: [0.8823530077934265, -0.686274528503418, 88.03921508789062]
  Arm Counts: [9.0, 9.0, 32.0]
  Value of t: 48
  UCB Scores: [5.663073539733887, 5.488781452178955, 5.838503837585449]

Epoch 47 Summary | LR: 0.000997 | Time: 9.07
Train Loss: 0.0142 | Train Acc: 100.00%
Val Loss: 0.6697 | Val Acc: 89.41%
--------------------------------------------------
No improvement for 1 epoch(s)
  Selected Arms: [2]
  Arm Rewards: [0.8823530077934265, -0.686274528503418, 88.03921508789062]
  Arm Counts: [9.0, 9.0, 33.0]
  Value of t: 49
  UCB Scores: [5.677874565124512, 5.50358247756958, 5.7103800773620605]

Epoch 48 Summary | LR: 0.000996 | Time: 9.11
Train Loss: 0.0140 | Train Acc: 100.00%
Val Loss: 0.6671 | Val Acc: 89.41%
--------------------------------------------------
No improvement for 2 epoch(s)
  Selected Arms: [0]
  Arm Rewards: [0.8823530077934265, -0.686274528503418, 88.33333587646484]
  Arm Counts: [10.0, 9.0, 33.0]
  Value of t: 50
  UCB Scores: [5.692338466644287, 5.5180463790893555, 5.598295211791992]

Epoch 49 Summary | LR: 0.000996 | Time: 9.06
Train Loss: 0.0136 | Train Acc: 100.00%
Val Loss: 0.6691 | Val Acc: 89.71%
--------------------------------------------------
No improvement for 3 epoch(s)
  Selected Arms: [2]
  Arm Rewards: [1.1764706373214722, -0.686274528503418, 88.33333587646484]
  Arm Counts: [10.0, 9.0, 34.0]
  Value of t: 51
  UCB Scores: [5.438281059265137, 5.5321879386901855, 5.605680465698242]

Epoch 50 Summary | LR: 0.000996 | Time: 9.08
Train Loss: 0.0135 | Train Acc: 100.00%
Val Loss: 0.6689 | Val Acc: 90.00%
--------------------------------------------------
No improvement for 4 epoch(s)
  Selected Arms: [1]
  Arm Rewards: [1.1764706373214722, -0.686274528503418, 88.33333587646484]
  Arm Counts: [10.0, 10.0, 34.0]
  Value of t: 52
  UCB Scores: [5.4514031410217285, 5.546020030975342, 5.49067497253418]

Epoch 51 Summary | LR: 0.000996 | Time: 9.06
Train Loss: 0.0132 | Train Acc: 100.00%
Val Loss: 0.6643 | Val Acc: 90.00%
--------------------------------------------------
  Selected Arms: [2]
  Arm Rewards: [1.1764706373214722, -0.8823529481887817, 88.33333587646484]
  Arm Counts: [10.0, 10.0, 35.0]
  Value of t: 53
  UCB Scores: [5.464244365692139, 5.25836181640625, 5.497638702392578]

Epoch 52 Summary | LR: 0.000996 | Time: 9.01
Train Loss: 0.0128 | Train Acc: 100.00%
Val Loss: 0.6466 | Val Acc: 89.80%
--------------------------------------------------
  Selected Arms: [0]
  Arm Rewards: [1.1764706373214722, -0.8823529481887817, 88.52941131591797]
  Arm Counts: [11.0, 10.0, 35.0]
  Value of t: 54
  UCB Scores: [5.476815223693848, 5.270933151245117, 5.394007682800293]

Epoch 53 Summary | LR: 0.000995 | Time: 9.02
Train Loss: 0.0123 | Train Acc: 100.00%
Val Loss: 0.6522 | Val Acc: 90.00%
--------------------------------------------------
No improvement for 1 epoch(s)
  Selected Arms: [2]
  Arm Rewards: [0.8823529481887817, -0.8823529481887817, 88.52941131591797]
  Arm Counts: [11.0, 10.0, 36.0]
  Value of t: 55
  UCB Scores: [5.201719284057617, 5.283244609832764, 5.400588512420654]

Epoch 54 Summary | LR: 0.000995 | Time: 9.06
Train Loss: 0.0119 | Train Acc: 100.00%
Val Loss: 0.6502 | Val Acc: 89.71%
--------------------------------------------------
No improvement for 2 epoch(s)
  Selected Arms: [1]
  Arm Rewards: [0.8823529481887817, -0.8823529481887817, 88.23529052734375]
  Arm Counts: [11.0, 11.0, 36.0]
  Value of t: 56
  UCB Scores: [5.213220596313477, 5.295307636260986, 5.288356781005859]

Epoch 55 Summary | LR: 0.000995 | Time: 9.08
Train Loss: 0.0115 | Train Acc: 100.00%
Val Loss: 0.6501 | Val Acc: 89.41%
--------------------------------------------------
No improvement for 3 epoch(s)
  Selected Arms: [2]
  Arm Rewards: [0.8823529481887817, -0.5882352590560913, 88.23529052734375]
  Arm Counts: [11.0, 11.0, 37.0]
  Value of t: 57
  UCB Scores: [5.224493026733398, 5.090803146362305, 5.2945876121521]

Epoch 56 Summary | LR: 0.000995 | Time: 9.09
Train Loss: 0.0113 | Train Acc: 100.00%
Val Loss: 0.6545 | Val Acc: 89.71%
--------------------------------------------------
No improvement for 4 epoch(s)
  Selected Arms: [0]
  Arm Rewards: [0.8823529481887817, -0.5882352590560913, 88.23529052734375]
  Arm Counts: [12.0, 11.0, 37.0]
  Value of t: 58
  UCB Scores: [5.235545635223389, 5.101855754852295, 5.195681095123291]

Epoch 57 Summary | LR: 0.000994 | Time: 9.07
Train Loss: 0.0111 | Train Acc: 100.00%
Val Loss: 0.6494 | Val Acc: 89.71%
--------------------------------------------------
No improvement for 5 epoch(s)
  Selected Arms: [2]
  Arm Rewards: [0.7843137383460999, -0.5882352590560913, 88.23529052734375]
  Arm Counts: [12.0, 11.0, 38.0]
  Value of t: 59
  UCB Scores: [5.011592864990234, 5.112696170806885, 5.201591968536377]

Epoch 58 Summary | LR: 0.000994 | Time: 9.11
Train Loss: 0.0109 | Train Acc: 100.00%
Val Loss: 0.6564 | Val Acc: 89.61%
--------------------------------------------------
No improvement for 6 epoch(s)
  Selected Arms: [1]
  Arm Rewards: [0.7843137383460999, -0.5882352590560913, 88.7254867553711]
  Arm Counts: [12.0, 12.0, 38.0]
  Value of t: 60
  UCB Scores: [5.02177619934082, 5.123332500457764, 5.120147228240967]

Epoch 59 Summary | LR: 0.000994 | Time: 9.10
Train Loss: 0.0108 | Train Acc: 100.00%
Val Loss: 0.6398 | Val Acc: 90.10%
--------------------------------------------------
  Selected Arms: [2]
  Arm Rewards: [0.7843137383460999, -0.6862744688987732, 88.7254867553711]
  Arm Counts: [12.0, 12.0, 39.0]
  Value of t: 61
  UCB Scores: [5.031771183013916, 4.90922212600708, 5.125763416290283]

Epoch 60 Summary | LR: 0.000994 | Time: 9.05
Train Loss: 0.0105 | Train Acc: 100.00%
Val Loss: 0.6444 | Val Acc: 90.00%
--------------------------------------------------
No improvement for 1 epoch(s)
  Selected Arms: [0]
  Arm Rewards: [0.7843137383460999, -0.6862744688987732, 88.7254867553711]
  Arm Counts: [13.0, 12.0, 39.0]
  Value of t: 62
  UCB Scores: [5.04158353805542, 4.919034481048584, 5.035325050354004]

Epoch 61 Summary | LR: 0.000993 | Time: 9.04
Train Loss: 0.0103 | Train Acc: 100.00%
Val Loss: 0.6449 | Val Acc: 90.00%
--------------------------------------------------
No improvement for 2 epoch(s)
  Selected Arms: [2]
  Arm Rewards: [0.4901960790157318, -0.6862744688987732, 88.7254867553711]
  Arm Counts: [13.0, 12.0, 40.0]
  Value of t: 63
  UCB Scores: [4.827967643737793, 4.928671360015869, 5.040670394897461]

Epoch 62 Summary | LR: 0.000993 | Time: 9.02
Train Loss: 0.0100 | Train Acc: 100.00%
Val Loss: 0.6403 | Val Acc: 89.71%
--------------------------------------------------
No improvement for 3 epoch(s)
  Selected Arms: [2]
  Arm Rewards: [0.4901960790157318, -0.6862744688987732, 88.62744903564453]
  Arm Counts: [13.0, 12.0, 41.0]
  Value of t: 64
  UCB Scores: [4.837062835693359, 4.938138008117676, 4.95173978805542]

Epoch 63 Summary | LR: 0.000993 | Time: 9.10
Train Loss: 0.0098 | Train Acc: 100.00%
Val Loss: 0.6429 | Val Acc: 89.61%
--------------------------------------------------
No improvement for 4 epoch(s)
  Selected Arms: [1]
  Arm Rewards: [0.4901960790157318, -0.6862744688987732, 88.62744903564453]
  Arm Counts: [13.0, 13.0, 41.0]
  Value of t: 65
  UCB Scores: [4.846000671386719, 4.9474406242370605, 4.869158744812012]

Epoch 64 Summary | LR: 0.000993 | Time: 9.09
Train Loss: 0.0097 | Train Acc: 100.00%
Val Loss: 0.6383 | Val Acc: 89.61%
--------------------------------------------------
  Selected Arms: [2]
  Arm Rewards: [0.4901960790157318, -0.4901960492134094, 88.62744903564453]
  Arm Counts: [13.0, 13.0, 42.0]
  Value of t: 66
  UCB Scores: [4.854785442352295, 4.7793707847595215, 4.874105453491211]

Epoch 65 Summary | LR: 0.000992 | Time: 9.07
Train Loss: 0.0095 | Train Acc: 100.00%
Val Loss: 0.6339 | Val Acc: 89.80%
--------------------------------------------------
  Selected Arms: [0]
  Arm Rewards: [0.4901960790157318, -0.4901960492134094, 88.92156982421875]
  Arm Counts: [14.0, 13.0, 42.0]
  Value of t: 67
  UCB Scores: [4.863422870635986, 4.788007736206055, 4.801960468292236]

Epoch 66 Summary | LR: 0.000992 | Time: 9.04
Train Loss: 0.0094 | Train Acc: 100.00%
Val Loss: 0.6329 | Val Acc: 90.10%
--------------------------------------------------
  Selected Arms: [2]
  Arm Rewards: [0.4901960790157318, -0.4901960492134094, 88.92156982421875]
  Arm Counts: [14.0, 13.0, 43.0]
  Value of t: 68
  UCB Scores: [4.6933746337890625, 4.796502113342285, 4.8066864013671875]

Epoch 67 Summary | LR: 0.000992 | Time: 9.05
Train Loss: 0.0092 | Train Acc: 100.00%
Val Loss: 0.6327 | Val Acc: 90.10%
--------------------------------------------------
  Selected Arms: [1]
  Arm Rewards: [0.4901960790157318, -0.4901960492134094, 88.62744903564453]
  Arm Counts: [14.0, 14.0, 43.0]
  Value of t: 69
  UCB Scores: [4.7014265060424805, 4.8048577308654785, 4.723746299743652]

Epoch 68 Summary | LR: 0.000992 | Time: 9.07
Train Loss: 0.0091 | Train Acc: 100.00%
Val Loss: 0.6340 | Val Acc: 89.80%
--------------------------------------------------
No improvement for 1 epoch(s)
  Selected Arms: [2]
  Arm Rewards: [0.4901960790157318, -0.4901960492134094, 88.62744903564453]
  Arm Counts: [14.0, 14.0, 44.0]
  Value of t: 70
  UCB Scores: [4.709348678588867, 4.6393208503723145, 4.728266716003418]

Epoch 69 Summary | LR: 0.000991 | Time: 9.05
Train Loss: 0.0089 | Train Acc: 100.00%
Val Loss: 0.6352 | Val Acc: 89.80%
--------------------------------------------------
No improvement for 2 epoch(s)
  Selected Arms: [0]
  Arm Rewards: [0.4901960790157318, -0.4901960492134094, 88.7254867553711]
  Arm Counts: [15.0, 14.0, 44.0]
  Value of t: 71
  UCB Scores: [4.7171454429626465, 4.6471171379089355, 4.657566547393799]

Epoch 70 Summary | LR: 0.000991 | Time: 9.06
Train Loss: 0.0088 | Train Acc: 100.00%
Val Loss: 0.6331 | Val Acc: 89.90%
--------------------------------------------------
No improvement for 3 epoch(s)
  Selected Arms: [2]
  Arm Rewards: [0.3921568691730499, -0.4901960492134094, 88.7254867553711]
  Arm Counts: [15.0, 14.0, 45.0]
  Value of t: 72
  UCB Scores: [4.55692720413208, 4.654792308807373, 4.661895751953125]

Epoch 71 Summary | LR: 0.000991 | Time: 9.05
Train Loss: 0.0086 | Train Acc: 100.00%
Val Loss: 0.6356 | Val Acc: 89.80%
--------------------------------------------------
No improvement for 4 epoch(s)
  Selected Arms: [1]
  Arm Rewards: [0.3921568691730499, -0.4901960492134094, 89.01960754394531]
  Arm Counts: [15.0, 15.0, 45.0]
  Value of t: 73
  UCB Scores: [4.56422758102417, 4.662349224090576, 4.598277568817139]

Epoch 72 Summary | LR: 0.000990 | Time: 9.09
Train Loss: 0.0085 | Train Acc: 100.00%
Val Loss: 0.6335 | Val Acc: 90.10%
--------------------------------------------------
No improvement for 5 epoch(s)
  Selected Arms: [2]
  Arm Rewards: [0.3921568691730499, -0.5882352590560913, 89.01960754394531]
  Arm Counts: [15.0, 15.0, 46.0]
  Value of t: 74
  UCB Scores: [4.571417331695557, 4.5060577392578125, 4.602428436279297]

Epoch 73 Summary | LR: 0.000990 | Time: 9.11
Train Loss: 0.0084 | Train Acc: 100.00%
Val Loss: 0.6304 | Val Acc: 90.00%
--------------------------------------------------
  Selected Arms: [0]
  Arm Rewards: [0.3921568691730499, -0.5882352590560913, 88.92156982421875]
  Arm Counts: [16.0, 15.0, 46.0]
  Value of t: 75
  UCB Scores: [4.5784993171691895, 4.5131402015686035, 4.532656192779541]

Epoch 74 Summary | LR: 0.000990 | Time: 9.07
Train Loss: 0.0083 | Train Acc: 100.00%
Val Loss: 0.6316 | Val Acc: 89.90%
--------------------------------------------------
No improvement for 1 epoch(s)
  Selected Arms: [2]
  Arm Rewards: [0.29411765933036804, -0.5882352590560913, 88.92156982421875]
  Arm Counts: [16.0, 15.0, 47.0]
  Value of t: 76
  UCB Scores: [4.4329376220703125, 4.52011775970459, 4.536640644073486]

Epoch 75 Summary | LR: 0.000989 | Time: 9.09
Train Loss: 0.0082 | Train Acc: 100.00%
Val Loss: 0.6324 | Val Acc: 89.80%
--------------------------------------------------
No improvement for 2 epoch(s)
  Selected Arms: [1]
  Arm Rewards: [0.29411765933036804, -0.5882352590560913, 88.82353210449219]
  Arm Counts: [16.0, 16.0, 47.0]
  Value of t: 77
  UCB Scores: [4.4395952224731445, 4.526993274688721, 4.469462871551514]

Epoch 76 Summary | LR: 0.000989 | Time: 9.03
Train Loss: 0.0081 | Train Acc: 100.00%
Val Loss: 0.6305 | Val Acc: 89.71%
--------------------------------------------------
No improvement for 3 epoch(s)
  Selected Arms: [2]
  Arm Rewards: [0.29411765933036804, -0.4901960492134094, 88.82353210449219]
  Arm Counts: [16.0, 16.0, 48.0]
  Value of t: 78
  UCB Scores: [4.446156978607178, 4.397137641906738, 4.473291873931885]

Epoch 77 Summary | LR: 0.000989 | Time: 9.05
Train Loss: 0.0079 | Train Acc: 100.00%
Val Loss: 0.6286 | Val Acc: 89.80%
--------------------------------------------------
  Selected Arms: [0]
  Arm Rewards: [0.29411765933036804, -0.4901960492134094, 88.82353210449219]
  Arm Counts: [17.0, 16.0, 48.0]
  Value of t: 79
  UCB Scores: [4.452625751495361, 4.403606414794922, 4.41060209274292]

Epoch 78 Summary | LR: 0.000988 | Time: 9.10
Train Loss: 0.0078 | Train Acc: 100.00%
Val Loss: 0.6276 | Val Acc: 89.80%
--------------------------------------------------
  Selected Arms: [2]
  Arm Rewards: [0.19607844948768616, -0.4901960492134094, 88.82353210449219]
  Arm Counts: [17.0, 16.0, 49.0]
  Value of t: 80
  UCB Scores: [4.3195695877075195, 4.409984111785889, 4.4142842292785645]

Epoch 79 Summary | LR: 0.000988 | Time: 9.10
Train Loss: 0.0078 | Train Acc: 100.00%
Val Loss: 0.6288 | Val Acc: 89.71%
--------------------------------------------------
No improvement for 1 epoch(s)
  Selected Arms: [1]
  Arm Rewards: [0.19607844948768616, -0.4901960492134094, 89.01960754394531]
  Arm Counts: [17.0, 17.0, 49.0]
  Value of t: 81
  UCB Scores: [4.325671672821045, 4.416274070739746, 4.357819080352783]

Epoch 80 Summary | LR: 0.000988 | Time: 9.08
Train Loss: 0.0077 | Train Acc: 100.00%
Val Loss: 0.6263 | Val Acc: 89.90%
--------------------------------------------------
  Selected Arms: [2]
  Arm Rewards: [0.19607844948768616, -0.8823529481887817, 89.01960754394531]
  Arm Counts: [17.0, 17.0, 50.0]
  Value of t: 82
  UCB Scores: [4.331690311431885, 4.268253326416016, 4.361363887786865]

Epoch 81 Summary | LR: 0.000987 | Time: 9.07
Train Loss: 0.0076 | Train Acc: 100.00%
Val Loss: 0.6234 | Val Acc: 89.51%
--------------------------------------------------
  Selected Arms: [0]
  Arm Rewards: [0.19607844948768616, -0.8823529481887817, 89.21568298339844]
  Arm Counts: [18.0, 17.0, 50.0]
  Value of t: 83
  UCB Scores: [4.33762788772583, 4.274190902709961, 4.306838512420654]

Epoch 82 Summary | LR: 0.000987 | Time: 9.05
Train Loss: 0.0075 | Train Acc: 100.00%
Val Loss: 0.6294 | Val Acc: 89.71%
--------------------------------------------------
No improvement for 1 epoch(s)
  Selected Arms: [2]
  Arm Rewards: [1.4901161193847656e-08, -0.8823529481887817, 89.21568298339844]
  Arm Counts: [18.0, 17.0, 51.0]
  Value of t: 84
  UCB Scores: [4.209900856018066, 4.2800493240356445, 4.310254096984863]

Epoch 83 Summary | LR: 0.000987 | Time: 9.02
Train Loss: 0.0075 | Train Acc: 100.00%
Val Loss: 0.6216 | Val Acc: 89.51%
--------------------------------------------------
  Selected Arms: [1]
  Arm Rewards: [1.4901161193847656e-08, -0.8823529481887817, 89.01960754394531]
  Arm Counts: [18.0, 18.0, 51.0]
  Value of t: 85
  UCB Scores: [4.215519428253174, 4.285830497741699, 4.249874591827393]

Epoch 84 Summary | LR: 0.000986 | Time: 9.05
Train Loss: 0.0074 | Train Acc: 100.00%
Val Loss: 0.6252 | Val Acc: 89.31%
--------------------------------------------------
No improvement for 1 epoch(s)
  Selected Arms: [2]
  Arm Rewards: [1.4901161193847656e-08, -0.29411762952804565, 89.01960754394531]
  Arm Counts: [18.0, 18.0, 52.0]
  Value of t: 86
  UCB Scores: [4.221065044403076, 4.20472526550293, 4.25316858291626]

Epoch 85 Summary | LR: 0.000986 | Time: 9.02
Train Loss: 0.0073 | Train Acc: 100.00%
Val Loss: 0.6235 | Val Acc: 89.90%
--------------------------------------------------
No improvement for 2 epoch(s)
  Selected Arms: [0]
  Arm Rewards: [1.4901161193847656e-08, -0.29411762952804565, 88.33333587646484]
  Arm Counts: [19.0, 18.0, 52.0]
  Value of t: 87
  UCB Scores: [4.226539134979248, 4.210199356079102, 4.18539571762085]

Epoch 86 Summary | LR: 0.000986 | Time: 9.08
Train Loss: 0.0075 | Train Acc: 100.00%
Val Loss: 0.6476 | Val Acc: 89.22%
--------------------------------------------------
No improvement for 3 epoch(s)
  Selected Arms: [1]
  Arm Rewards: [0.09803923219442368, -0.29411762952804565, 88.33333587646484]
  Arm Counts: [19.0, 19.0, 52.0]
  Value of t: 88
  UCB Scores: [4.124231338500977, 4.215603828430176, 4.188575267791748]

Epoch 87 Summary | LR: 0.000985 | Time: 9.09
Train Loss: 0.0081 | Train Acc: 100.00%
Val Loss: 0.6714 | Val Acc: 89.31%
--------------------------------------------------
No improvement for 4 epoch(s)
  Selected Arms: [2]
  Arm Rewards: [0.09803923219442368, 0.19607844948768616, 88.33333587646484]
  Arm Counts: [19.0, 19.0, 53.0]
  Value of t: 89
  UCB Scores: [4.129426002502441, 4.134585857391357, 4.191715240478516]

Epoch 88 Summary | LR: 0.000985 | Time: 9.06
Train Loss: 0.0083 | Train Acc: 100.00%
Val Loss: 0.6293 | Val Acc: 89.80%
--------------------------------------------------
No improvement for 5 epoch(s)
  Selected Arms: [1]
  Arm Rewards: [0.09803923219442368, 0.19607844948768616, 88.23529815673828]
  Arm Counts: [19.0, 20.0, 53.0]
  Value of t: 90
  UCB Scores: [4.134555816650391, 4.139715671539307, 4.13725471496582]

Epoch 89 Summary | LR: 0.000984 | Time: 9.05
Train Loss: 0.0075 | Train Acc: 100.00%
Val Loss: 0.6120 | Val Acc: 89.71%
--------------------------------------------------
  Selected Arms: [2]
  Arm Rewards: [0.09803923219442368, 0.4901961088180542, 88.23529815673828]
  Arm Counts: [19.0, 20.0, 54.0]
  Value of t: 91
  UCB Scores: [4.139622688293457, 4.054285526275635, 4.140288829803467]

Epoch 90 Summary | LR: 0.000984 | Time: 9.07
Train Loss: 0.0070 | Train Acc: 100.00%
Val Loss: 0.5996 | Val Acc: 90.00%
--------------------------------------------------
  Selected Arms: [0]
  Arm Rewards: [0.09803923219442368, 0.4901961088180542, 88.5294189453125]
  Arm Counts: [20.0, 20.0, 54.0]
  Value of t: 92
  UCB Scores: [4.144628524780273, 4.059164524078369, 4.094846248626709]

Epoch 91 Summary | LR: 0.000984 | Time: 9.12
Train Loss: 0.0068 | Train Acc: 100.00%
Val Loss: 0.6048 | Val Acc: 90.29%
--------------------------------------------------
No improvement for 1 epoch(s)
  Selected Arms: [2]
  Arm Rewards: [-0.39215683937072754, 0.4901961088180542, 88.5294189453125]
  Arm Counts: [20.0, 20.0, 55.0]
  Value of t: 93
  UCB Scores: [4.019866943359375, 4.0639848709106445, 4.097779750823975]

Epoch 92 Summary | LR: 0.000983 | Time: 9.08
Train Loss: 0.0066 | Train Acc: 100.00%
Val Loss: 0.6098 | Val Acc: 89.80%
--------------------------------------------------
No improvement for 2 epoch(s)
  Selected Arms: [1]
  Arm Rewards: [-0.39215683937072754, 0.4901961088180542, 88.62745666503906]
  Arm Counts: [20.0, 21.0, 55.0]
  Value of t: 94
  UCB Scores: [4.024630069732666, 4.0687479972839355, 4.050175666809082]

Epoch 93 Summary | LR: 0.000983 | Time: 9.07
Train Loss: 0.0064 | Train Acc: 100.00%
Val Loss: 0.6073 | Val Acc: 89.90%
--------------------------------------------------
No improvement for 3 epoch(s)
  Selected Arms: [2]
  Arm Rewards: [-0.39215683937072754, 0.3921568989753723, 88.62745666503906]
  Arm Counts: [20.0, 21.0, 56.0]
  Value of t: 95
  UCB Scores: [4.029337406158447, 3.9700400829315186, 4.053013801574707]

Epoch 94 Summary | LR: 0.000982 | Time: 9.02
Train Loss: 0.0064 | Train Acc: 100.00%
Val Loss: 0.6099 | Val Acc: 89.80%
--------------------------------------------------
No improvement for 4 epoch(s)
  Selected Arms: [0]
  Arm Rewards: [-0.39215683937072754, 0.3921568989753723, 88.72549438476562]
  Arm Counts: [21.0, 21.0, 56.0]
  Value of t: 96
  UCB Scores: [4.033989906311035, 3.9745802879333496, 4.006871700286865]

Epoch 95 Summary | LR: 0.000982 | Time: 9.03
Train Loss: 0.0063 | Train Acc: 100.00%
Val Loss: 0.6072 | Val Acc: 89.90%
--------------------------------------------------
No improvement for 5 epoch(s)
  Selected Arms: [2]
  Arm Rewards: [-0.5882352590560913, 0.3921568989753723, 88.72549438476562]
  Arm Counts: [21.0, 21.0, 57.0]
  Value of t: 97
  UCB Scores: [3.9323830604553223, 3.9790685176849365, 4.009620189666748]

Epoch 96 Summary | LR: 0.000981 | Time: 9.05
Train Loss: 0.0062 | Train Acc: 100.00%
Val Loss: 0.6091 | Val Acc: 89.71%
--------------------------------------------------
No improvement for 6 epoch(s)
  Selected Arms: [1]
  Arm Rewards: [-0.5882352590560913, 0.3921568989753723, 88.72549438476562]
  Arm Counts: [21.0, 22.0, 57.0]
  Value of t: 98
  UCB Scores: [3.9368202686309814, 3.9835054874420166, 3.963149070739746]

Epoch 97 Summary | LR: 0.000981 | Time: 9.08
Train Loss: 0.0061 | Train Acc: 100.00%
Val Loss: 0.6061 | Val Acc: 89.71%
--------------------------------------------------
No improvement for 7 epoch(s)
Early stopping triggered after 97 epochs.
Total training time far: 881.27 seconds
Average time per epoch: 9.09 seconds

Creating ViT model for 102 classes...
Total parameters: 149,656,524
Trainable parameters: 2,757,324 (1.84%)
Frozen parameters: 146,899,200 (98.16%)
Using device: cuda
============================================================
Vision Transformer Fine-tuning on Flowers102
============================================================
Loading dataset...
Dataset loaded: 1020 train samples, 1020 val samples
Number of classes: 102

Creating ViT model for 102 classes...
PEFT config: PacaConfig(peft_type=<PeftType.PACA: 'PACA'>, auto_mapping=None, base_model_name_or_path=None, revision=None, task_type=<TaskType.FEATURE_EXTRACTION: 'FEATURE_EXTRACTION'>, inference_mode=False, r=48, target_modules={'mlp.0', 'mlp.3', 'out_proj'}, paca_alpha=96, fan_in_fan_out=False, bias='all', modules_to_save=['head'], layers_to_transform=None, layers_pattern=None, rank_pattern={}, alpha_pattern={}, megatron_config=None, megatron_core='megatron.core', layer_replication=None, gradient_accumulation_steps=1, steps_per_epoch=16, arm_distribution='horizontal', num_arms=3, num_arms_to_select=1, ucb_alpha=6, use_fixed_indices=False)
Total parameters: 149,656,524
Trainable parameters: 2,757,324 (1.84%)
Frozen parameters: 146,899,200 (98.16%)
Fine tuning VMamba using UCB-based PaCA:
Calculating initial validation accuracy...
Initial Val Acc: 1.18%
  Selected Arms: [0]
  Arm Rewards: [0.0, 0.0, 0.0]
  Arm Counts: [2.0, 1.0, 1.0]
  Value of t: 2
  UCB Scores: [7.064460277557373, 7.064460277557373, 7.064460277557373]

Epoch 1 Summary | LR: 0.000100 | Time: 9.08
Train Loss: 4.7215 | Train Acc: 0.78%
Val Loss: 4.6954 | Val Acc: 1.18%
--------------------------------------------------
  Selected Arms: [1]
  Arm Rewards: [0.4901960790157318, 0.0, 0.0]
  Arm Counts: [2.0, 2.0, 1.0]
  Value of t: 3
  UCB Scores: [6.533980369567871, 8.89382266998291, 8.89382266998291]

Epoch 2 Summary | LR: 0.000200 | Time: 8.94
Train Loss: 4.6987 | Train Acc: 1.08%
Val Loss: 4.6388 | Val Acc: 1.67%
--------------------------------------------------
  Selected Arms: [2]
  Arm Rewards: [0.4901960790157318, 0.4901960790157318, 0.0]
  Arm Counts: [2.0, 2.0, 2.0]
  Value of t: 4
  UCB Scores: [7.309558391571045, 7.309558391571045, 9.990654945373535]

Epoch 3 Summary | LR: 0.000300 | Time: 9.00
Train Loss: 4.5993 | Train Acc: 1.47%
Val Loss: 4.5484 | Val Acc: 2.16%
--------------------------------------------------
  Selected Arms: [2]
  Arm Rewards: [0.4901960790157318, 0.4901960790157318, 6.86274528503418]
  Arm Counts: [2.0, 2.0, 3.0]
  Value of t: 5
  UCB Scores: [7.856915473937988, 7.856915473937988, 11.043190002441406]

Epoch 4 Summary | LR: 0.000400 | Time: 9.03
Train Loss: 4.3824 | Train Acc: 6.86%
Val Loss: 4.3282 | Val Acc: 9.02%
--------------------------------------------------
  Selected Arms: [2]
  Arm Rewards: [0.4901960790157318, 0.4901960790157318, 22.941177368164062]
  Arm Counts: [2.0, 2.0, 4.0]
  Value of t: 6
  UCB Scores: [8.276494979858398, 8.276494979858398, 14.204668045043945]

Epoch 5 Summary | LR: 0.000500 | Time: 9.01
Train Loss: 4.0770 | Train Acc: 21.76%
Val Loss: 4.0454 | Val Acc: 25.10%
--------------------------------------------------
  Selected Arms: [2]
  Arm Rewards: [0.4901960790157318, 0.4901960790157318, 51.274513244628906]
  Arm Counts: [2.0, 2.0, 5.0]
  Value of t: 7
  UCB Scores: [8.614850997924805, 8.614850997924805, 18.736936569213867]

Epoch 6 Summary | LR: 0.000600 | Time: 8.94
Train Loss: 3.4482 | Train Acc: 59.90%
Val Loss: 3.4307 | Val Acc: 53.43%
--------------------------------------------------
  Selected Arms: [2]
  Arm Rewards: [0.4901960790157318, 0.4901960790157318, 66.37255096435547]
  Arm Counts: [2.0, 2.0, 6.0]
  Value of t: 8
  UCB Scores: [8.897259712219238, 8.897259712219238, 18.746618270874023]

Epoch 7 Summary | LR: 0.000700 | Time: 8.98
Train Loss: 2.6264 | Train Acc: 82.84%
Val Loss: 2.7629 | Val Acc: 68.53%
--------------------------------------------------
  Selected Arms: [2]
  Arm Rewards: [0.4901960790157318, 0.4901960790157318, 74.80392456054688]
  Arm Counts: [2.0, 2.0, 7.0]
  Value of t: 9
  UCB Scores: [9.138920783996582, 9.138920783996582, 17.6021728515625]

Epoch 8 Summary | LR: 0.000800 | Time: 8.98
Train Loss: 1.9485 | Train Acc: 92.25%
Val Loss: 2.3059 | Val Acc: 76.96%
--------------------------------------------------
  Selected Arms: [2]
  Arm Rewards: [0.4901960790157318, 0.4901960790157318, 80.19608306884766]
  Arm Counts: [2.0, 2.0, 8.0]
  Value of t: 10
  UCB Scores: [9.349660873413086, 9.349660873413086, 16.323177337646484]

Epoch 9 Summary | LR: 0.000900 | Time: 8.98
Train Loss: 1.3440 | Train Acc: 97.16%
Val Loss: 1.8496 | Val Acc: 82.35%
--------------------------------------------------
  Selected Arms: [2]
  Arm Rewards: [0.4901960790157318, 0.4901960790157318, 83.4313735961914]
  Arm Counts: [2.0, 2.0, 9.0]
  Value of t: 11
  UCB Scores: [9.536181449890137, 9.536181449890137, 15.074463844299316]

Epoch 10 Summary | LR: 0.001000 | Time: 9.10
Train Loss: 0.8625 | Train Acc: 99.02%
Val Loss: 1.5073 | Val Acc: 85.59%
--------------------------------------------------
  Selected Arms: [2]
  Arm Rewards: [0.4901960790157318, 0.4901960790157318, 84.11764526367188]
  Arm Counts: [2.0, 2.0, 10.0]
  Value of t: 12
  UCB Scores: [9.70324993133545, 9.70324993133545, 13.805020332336426]

Epoch 11 Summary | LR: 0.001000 | Time: 9.09
Train Loss: 0.5835 | Train Acc: 99.71%
Val Loss: 1.3746 | Val Acc: 86.27%
--------------------------------------------------
  Selected Arms: [2]
  Arm Rewards: [0.4901960790157318, 0.4901960790157318, 87.05882263183594]
  Arm Counts: [2.0, 2.0, 11.0]
  Value of t: 13
  UCB Scores: [9.854373931884766, 9.854373931884766, 13.003280639648438]

Epoch 12 Summary | LR: 0.001000 | Time: 9.13
Train Loss: 0.3496 | Train Acc: 100.00%
Val Loss: 1.1481 | Val Acc: 89.22%
--------------------------------------------------
  Selected Arms: [2]
  Arm Rewards: [0.4901960790157318, 0.4901960790157318, 87.45098114013672]
  Arm Counts: [2.0, 2.0, 12.0]
  Value of t: 14
  UCB Scores: [9.992203712463379, 9.992203712463379, 12.106268882751465]

Epoch 13 Summary | LR: 0.001000 | Time: 9.12
Train Loss: 0.2297 | Train Acc: 100.00%
Val Loss: 1.0678 | Val Acc: 89.61%
--------------------------------------------------
  Selected Arms: [2]
  Arm Rewards: [0.4901960790157318, 0.4901960790157318, 86.76470947265625]
  Arm Counts: [2.0, 2.0, 13.0]
  Value of t: 15
  UCB Scores: [10.118790626525879, 10.118790626525879, 11.261310577392578]

Epoch 14 Summary | LR: 0.001000 | Time: 9.08
Train Loss: 0.1804 | Train Acc: 100.00%
Val Loss: 1.0352 | Val Acc: 88.92%
--------------------------------------------------
  Selected Arms: [2]
  Arm Rewards: [0.4901960790157318, 0.4901960790157318, 87.35294342041016]
  Arm Counts: [2.0, 2.0, 14.0]
  Value of t: 16
  UCB Scores: [10.235753059387207, 10.235753059387207, 10.638114929199219]

Epoch 15 Summary | LR: 0.001000 | Time: 9.08
Train Loss: 0.1405 | Train Acc: 100.00%
Val Loss: 0.9359 | Val Acc: 89.51%
--------------------------------------------------
  Selected Arms: [0]
  Arm Rewards: [0.4901960790157318, 0.4901960790157318, 87.8431396484375]
  Arm Counts: [3.0, 2.0, 14.0]
  Value of t: 17
  UCB Scores: [10.344388961791992, 10.344388961791992, 10.091683387756348]

Epoch 16 Summary | LR: 0.001000 | Time: 9.08
Train Loss: 0.1117 | Train Acc: 100.00%
Val Loss: 0.9006 | Val Acc: 90.00%
--------------------------------------------------
  Selected Arms: [1]
  Arm Rewards: [0.4901960790157318, 0.4901960790157318, 87.8431396484375]
  Arm Counts: [3.0, 3.0, 14.0]
  Value of t: 18
  UCB Scores: [8.492199897766113, 10.445754051208496, 10.129996299743652]

Epoch 17 Summary | LR: 0.001000 | Time: 9.12
Train Loss: 0.0982 | Train Acc: 100.00%
Val Loss: 0.8984 | Val Acc: 90.00%
--------------------------------------------------
  Selected Arms: [2]
  Arm Rewards: [0.4901960790157318, 0.19607841968536377, 87.8431396484375]
  Arm Counts: [3.0, 3.0, 15.0]
  Value of t: 19
  UCB Scores: [8.569737434387207, 8.471698760986328, 10.165888786315918]

Epoch 18 Summary | LR: 0.001000 | Time: 9.12
Train Loss: 0.0846 | Train Acc: 100.00%
Val Loss: 0.8557 | Val Acc: 89.71%
--------------------------------------------------
  Selected Arms: [2]
  Arm Rewards: [0.4901960790157318, 0.19607841968536377, 88.13726043701172]
  Arm Counts: [3.0, 3.0, 16.0]
  Value of t: 20
  UCB Scores: [8.6426420211792, 8.54460334777832, 9.667850494384766]

Epoch 19 Summary | LR: 0.001000 | Time: 9.06
Train Loss: 0.0721 | Train Acc: 100.00%
Val Loss: 0.8401 | Val Acc: 90.00%
--------------------------------------------------
  Selected Arms: [2]
  Arm Rewards: [0.4901960790157318, 0.19607841968536377, 88.23529815673828]
  Arm Counts: [3.0, 3.0, 17.0]
  Value of t: 21
  UCB Scores: [8.71141242980957, 8.613372802734375, 9.216104507446289]

Epoch 20 Summary | LR: 0.001000 | Time: 9.12
Train Loss: 0.0606 | Train Acc: 100.00%
Val Loss: 0.8162 | Val Acc: 90.10%
--------------------------------------------------
  Selected Arms: [2]
  Arm Rewards: [0.4901960790157318, 0.19607841968536377, 88.13726043701172]
  Arm Counts: [3.0, 3.0, 18.0]
  Value of t: 22
  UCB Scores: [8.776471138000488, 8.67843246459961, 8.802759170532227]

Epoch 21 Summary | LR: 0.001000 | Time: 9.06
Train Loss: 0.0524 | Train Acc: 100.00%
Val Loss: 0.7981 | Val Acc: 90.00%
--------------------------------------------------
  Selected Arms: [0]
  Arm Rewards: [0.4901960790157318, 0.19607841968536377, 87.8431396484375]
  Arm Counts: [4.0, 3.0, 18.0]
  Value of t: 23
  UCB Scores: [8.838181495666504, 8.740142822265625, 8.421640396118164]

Epoch 22 Summary | LR: 0.001000 | Time: 9.05
Train Loss: 0.0460 | Train Acc: 100.00%
Val Loss: 0.7859 | Val Acc: 89.71%
--------------------------------------------------
  Selected Arms: [1]
  Arm Rewards: [0.686274528503418, 0.19607841968536377, 87.8431396484375]
  Arm Counts: [4.0, 4.0, 18.0]
  Value of t: 24
  UCB Scores: [7.7349653244018555, 8.79881763458252, 8.44559383392334]

Epoch 23 Summary | LR: 0.001000 | Time: 9.13
Train Loss: 0.0416 | Train Acc: 100.00%
Val Loss: 0.7718 | Val Acc: 89.90%
--------------------------------------------------
  Selected Arms: [2]
  Arm Rewards: [0.686274528503418, -1.4901161193847656e-08, 87.8431396484375]
  Arm Counts: [4.0, 4.0, 19.0]
  Value of t: 25
  UCB Scores: [7.78338623046875, 7.611817359924316, 8.468420028686523]

Epoch 24 Summary | LR: 0.001000 | Time: 9.08
Train Loss: 0.0388 | Train Acc: 100.00%
Val Loss: 0.7773 | Val Acc: 89.71%
--------------------------------------------------
No improvement for 1 epoch(s)
  Selected Arms: [2]
  Arm Rewards: [0.686274528503418, -1.4901161193847656e-08, 88.13726043701172]
  Arm Counts: [4.0, 4.0, 20.0]
  Value of t: 26
  UCB Scores: [7.82961893081665, 7.658050537109375, 8.152557373046875]

Epoch 25 Summary | LR: 0.000999 | Time: 9.03
Train Loss: 0.0353 | Train Acc: 100.00%
Val Loss: 0.7572 | Val Acc: 90.00%
--------------------------------------------------
  Selected Arms: [0]
  Arm Rewards: [0.686274528503418, -1.4901161193847656e-08, 87.64706420898438]
  Arm Counts: [5.0, 4.0, 20.0]
  Value of t: 27
  UCB Scores: [7.873845100402832, 7.702276706695557, 7.826916217803955]

Epoch 26 Summary | LR: 0.000999 | Time: 9.06
Train Loss: 0.0331 | Train Acc: 100.00%
Val Loss: 0.7489 | Val Acc: 89.51%
--------------------------------------------------
  Selected Arms: [2]
  Arm Rewards: [1.2745099067687988, -1.4901161193847656e-08, 87.64706420898438]
  Arm Counts: [5.0, 4.0, 21.0]
  Value of t: 28
  UCB Scores: [7.181931972503662, 7.744655132293701, 7.845868110656738]

Epoch 27 Summary | LR: 0.000999 | Time: 9.00
Train Loss: 0.0312 | Train Acc: 100.00%
Val Loss: 0.7374 | Val Acc: 90.10%
--------------------------------------------------
  Selected Arms: [1]
  Arm Rewards: [1.2745099067687988, -1.4901161193847656e-08, 87.54902648925781]
  Arm Counts: [5.0, 5.0, 21.0]
  Value of t: 29
  UCB Scores: [7.218310832977295, 7.785327434539795, 7.566796779632568]

Epoch 28 Summary | LR: 0.000999 | Time: 9.04
Train Loss: 0.0298 | Train Acc: 100.00%
Val Loss: 0.7443 | Val Acc: 90.00%
--------------------------------------------------
No improvement for 1 epoch(s)
  Selected Arms: [2]
  Arm Rewards: [1.2745099067687988, -0.29411768913269043, 87.54902648925781]
  Arm Counts: [5.0, 5.0, 22.0]
  Value of t: 30
  UCB Scores: [7.253276348114014, 6.939550876617432, 7.583858013153076]

Epoch 29 Summary | LR: 0.000999 | Time: 9.06
Train Loss: 0.0287 | Train Acc: 100.00%
Val Loss: 0.7313 | Val Acc: 89.71%
--------------------------------------------------
  Selected Arms: [2]
  Arm Rewards: [1.2745099067687988, -0.29411768913269043, 87.45098876953125]
  Arm Counts: [5.0, 5.0, 23.0]
  Value of t: 31
  UCB Scores: [7.286929607391357, 6.973204135894775, 7.327432632446289]

Epoch 30 Summary | LR: 0.000999 | Time: 9.07
Train Loss: 0.0274 | Train Acc: 100.00%
Val Loss: 0.7279 | Val Acc: 89.61%
--------------------------------------------------
  Selected Arms: [0]
  Arm Rewards: [1.2745099067687988, -0.29411768913269043, 87.9411849975586]
  Arm Counts: [6.0, 5.0, 23.0]
  Value of t: 32
  UCB Scores: [7.319362163543701, 7.005636692047119, 7.117351531982422]

Epoch 31 Summary | LR: 0.000999 | Time: 9.04
Train Loss: 0.0264 | Train Acc: 100.00%
Val Loss: 0.7175 | Val Acc: 90.10%
--------------------------------------------------
  Selected Arms: [2]
  Arm Rewards: [0.5882353782653809, -0.29411768913269043, 87.9411849975586]
  Arm Counts: [6.0, 5.0, 24.0]
  Value of t: 33
  UCB Scores: [6.575545787811279, 7.036929130554199, 7.131941795349121]

Epoch 32 Summary | LR: 0.000999 | Time: 9.01
Train Loss: 0.0252 | Train Acc: 100.00%
Val Loss: 0.7210 | Val Acc: 89.41%
--------------------------------------------------
No improvement for 1 epoch(s)
  Selected Arms: [1]
  Arm Rewards: [0.5882353782653809, -0.29411768913269043, 88.03922271728516]
  Arm Counts: [6.0, 6.0, 24.0]
  Value of t: 34
  UCB Scores: [6.603139400482178, 7.0671563148498535, 6.920851230621338]

Epoch 33 Summary | LR: 0.000999 | Time: 9.05
Train Loss: 0.0244 | Train Acc: 100.00%
Val Loss: 0.7136 | Val Acc: 89.51%
--------------------------------------------------
  Selected Arms: [2]
  Arm Rewards: [0.5882353782653809, -0.29411768913269043, 88.03922271728516]
  Arm Counts: [6.0, 6.0, 25.0]
  Value of t: 35
  UCB Scores: [6.629821300506592, 6.482762336730957, 6.934192180633545]

Epoch 34 Summary | LR: 0.000999 | Time: 9.12
Train Loss: 0.0235 | Train Acc: 100.00%
Val Loss: 0.7083 | Val Acc: 89.51%
--------------------------------------------------
  Selected Arms: [2]
  Arm Rewards: [0.5882353782653809, -0.29411768913269043, 88.13726043701172]
  Arm Counts: [6.0, 6.0, 26.0]
  Value of t: 36
  UCB Scores: [6.6556477546691895, 6.508588790893555, 6.738049030303955]

Epoch 35 Summary | LR: 0.000998 | Time: 8.99
Train Loss: 0.0227 | Train Acc: 100.00%
Val Loss: 0.7039 | Val Acc: 89.61%
--------------------------------------------------
  Selected Arms: [0]
  Arm Rewards: [0.5882353782653809, -0.29411768913269043, 88.43138122558594]
  Arm Counts: [7.0, 6.0, 26.0]
  Value of t: 37
  UCB Scores: [6.680668830871582, 6.5336103439331055, 6.5634002685546875]

Epoch 36 Summary | LR: 0.000998 | Time: 9.03
Train Loss: 0.0219 | Train Acc: 100.00%
Val Loss: 0.7070 | Val Acc: 89.90%
--------------------------------------------------
No improvement for 1 epoch(s)
  Selected Arms: [2]
  Arm Rewards: [0.3921569585800171, -0.29411768913269043, 88.43138122558594]
  Arm Counts: [7.0, 6.0, 27.0]
  Value of t: 38
  UCB Scores: [6.172816753387451, 6.557873249053955, 6.575056076049805]

Epoch 37 Summary | LR: 0.000998 | Time: 9.03
Train Loss: 0.0212 | Train Acc: 100.00%
Val Loss: 0.7014 | Val Acc: 89.71%
--------------------------------------------------
  Selected Arms: [1]
  Arm Rewards: [0.3921569585800171, -0.29411768913269043, 88.23530578613281]
  Arm Counts: [7.0, 7.0, 27.0]
  Value of t: 39
  UCB Scores: [6.19461727142334, 6.5814208984375, 6.393593788146973]

Epoch 38 Summary | LR: 0.000998 | Time: 9.05
Train Loss: 0.0204 | Train Acc: 100.00%
Val Loss: 0.7003 | Val Acc: 89.51%
--------------------------------------------------
  Selected Arms: [2]
  Arm Rewards: [0.3921569585800171, -0.3921568989753723, 88.23530578613281]
  Arm Counts: [7.0, 7.0, 28.0]
  Value of t: 40
  UCB Scores: [6.215791702270508, 6.1037468910217285, 6.4043755531311035]

Epoch 39 Summary | LR: 0.000998 | Time: 9.06
Train Loss: 0.0195 | Train Acc: 100.00%
Val Loss: 0.6902 | Val Acc: 89.41%
--------------------------------------------------
  Selected Arms: [2]
  Arm Rewards: [0.3921569585800171, -0.3921568989753723, 88.6274642944336]
  Arm Counts: [7.0, 7.0, 29.0]
  Value of t: 41
  UCB Scores: [6.236373424530029, 6.12432861328125, 6.255442142486572]

Epoch 40 Summary | LR: 0.000998 | Time: 9.07
Train Loss: 0.0187 | Train Acc: 100.00%
Val Loss: 0.7019 | Val Acc: 89.80%
--------------------------------------------------
No improvement for 1 epoch(s)
  Selected Arms: [0]
  Arm Rewards: [0.3921569585800171, -0.3921568989753723, 88.72550201416016]
  Arm Counts: [8.0, 7.0, 29.0]
  Value of t: 42
  UCB Scores: [6.2563934326171875, 6.144348621368408, 6.105765342712402]

Epoch 41 Summary | LR: 0.000998 | Time: 9.04
Train Loss: 0.0178 | Train Acc: 100.00%
Val Loss: 0.6870 | Val Acc: 89.90%
--------------------------------------------------
  Selected Arms: [1]
  Arm Rewards: [8.940696716308594e-08, -0.3921568989753723, 88.72550201416016]
  Arm Counts: [8.0, 8.0, 29.0]
  Value of t: 43
  UCB Scores: [5.81814432144165, 6.163835048675537, 6.1153388023376465]

Epoch 42 Summary | LR: 0.000997 | Time: 8.99
Train Loss: 0.0171 | Train Acc: 100.00%
Val Loss: 0.6896 | Val Acc: 89.51%
--------------------------------------------------
No improvement for 1 epoch(s)
  Selected Arms: [2]
  Arm Rewards: [8.940696716308594e-08, 0.19607841968536377, 88.72550201416016]
  Arm Counts: [8.0, 8.0, 30.0]
  Value of t: 44
  UCB Scores: [5.835897922515869, 5.860407829284668, 6.124663829803467]

Epoch 43 Summary | LR: 0.000997 | Time: 9.04
Train Loss: 0.0165 | Train Acc: 100.00%
Val Loss: 0.6829 | Val Acc: 90.10%
--------------------------------------------------
  Selected Arms: [2]
  Arm Rewards: [8.940696716308594e-08, 0.19607841968536377, 88.23530578613281]
  Arm Counts: [8.0, 8.0, 31.0]
  Value of t: 45
  UCB Scores: [5.853200912475586, 5.877710819244385, 5.963757038116455]

Epoch 44 Summary | LR: 0.000997 | Time: 9.08
Train Loss: 0.0159 | Train Acc: 100.00%
Val Loss: 0.6779 | Val Acc: 89.61%
--------------------------------------------------
  Selected Arms: [1]
  Arm Rewards: [8.940696716308594e-08, 0.19607841968536377, 88.43138122558594]
  Arm Counts: [8.0, 9.0, 31.0]
  Value of t: 46
  UCB Scores: [5.870074272155762, 5.8945841789245605, 5.834625720977783]

Epoch 45 Summary | LR: 0.000997 | Time: 9.03
Train Loss: 0.0155 | Train Acc: 100.00%
Val Loss: 0.6736 | Val Acc: 89.80%
--------------------------------------------------
  Selected Arms: [0]
  Arm Rewards: [8.940696716308594e-08, 0.29411762952804565, 88.43138122558594]
  Arm Counts: [9.0, 9.0, 31.0]
  Value of t: 47
  UCB Scores: [5.886538028717041, 5.582561016082764, 5.842989444732666]

Epoch 46 Summary | LR: 0.000997 | Time: 9.05
Train Loss: 0.0151 | Train Acc: 100.00%
Val Loss: 0.6718 | Val Acc: 89.90%
--------------------------------------------------
  Selected Arms: [2]
  Arm Rewards: [-0.39215677976608276, 0.29411762952804565, 88.43138122558594]
  Arm Counts: [9.0, 9.0, 32.0]
  Value of t: 48
  UCB Scores: [5.521461486816406, 5.597713947296143, 5.851154327392578]

Epoch 47 Summary | LR: 0.000997 | Time: 9.09
Train Loss: 0.0147 | Train Acc: 100.00%
Val Loss: 0.6673 | Val Acc: 89.51%
--------------------------------------------------
  Selected Arms: [2]
  Arm Rewards: [-0.39215677976608276, 0.29411762952804565, 88.62745666503906]
  Arm Counts: [9.0, 9.0, 33.0]
  Value of t: 49
  UCB Scores: [5.536262512207031, 5.612514972686768, 5.728762626647949]

Epoch 48 Summary | LR: 0.000996 | Time: 9.00
Train Loss: 0.0144 | Train Acc: 100.00%
Val Loss: 0.6682 | Val Acc: 89.71%
--------------------------------------------------
No improvement for 1 epoch(s)
  Selected Arms: [1]
  Arm Rewards: [-0.39215677976608276, 0.29411762952804565, 88.33333587646484]
  Arm Counts: [9.0, 10.0, 33.0]
  Value of t: 50
  UCB Scores: [5.550726413726807, 5.626978874206543, 5.598295211791992]

Epoch 49 Summary | LR: 0.000996 | Time: 9.07
Train Loss: 0.0140 | Train Acc: 100.00%
Val Loss: 0.6671 | Val Acc: 89.41%
--------------------------------------------------
  Selected Arms: [2]
  Arm Rewards: [-0.39215677976608276, 0.686274528503418, 88.33333587646484]
  Arm Counts: [9.0, 10.0, 34.0]
  Value of t: 51
  UCB Scores: [5.5648674964904785, 5.389261245727539, 5.605680465698242]

Epoch 50 Summary | LR: 0.000996 | Time: 9.07
Train Loss: 0.0137 | Train Acc: 100.00%
Val Loss: 0.6689 | Val Acc: 89.80%
--------------------------------------------------
No improvement for 1 epoch(s)
  Selected Arms: [0]
  Arm Rewards: [-0.39215677976608276, 0.686274528503418, 88.13726043701172]
  Arm Counts: [10.0, 10.0, 34.0]
  Value of t: 52
  UCB Scores: [5.578699588775635, 5.402383804321289, 5.484907627105713]

Epoch 51 Summary | LR: 0.000996 | Time: 9.04
Train Loss: 0.0134 | Train Acc: 100.00%
Val Loss: 0.6623 | Val Acc: 89.61%
--------------------------------------------------
  Selected Arms: [2]
  Arm Rewards: [-0.49019598960876465, 0.686274528503418, 88.13726043701172]
  Arm Counts: [10.0, 10.0, 35.0]
  Value of t: 53
  UCB Scores: [5.297577381134033, 5.415224552154541, 5.4918718338012695]

Epoch 52 Summary | LR: 0.000996 | Time: 9.08
Train Loss: 0.0132 | Train Acc: 100.00%
Val Loss: 0.6629 | Val Acc: 89.51%
--------------------------------------------------
No improvement for 1 epoch(s)
  Selected Arms: [1]
  Arm Rewards: [-0.49019598960876465, 0.686274528503418, 88.13726043701172]
  Arm Counts: [10.0, 11.0, 35.0]
  Value of t: 54
  UCB Scores: [5.3101487159729, 5.427795886993408, 5.382803440093994]

Epoch 53 Summary | LR: 0.000995 | Time: 9.06
Train Loss: 0.0128 | Train Acc: 100.00%
Val Loss: 0.6601 | Val Acc: 89.51%
--------------------------------------------------
  Selected Arms: [2]
  Arm Rewards: [-0.49019598960876465, 1.1764706373214722, 88.13726043701172]
  Arm Counts: [10.0, 11.0, 36.0]
  Value of t: 55
  UCB Scores: [5.322460651397705, 5.228457450866699, 5.3893842697143555]

Epoch 54 Summary | LR: 0.000995 | Time: 9.09
Train Loss: 0.0126 | Train Acc: 100.00%
Val Loss: 0.6581 | Val Acc: 90.00%
--------------------------------------------------
  Selected Arms: [0]
  Arm Rewards: [-0.49019598960876465, 1.1764706373214722, 87.9411849975586]
  Arm Counts: [11.0, 11.0, 36.0]
  Value of t: 56
  UCB Scores: [5.3345232009887695, 5.2399582862854, 5.280187129974365]

Epoch 55 Summary | LR: 0.000995 | Time: 9.09
Train Loss: 0.0124 | Train Acc: 100.00%
Val Loss: 0.6536 | Val Acc: 89.80%
--------------------------------------------------
  Selected Arms: [2]
  Arm Rewards: [-0.39215677976608276, 1.1764706373214722, 87.9411849975586]
  Arm Counts: [11.0, 11.0, 37.0]
  Value of t: 57
  UCB Scores: [5.108628749847412, 5.2512311935424805, 5.2864179611206055]

Epoch 56 Summary | LR: 0.000995 | Time: 9.07
Train Loss: 0.0121 | Train Acc: 100.00%
Val Loss: 0.6521 | Val Acc: 89.90%
--------------------------------------------------
  Selected Arms: [1]
  Arm Rewards: [-0.39215677976608276, 1.1764706373214722, 87.64706420898438]
  Arm Counts: [11.0, 12.0, 37.0]
  Value of t: 58
  UCB Scores: [5.119680881500244, 5.262283802032471, 5.179783344268799]

Epoch 57 Summary | LR: 0.000994 | Time: 9.11
Train Loss: 0.0119 | Train Acc: 100.00%
Val Loss: 0.6648 | Val Acc: 89.61%
--------------------------------------------------
No improvement for 1 epoch(s)
  Selected Arms: [2]
  Arm Rewards: [-0.39215677976608276, 1.5686274766921997, 87.64706420898438]
  Arm Counts: [11.0, 12.0, 38.0]
  Value of t: 59
  UCB Scores: [5.130521774291992, 5.0769524574279785, 5.185693740844727]

Epoch 58 Summary | LR: 0.000994 | Time: 9.08
Train Loss: 0.0118 | Train Acc: 100.00%
Val Loss: 0.6522 | Val Acc: 90.00%
--------------------------------------------------
No improvement for 2 epoch(s)
  Selected Arms: [0]
  Arm Rewards: [-0.39215677976608276, 1.5686274766921997, 87.45098876953125]
  Arm Counts: [12.0, 12.0, 38.0]
  Value of t: 60
  UCB Scores: [5.141158103942871, 5.0871357917785645, 5.086607456207275]

Epoch 59 Summary | LR: 0.000994 | Time: 9.10
Train Loss: 0.0117 | Train Acc: 100.00%
Val Loss: 0.6723 | Val Acc: 89.80%
--------------------------------------------------
No improvement for 3 epoch(s)
  Selected Arms: [1]
  Arm Rewards: [-0.5882351994514465, 1.5686274766921997, 87.45098876953125]
  Arm Counts: [12.0, 13.0, 38.0]
  Value of t: 61
  UCB Scores: [4.917391777038574, 5.097130298614502, 5.09222412109375]

Epoch 60 Summary | LR: 0.000994 | Time: 9.08
Train Loss: 0.0114 | Train Acc: 100.00%
Val Loss: 0.6544 | Val Acc: 89.61%
--------------------------------------------------
No improvement for 4 epoch(s)
  Selected Arms: [2]
  Arm Rewards: [-0.5882351994514465, 2.058823585510254, 87.45098876953125]
  Arm Counts: [12.0, 13.0, 39.0]
  Value of t: 62
  UCB Scores: [4.927204608917236, 4.939372539520264, 5.097738265991211]

Epoch 61 Summary | LR: 0.000993 | Time: 9.08
Train Loss: 0.0110 | Train Acc: 100.00%
Val Loss: 0.6456 | Val Acc: 90.10%
--------------------------------------------------
  Selected Arms: [2]
  Arm Rewards: [-0.5882351994514465, 2.058823585510254, 87.25491333007812]
  Arm Counts: [12.0, 13.0, 40.0]
  Value of t: 63
  UCB Scores: [4.936841011047363, 4.948631286621094, 5.002963542938232]

Epoch 62 Summary | LR: 0.000993 | Time: 9.08
Train Loss: 0.0110 | Train Acc: 100.00%
Val Loss: 0.6602 | Val Acc: 89.90%
--------------------------------------------------
No improvement for 1 epoch(s)
  Selected Arms: [1]
  Arm Rewards: [-0.5882351994514465, 2.058823585510254, 87.35295104980469]
  Arm Counts: [12.0, 14.0, 40.0]
  Value of t: 64
  UCB Scores: [4.946308135986328, 4.95772647857666, 4.919877529144287]

Epoch 63 Summary | LR: 0.000993 | Time: 9.05
Train Loss: 0.0109 | Train Acc: 100.00%
Val Loss: 0.6540 | Val Acc: 90.00%
--------------------------------------------------
No improvement for 2 epoch(s)
  Selected Arms: [0]
  Arm Rewards: [-0.5882351994514465, 1.9607843160629272, 87.35295104980469]
  Arm Counts: [13.0, 14.0, 40.0]
  Value of t: 65
  UCB Scores: [4.955610752105713, 4.773443222045898, 4.9249725341796875]

Epoch 64 Summary | LR: 0.000993 | Time: 9.08
Train Loss: 0.0106 | Train Acc: 100.00%
Val Loss: 0.6454 | Val Acc: 89.90%
--------------------------------------------------
  Selected Arms: [2]
  Arm Rewards: [-0.49019598960876465, 1.9607843160629272, 87.35295104980469]
  Arm Counts: [13.0, 14.0, 41.0]
  Value of t: 66
  UCB Scores: [4.7793707847595215, 4.7819085121154785, 4.929980754852295]

Epoch 65 Summary | LR: 0.000992 | Time: 9.10
Train Loss: 0.0103 | Train Acc: 100.00%
Val Loss: 0.6343 | Val Acc: 90.00%
--------------------------------------------------
  Selected Arms: [2]
  Arm Rewards: [-0.49019598960876465, 1.9607843160629272, 87.45098876953125]
  Arm Counts: [13.0, 14.0, 42.0]
  Value of t: 67
  UCB Scores: [4.788007736206055, 4.790231704711914, 4.850275039672852]

Epoch 66 Summary | LR: 0.000992 | Time: 9.09
Train Loss: 0.0100 | Train Acc: 100.00%
Val Loss: 0.6354 | Val Acc: 90.10%
--------------------------------------------------
No improvement for 1 epoch(s)
  Selected Arms: [1]
  Arm Rewards: [-0.49019598960876465, 1.9607843160629272, 87.45098876953125]
  Arm Counts: [13.0, 15.0, 42.0]
  Value of t: 68
  UCB Scores: [4.796502113342285, 4.798416614532471, 4.771672248840332]

Epoch 67 Summary | LR: 0.000992 | Time: 9.05
Train Loss: 0.0097 | Train Acc: 100.00%
Val Loss: 0.6376 | Val Acc: 90.10%
--------------------------------------------------
No improvement for 2 epoch(s)
  Selected Arms: [0]
  Arm Rewards: [-0.49019598960876465, 1.6666666269302368, 87.45098876953125]
  Arm Counts: [14.0, 15.0, 42.0]
  Value of t: 69
  UCB Scores: [4.8048577308654785, 4.619293689727783, 4.776320934295654]

Epoch 68 Summary | LR: 0.000992 | Time: 9.05
Train Loss: 0.0096 | Train Acc: 100.00%
Val Loss: 0.6406 | Val Acc: 89.80%
--------------------------------------------------
No improvement for 3 epoch(s)
  Selected Arms: [2]
  Arm Rewards: [-0.1960783302783966, 1.6666666269302368, 87.45098876953125]
  Arm Counts: [14.0, 15.0, 43.0]
  Value of t: 70
  UCB Scores: [4.6603288650512695, 4.626947402954102, 4.780894756317139]

Epoch 69 Summary | LR: 0.000991 | Time: 9.03
Train Loss: 0.0094 | Train Acc: 100.00%
Val Loss: 0.6360 | Val Acc: 90.10%
--------------------------------------------------
No improvement for 4 epoch(s)
  Selected Arms: [2]
  Arm Rewards: [-0.1960783302783966, 1.6666666269302368, 87.25491333007812]
  Arm Counts: [14.0, 15.0, 44.0]
  Value of t: 71
  UCB Scores: [4.668125629425049, 4.634479522705078, 4.700796127319336]

Epoch 70 Summary | LR: 0.000991 | Time: 9.06
Train Loss: 0.0092 | Train Acc: 100.00%
Val Loss: 0.6369 | Val Acc: 89.90%
--------------------------------------------------
No improvement for 5 epoch(s)
  Selected Arms: [0]
  Arm Rewards: [-0.1960783302783966, 1.6666666269302368, 87.45098876953125]
  Arm Counts: [15.0, 15.0, 44.0]
  Value of t: 72
  UCB Scores: [4.675800800323486, 4.641894340515137, 4.632929801940918]

Epoch 71 Summary | LR: 0.000991 | Time: 9.03
Train Loss: 0.0091 | Train Acc: 100.00%
Val Loss: 0.6364 | Val Acc: 90.10%
--------------------------------------------------
No improvement for 6 epoch(s)
  Selected Arms: [1]
  Arm Rewards: [-0.39215677976608276, 1.6666666269302368, 87.45098876953125]
  Arm Counts: [15.0, 16.0, 44.0]
  Value of t: 73
  UCB Scores: [4.511940002441406, 4.649195194244385, 4.637192726135254]

Epoch 72 Summary | LR: 0.000990 | Time: 8.97
Train Loss: 0.0089 | Train Acc: 100.00%
Val Loss: 0.6329 | Val Acc: 89.90%
--------------------------------------------------
  Selected Arms: [2]
  Arm Rewards: [-0.39215677976608276, 1.8627450466156006, 87.45098876953125]
  Arm Counts: [15.0, 16.0, 45.0]
  Value of t: 74
  UCB Scores: [4.519129753112793, 4.517364025115967, 4.641390323638916]

Epoch 73 Summary | LR: 0.000990 | Time: 9.03
Train Loss: 0.0088 | Train Acc: 100.00%
Val Loss: 0.6300 | Val Acc: 90.10%
--------------------------------------------------
  Selected Arms: [2]
  Arm Rewards: [-0.39215677976608276, 1.8627450466156006, 87.25491333007812]
  Arm Counts: [15.0, 16.0, 46.0]
  Value of t: 75
  UCB Scores: [4.526211738586426, 4.524220943450928, 4.5673017501831055]

Epoch 74 Summary | LR: 0.000990 | Time: 9.08
Train Loss: 0.0087 | Train Acc: 100.00%
Val Loss: 0.6334 | Val Acc: 89.90%
--------------------------------------------------
No improvement for 1 epoch(s)
  Selected Arms: [0]
  Arm Rewards: [-0.39215677976608276, 1.8627450466156006, 87.54903411865234]
  Arm Counts: [16.0, 16.0, 46.0]
  Value of t: 76
  UCB Scores: [4.533189296722412, 4.530977249145508, 4.506802558898926]

Epoch 75 Summary | LR: 0.000989 | Time: 9.09
Train Loss: 0.0085 | Train Acc: 100.00%
Val Loss: 0.6340 | Val Acc: 90.20%
--------------------------------------------------
No improvement for 2 epoch(s)
  Selected Arms: [1]
  Arm Rewards: [-0.49019598960876465, 1.8627450466156006, 87.54903411865234]
  Arm Counts: [16.0, 17.0, 46.0]
  Value of t: 77
  UCB Scores: [4.390575885772705, 4.537634372711182, 4.5107293128967285]

Epoch 76 Summary | LR: 0.000989 | Time: 9.10
Train Loss: 0.0084 | Train Acc: 100.00%
Val Loss: 0.6297 | Val Acc: 90.10%
--------------------------------------------------
  Selected Arms: [2]
  Arm Rewards: [-0.49019598960876465, 2.058823585510254, 87.54903411865234]
  Arm Counts: [16.0, 17.0, 47.0]
  Value of t: 78
  UCB Scores: [4.397137641906738, 4.416679859161377, 4.514598846435547]

Epoch 77 Summary | LR: 0.000989 | Time: 8.95
Train Loss: 0.0083 | Train Acc: 100.00%
Val Loss: 0.6261 | Val Acc: 90.29%
--------------------------------------------------
  Selected Arms: [2]
  Arm Rewards: [-0.49019598960876465, 2.058823585510254, 87.35295867919922]
  Arm Counts: [16.0, 17.0, 48.0]
  Value of t: 79
  UCB Scores: [4.403606414794922, 4.422955513000488, 4.44577693939209]

Epoch 78 Summary | LR: 0.000988 | Time: 9.03
Train Loss: 0.0081 | Train Acc: 100.00%
Val Loss: 0.6244 | Val Acc: 90.10%
--------------------------------------------------
  Selected Arms: [1]
  Arm Rewards: [-0.49019598960876465, 2.058823585510254, 87.54903411865234]
  Arm Counts: [16.0, 18.0, 48.0]
  Value of t: 80
  UCB Scores: [4.409984111785889, 4.429142951965332, 4.38773250579834]

Epoch 79 Summary | LR: 0.000988 | Time: 9.05
Train Loss: 0.0081 | Train Acc: 100.00%
Val Loss: 0.6259 | Val Acc: 90.29%
--------------------------------------------------
No improvement for 1 epoch(s)
  Selected Arms: [0]
  Arm Rewards: [-0.49019598960876465, 1.7647058963775635, 87.54903411865234]
  Arm Counts: [17.0, 18.0, 48.0]
  Value of t: 81
  UCB Scores: [4.416274070739746, 4.290627479553223, 4.391363620758057]

Epoch 80 Summary | LR: 0.000988 | Time: 9.08
Train Loss: 0.0079 | Train Acc: 100.00%
Val Loss: 0.6253 | Val Acc: 90.00%
--------------------------------------------------
No improvement for 2 epoch(s)
  Selected Arms: [2]
  Arm Rewards: [-0.09803912043571472, 1.7647058963775635, 87.54903411865234]
  Arm Counts: [17.0, 18.0, 49.0]
  Value of t: 82
  UCB Scores: [4.314389705657959, 4.2964768409729, 4.3949456214904785]

Epoch 81 Summary | LR: 0.000987 | Time: 8.98
Train Loss: 0.0078 | Train Acc: 100.00%
Val Loss: 0.6237 | Val Acc: 90.39%
--------------------------------------------------
  Selected Arms: [2]
  Arm Rewards: [-0.09803912043571472, 1.7647058963775635, 87.058837890625]
  Arm Counts: [17.0, 18.0, 50.0]
  Value of t: 83
  UCB Scores: [4.320326805114746, 4.302247047424316, 4.324845790863037]

Epoch 82 Summary | LR: 0.000987 | Time: 9.10
Train Loss: 0.0077 | Train Acc: 100.00%
Val Loss: 0.6297 | Val Acc: 89.90%
--------------------------------------------------
No improvement for 1 epoch(s)
  Selected Arms: [0]
  Arm Rewards: [-0.09803912043571472, 1.7647058963775635, 87.54903411865234]
  Arm Counts: [18.0, 18.0, 50.0]
  Value of t: 84
  UCB Scores: [4.326185703277588, 4.307940483093262, 4.276921272277832]

Epoch 83 Summary | LR: 0.000987 | Time: 9.02
Train Loss: 0.0076 | Train Acc: 100.00%
Val Loss: 0.6259 | Val Acc: 90.39%
--------------------------------------------------
No improvement for 2 epoch(s)
  Selected Arms: [1]
  Arm Rewards: [-0.2941175699234009, 1.7647058963775635, 87.54903411865234]
  Arm Counts: [18.0, 19.0, 50.0]
  Value of t: 85
  UCB Scores: [4.199179649353027, 4.313558578491211, 4.280292510986328]

Epoch 84 Summary | LR: 0.000986 | Time: 9.04
Train Loss: 0.0075 | Train Acc: 100.00%
Val Loss: 0.6212 | Val Acc: 90.20%
--------------------------------------------------
  Selected Arms: [2]
  Arm Rewards: [-0.2941175699234009, 1.5686274766921997, 87.54903411865234]
  Arm Counts: [18.0, 19.0, 51.0]
  Value of t: 86
  UCB Scores: [4.20472526550293, 4.191042423248291, 4.283619403839111]

Epoch 85 Summary | LR: 0.000986 | Time: 9.06
Train Loss: 0.0074 | Train Acc: 100.00%
Val Loss: 0.6198 | Val Acc: 90.00%
--------------------------------------------------
  Selected Arms: [2]
  Arm Rewards: [-0.2941175699234009, 1.5686274766921997, 87.74510955810547]
  Arm Counts: [18.0, 19.0, 52.0]
  Value of t: 87
  UCB Scores: [4.210199356079102, 4.196370601654053, 4.231430530548096]

Epoch 86 Summary | LR: 0.000986 | Time: 9.13
Train Loss: 0.0072 | Train Acc: 100.00%
Val Loss: 0.6199 | Val Acc: 90.20%
--------------------------------------------------
No improvement for 1 epoch(s)
  Selected Arms: [0]
  Arm Rewards: [-0.2941175699234009, 1.5686274766921997, 87.45098876953125]
  Arm Counts: [19.0, 19.0, 52.0]
  Value of t: 88
  UCB Scores: [4.215603828430176, 4.20163106918335, 4.17160701751709]

Epoch 87 Summary | LR: 0.000985 | Time: 9.07
Train Loss: 0.0071 | Train Acc: 100.00%
Val Loss: 0.6216 | Val Acc: 89.90%
--------------------------------------------------
No improvement for 2 epoch(s)
  Selected Arms: [1]
  Arm Rewards: [-0.196078360080719, 1.5686274766921997, 87.45098876953125]
  Arm Counts: [19.0, 20.0, 52.0]
  Value of t: 89
  UCB Scores: [4.113945960998535, 4.206825256347656, 4.174746990203857]

Epoch 88 Summary | LR: 0.000985 | Time: 9.08
Train Loss: 0.0070 | Train Acc: 100.00%
Val Loss: 0.6195 | Val Acc: 90.00%
--------------------------------------------------
  Selected Arms: [2]
  Arm Rewards: [-0.196078360080719, 1.470588207244873, 87.45098876953125]
  Arm Counts: [19.0, 20.0, 53.0]
  Value of t: 90
  UCB Scores: [4.119075775146484, 4.098366737365723, 4.177847862243652]

Epoch 89 Summary | LR: 0.000984 | Time: 9.06
Train Loss: 0.0069 | Train Acc: 100.00%
Val Loss: 0.6203 | Val Acc: 89.90%
--------------------------------------------------
No improvement for 1 epoch(s)
  Selected Arms: [0]
  Arm Rewards: [-0.196078360080719, 1.470588207244873, 87.15686798095703]
  Arm Counts: [20.0, 20.0, 53.0]
  Value of t: 91
  UCB Scores: [4.124143123626709, 4.103305339813232, 4.119940757751465]

Epoch 90 Summary | LR: 0.000984 | Time: 9.05
Train Loss: 0.0068 | Train Acc: 100.00%
Val Loss: 0.6213 | Val Acc: 89.61%
--------------------------------------------------
No improvement for 2 epoch(s)
  Selected Arms: [2]
  Arm Rewards: [0.2941177189350128, 1.470588207244873, 87.15686798095703]
  Arm Counts: [20.0, 20.0, 54.0]
  Value of t: 92
  UCB Scores: [4.049360752105713, 4.108184337615967, 4.12293815612793]

Epoch 91 Summary | LR: 0.000984 | Time: 9.07
Train Loss: 0.0067 | Train Acc: 100.00%
Val Loss: 0.6222 | Val Acc: 90.10%
--------------------------------------------------
No improvement for 3 epoch(s)
  Selected Arms: [1]
  Arm Rewards: [0.2941177189350128, 1.470588207244873, 86.9607925415039]
  Arm Counts: [20.0, 21.0, 54.0]
  Value of t: 93
  UCB Scores: [4.054181098937988, 4.113004207611084, 4.068731307983398]

Epoch 92 Summary | LR: 0.000983 | Time: 9.02
Train Loss: 0.0066 | Train Acc: 100.00%
Val Loss: 0.6201 | Val Acc: 89.90%
--------------------------------------------------
No improvement for 4 epoch(s)
  Selected Arms: [2]
  Arm Rewards: [0.2941177189350128, 1.5686274766921997, 86.9607925415039]
  Arm Counts: [20.0, 21.0, 55.0]
  Value of t: 94
  UCB Scores: [4.058943748474121, 4.021468639373779, 4.071630001068115]

Epoch 93 Summary | LR: 0.000983 | Time: 9.12
Train Loss: 0.0065 | Train Acc: 100.00%
Val Loss: 0.6185 | Val Acc: 90.00%
--------------------------------------------------
  Selected Arms: [0]
  Arm Rewards: [0.2941177189350128, 1.5686274766921997, 86.86275482177734]
  Arm Counts: [21.0, 21.0, 55.0]
  Value of t: 95
  UCB Scores: [4.063651084899902, 4.026062488555908, 4.020928382873535]

Epoch 94 Summary | LR: 0.000982 | Time: 9.10
Train Loss: 0.0064 | Train Acc: 100.00%
Val Loss: 0.6186 | Val Acc: 89.90%
--------------------------------------------------
No improvement for 1 epoch(s)
  Selected Arms: [1]
  Arm Rewards: [0.3921569287776947, 1.5686274766921997, 86.86275482177734]
  Arm Counts: [21.0, 22.0, 55.0]
  Value of t: 96
  UCB Scores: [3.9745802879333496, 4.030602931976318, 4.023734092712402]

Epoch 95 Summary | LR: 0.000982 | Time: 9.05
Train Loss: 0.0064 | Train Acc: 100.00%
Val Loss: 0.6134 | Val Acc: 90.00%
--------------------------------------------------
  Selected Arms: [2]
  Arm Rewards: [0.3921569287776947, 1.2745097875595093, 86.86275482177734]
  Arm Counts: [21.0, 22.0, 56.0]
  Value of t: 97
  UCB Scores: [3.9790685176849365, 3.9272708892822266, 4.026507377624512]

Epoch 96 Summary | LR: 0.000981 | Time: 9.04
Train Loss: 0.0063 | Train Acc: 100.00%
Val Loss: 0.6156 | Val Acc: 89.71%
--------------------------------------------------
No improvement for 1 epoch(s)
  Selected Arms: [0]
  Arm Rewards: [0.3921569287776947, 1.2745097875595093, 86.86275482177734]
  Arm Counts: [22.0, 22.0, 56.0]
  Value of t: 98
  UCB Scores: [3.9835054874420166, 3.9316060543060303, 3.979074239730835]

Epoch 97 Summary | LR: 0.000981 | Time: 9.06
Train Loss: 0.0063 | Train Acc: 100.00%
Val Loss: 0.6172 | Val Acc: 89.71%
--------------------------------------------------
No improvement for 2 epoch(s)
  Selected Arms: [2]
  Arm Rewards: [0.4901961386203766, 1.2745097875595093, 86.86275482177734]
  Arm Counts: [22.0, 22.0, 57.0]
  Value of t: 99
  UCB Scores: [3.9002416133880615, 3.935892343521118, 3.9817607402801514]

Epoch 98 Summary | LR: 0.000981 | Time: 9.00
Train Loss: 0.0062 | Train Acc: 100.00%
Val Loss: 0.6187 | Val Acc: 89.80%
--------------------------------------------------
No improvement for 3 epoch(s)
  Selected Arms: [1]
  Arm Rewards: [0.4901961386203766, 1.2745097875595093, 86.76471710205078]
  Arm Counts: [22.0, 23.0, 57.0]
  Value of t: 100
  UCB Scores: [3.904480218887329, 3.9401309490203857, 3.9340455532073975]

Epoch 99 Summary | LR: 0.000980 | Time: 8.98
Train Loss: 0.0062 | Train Acc: 100.00%
Val Loss: 0.6117 | Val Acc: 89.71%
--------------------------------------------------
  Selected Arms: [2]
  Arm Rewards: [0.4901961386203766, 0.9803920984268188, 86.76471710205078]
  Arm Counts: [22.0, 23.0, 58.0]
  Value of t: 101
  UCB Scores: [3.9086720943450928, 3.843590497970581, 3.936649799346924]

Epoch 100 Summary | LR: 0.000980 | Time: 9.05
Train Loss: 0.0061 | Train Acc: 100.00%
Val Loss: 0.6109 | Val Acc: 89.41%
--------------------------------------------------
  Selected Arms: [0]
  Arm Rewards: [0.4901961386203766, 0.9803920984268188, 86.9607925415039]
  Arm Counts: [23.0, 23.0, 58.0]
  Value of t: 102
  UCB Scores: [3.912818193435669, 3.8476455211639404, 3.8954343795776367]

Epoch 101 Summary | LR: 0.000979 | Time: 8.96
Train Loss: 0.0060 | Train Acc: 100.00%
Val Loss: 0.6124 | Val Acc: 89.61%
--------------------------------------------------
No improvement for 1 epoch(s)
  Selected Arms: [2]
  Arm Rewards: [0.5882353782653809, 0.9803920984268188, 86.9607925415039]
  Arm Counts: [23.0, 23.0, 59.0]
  Value of t: 103
  UCB Scores: [3.834606409072876, 3.851656675338745, 3.8979604244232178]

Epoch 102 Summary | LR: 0.000979 | Time: 8.99
Train Loss: 0.0061 | Train Acc: 100.00%
Val Loss: 0.6068 | Val Acc: 89.71%
--------------------------------------------------
  Selected Arms: [1]
  Arm Rewards: [0.5882353782653809, 0.9803920984268188, 86.56863403320312]
  Arm Counts: [23.0, 24.0, 59.0]
  Value of t: 104
  UCB Scores: [3.8385746479034424, 3.8556249141693115, 3.8479647636413574]

Epoch 103 Summary | LR: 0.000978 | Time: 9.03
Train Loss: 0.0059 | Train Acc: 100.00%
Val Loss: 0.6069 | Val Acc: 89.31%
--------------------------------------------------
No improvement for 1 epoch(s)
  Selected Arms: [2]
  Arm Rewards: [0.5882353782653809, 1.6666666269302368, 86.56863403320312]
  Arm Counts: [23.0, 24.0, 60.0]
  Value of t: 105
  UCB Scores: [3.842500925064087, 3.806004524230957, 3.8504161834716797]

Epoch 104 Summary | LR: 0.000978 | Time: 9.02
Train Loss: 0.0058 | Train Acc: 100.00%
Val Loss: 0.6086 | Val Acc: 90.00%
--------------------------------------------------
No improvement for 2 epoch(s)
  Selected Arms: [0]
  Arm Rewards: [0.5882353782653809, 1.6666666269302368, 86.17647552490234]
  Arm Counts: [24.0, 24.0, 60.0]
  Value of t: 106
  UCB Scores: [3.8463857173919678, 3.809807777404785, 3.8018879890441895]

Epoch 105 Summary | LR: 0.000977 | Time: 9.07
Train Loss: 0.0057 | Train Acc: 100.00%
Val Loss: 0.6150 | Val Acc: 89.61%
--------------------------------------------------
No improvement for 3 epoch(s)
  Selected Arms: [1]
  Arm Rewards: [0.490196168422699, 1.6666666269302368, 86.17647552490234]
  Arm Counts: [24.0, 25.0, 60.0]
  Value of t: 107
  UCB Scores: [3.764551877975464, 3.8135714530944824, 3.8042683601379395]

Epoch 106 Summary | LR: 0.000977 | Time: 9.10
Train Loss: 0.0058 | Train Acc: 100.00%
Val Loss: 0.6053 | Val Acc: 89.51%
--------------------------------------------------
  Selected Arms: [2]
  Arm Rewards: [0.490196168422699, 1.470588207244873, 86.17647552490234]
  Arm Counts: [24.0, 25.0, 61.0]
  Value of t: 108
  UCB Scores: [3.7682766914367676, 3.7309534549713135, 3.806624412536621]

Epoch 107 Summary | LR: 0.000976 | Time: 9.07
Train Loss: 0.0058 | Train Acc: 100.00%
Val Loss: 0.6139 | Val Acc: 89.31%
--------------------------------------------------
No improvement for 1 epoch(s)
  Selected Arms: [0]
  Arm Rewards: [0.490196168422699, 1.470588207244873, 85.88235473632812]
  Arm Counts: [25.0, 25.0, 61.0]
  Value of t: 109
  UCB Scores: [3.771963596343994, 3.7345659732818604, 3.7610602378845215]

Epoch 108 Summary | LR: 0.000976 | Time: 9.03
Train Loss: 0.0059 | Train Acc: 100.00%
Val Loss: 0.6140 | Val Acc: 89.02%
--------------------------------------------------
No improvement for 2 epoch(s)
  Selected Arms: [2]
  Arm Rewards: [0.5882353782653809, 1.470588207244873, 85.88235473632812]
  Arm Counts: [25.0, 25.0, 62.0]
  Value of t: 110
  UCB Scores: [3.702847719192505, 3.7381417751312256, 3.7633495330810547]

Epoch 109 Summary | LR: 0.000976 | Time: 9.10
Train Loss: 0.0060 | Train Acc: 100.00%
Val Loss: 0.6296 | Val Acc: 89.12%
--------------------------------------------------
No improvement for 3 epoch(s)
  Selected Arms: [1]
  Arm Rewards: [0.5882353782653809, 1.470588207244873, 86.5686264038086]
  Arm Counts: [25.0, 26.0, 62.0]
  Value of t: 111
  UCB Scores: [3.706387996673584, 3.7416820526123047, 3.7348856925964355]

Epoch 110 Summary | LR: 0.000975 | Time: 9.09
Train Loss: 0.0067 | Train Acc: 100.00%
Val Loss: 0.6239 | Val Acc: 89.80%
--------------------------------------------------
No improvement for 4 epoch(s)
  Selected Arms: [2]
  Arm Rewards: [0.5882353782653809, 1.1764705181121826, 86.5686264038086]
  Arm Counts: [25.0, 26.0, 63.0]
  Value of t: 112
  UCB Scores: [3.709892988204956, 3.6600258350372314, 3.7371113300323486]

Epoch 111 Summary | LR: 0.000975 | Time: 9.03
Train Loss: 0.0069 | Train Acc: 100.00%
Val Loss: 0.5930 | Val Acc: 89.51%
--------------------------------------------------
  Selected Arms: [0]
  Arm Rewards: [0.5882353782653809, 1.1764705181121826, 86.66666412353516]
  Arm Counts: [26.0, 26.0, 63.0]
  Value of t: 113
  UCB Scores: [3.7133636474609375, 3.663429021835327, 3.700038433074951]

Epoch 112 Summary | LR: 0.000974 | Time: 9.05
Train Loss: 0.0065 | Train Acc: 100.00%
Val Loss: 0.6108 | Val Acc: 89.61%
--------------------------------------------------
No improvement for 1 epoch(s)
  Selected Arms: [2]
  Arm Rewards: [0.09803929924964905, 1.1764705181121826, 86.66666412353516]
  Arm Counts: [26.0, 26.0, 64.0]
  Value of t: 114
  UCB Scores: [3.6253209114074707, 3.6667990684509277, 3.7022035121917725]

Epoch 113 Summary | LR: 0.000974 | Time: 9.05
Train Loss: 0.0058 | Train Acc: 100.00%
Val Loss: 0.6048 | Val Acc: 89.12%
--------------------------------------------------
No improvement for 2 epoch(s)
  Selected Arms: [1]
  Arm Rewards: [0.09803929924964905, 1.1764705181121826, 86.76470184326172]
  Arm Counts: [26.0, 27.0, 64.0]
  Value of t: 115
  UCB Scores: [3.6286585330963135, 3.6701366901397705, 3.6661202907562256]

Epoch 114 Summary | LR: 0.000973 | Time: 9.04
Train Loss: 0.0056 | Train Acc: 100.00%
Val Loss: 0.6020 | Val Acc: 89.22%
--------------------------------------------------
No improvement for 3 epoch(s)
  Selected Arms: [2]
  Arm Rewards: [0.09803929924964905, 1.6666666269302368, 86.76470184326172]
  Arm Counts: [26.0, 27.0, 65.0]
  Value of t: 116
  UCB Scores: [3.6319642066955566, 3.6220991611480713, 3.668227195739746]

Epoch 115 Summary | LR: 0.000973 | Time: 9.05
Train Loss: 0.0053 | Train Acc: 100.00%
Val Loss: 0.5893 | Val Acc: 89.71%
--------------------------------------------------
  Selected Arms: [0]
  Arm Rewards: [0.09803929924964905, 1.6666666269302368, 86.76470184326172]
  Arm Counts: [27.0, 27.0, 65.0]
  Value of t: 117
  UCB Scores: [3.6352386474609375, 3.625312328338623, 3.6315834522247314]

Epoch 116 Summary | LR: 0.000972 | Time: 9.02
Train Loss: 0.0052 | Train Acc: 100.00%
Val Loss: 0.5968 | Val Acc: 89.71%
--------------------------------------------------
No improvement for 1 epoch(s)
  Selected Arms: [2]
  Arm Rewards: [0.19607850909233093, 1.6666666269302368, 86.76470184326172]
  Arm Counts: [27.0, 27.0, 66.0]
  Value of t: 118
  UCB Scores: [3.574028968811035, 3.628495216369629, 3.6336348056793213]

Epoch 117 Summary | LR: 0.000971 | Time: 8.97
Train Loss: 0.0051 | Train Acc: 100.00%
Val Loss: 0.5917 | Val Acc: 89.80%
--------------------------------------------------
No improvement for 2 epoch(s)
  Selected Arms: [1]
  Arm Rewards: [0.19607850909233093, 1.6666666269302368, 86.27450561523438]
  Arm Counts: [27.0, 28.0, 66.0]
  Value of t: 119
  UCB Scores: [3.5771822929382324, 3.631648540496826, 3.590517997741699]

Epoch 118 Summary | LR: 0.000971 | Time: 9.08
Train Loss: 0.0050 | Train Acc: 100.00%
Val Loss: 0.5883 | Val Acc: 89.31%
--------------------------------------------------
  Selected Arms: [2]
  Arm Rewards: [0.19607850909233093, 2.058823585510254, 86.27450561523438]
  Arm Counts: [27.0, 28.0, 67.0]
  Value of t: 120
  UCB Scores: [3.5803062915802, 3.5821890830993652, 3.5925161838531494]

Epoch 119 Summary | LR: 0.000970 | Time: 9.07
Train Loss: 0.0050 | Train Acc: 100.00%
Val Loss: 0.5860 | Val Acc: 89.71%
--------------------------------------------------
  Selected Arms: [1]
  Arm Rewards: [0.19607850909233093, 2.058823585510254, 85.98038482666016]
  Arm Counts: [27.0, 29.0, 67.0]
  Value of t: 121
  UCB Scores: [3.583401918411255, 3.58522891998291, 3.553462266921997]

Epoch 120 Summary | LR: 0.000970 | Time: 9.08
Train Loss: 0.0049 | Train Acc: 100.00%
Val Loss: 0.5931 | Val Acc: 89.41%
--------------------------------------------------
No improvement for 1 epoch(s)
  Selected Arms: [0]
  Arm Rewards: [0.19607850909233093, 2.156862735748291, 85.98038482666016]
  Arm Counts: [28.0, 29.0, 67.0]
  Value of t: 122
  UCB Scores: [3.5864691734313965, 3.527956008911133, 3.5554094314575195]

Epoch 121 Summary | LR: 0.000969 | Time: 9.06
Train Loss: 0.0048 | Train Acc: 100.00%
Val Loss: 0.5939 | Val Acc: 89.51%
--------------------------------------------------
No improvement for 2 epoch(s)
  Selected Arms: [2]
  Arm Rewards: [-0.196078360080719, 2.156862735748291, 85.98038482666016]
  Arm Counts: [28.0, 29.0, 68.0]
  Value of t: 123
  UCB Scores: [3.5106935501098633, 3.5308890342712402, 3.5573391914367676]

Epoch 122 Summary | LR: 0.000969 | Time: 9.07
Train Loss: 0.0048 | Train Acc: 100.00%
Val Loss: 0.5952 | Val Acc: 89.12%
--------------------------------------------------
No improvement for 3 epoch(s)
  Selected Arms: [1]
  Arm Rewards: [-0.196078360080719, 2.156862735748291, 86.17646026611328]
  Arm Counts: [28.0, 30.0, 68.0]
  Value of t: 124
  UCB Scores: [3.5136518478393555, 3.5337958335876465, 3.526466131210327]

Epoch 123 Summary | LR: 0.000968 | Time: 9.10
Train Loss: 0.0047 | Train Acc: 100.00%
Val Loss: 0.5915 | Val Acc: 89.31%
--------------------------------------------------
No improvement for 4 epoch(s)
  Selected Arms: [2]
  Arm Rewards: [-0.196078360080719, 2.3529412746429443, 86.17646026611328]
  Arm Counts: [28.0, 30.0, 69.0]
  Value of t: 125
  UCB Scores: [3.5165839195251465, 3.482539653778076, 3.5283474922180176]

Epoch 124 Summary | LR: 0.000968 | Time: 9.10
Train Loss: 0.0047 | Train Acc: 100.00%
Val Loss: 0.5977 | Val Acc: 89.51%
--------------------------------------------------
No improvement for 5 epoch(s)
  Selected Arms: [0]
  Arm Rewards: [-0.196078360080719, 2.3529412746429443, 86.17646026611328]
  Arm Counts: [29.0, 30.0, 69.0]
  Value of t: 126
  UCB Scores: [3.5194902420043945, 3.485347270965576, 3.4953880310058594]

Epoch 125 Summary | LR: 0.000967 | Time: 9.08
Train Loss: 0.0046 | Train Acc: 100.00%
Val Loss: 0.5956 | Val Acc: 89.51%
--------------------------------------------------
No improvement for 6 epoch(s)
  Selected Arms: [2]
  Arm Rewards: [-0.39215677976608276, 2.3529412746429443, 86.17646026611328]
  Arm Counts: [29.0, 30.0, 70.0]
  Value of t: 127
  UCB Scores: [3.4544663429260254, 3.488130569458008, 3.497223377227783]

Epoch 126 Summary | LR: 0.000967 | Time: 9.04
Train Loss: 0.0046 | Train Acc: 100.00%
Val Loss: 0.5953 | Val Acc: 89.31%
--------------------------------------------------
No improvement for 7 epoch(s)
Early stopping triggered after 126 epochs.
Total training time far: 1140.83 seconds
Average time per epoch: 9.05 seconds

Creating ViT model for 102 classes...
Total parameters: 149,656,524
Trainable parameters: 2,757,324 (1.84%)
Frozen parameters: 146,899,200 (98.16%)
Using device: cuda
============================================================
Vision Transformer Fine-tuning on Flowers102
============================================================
Loading dataset...
Dataset loaded: 1020 train samples, 1020 val samples
Number of classes: 102

Creating ViT model for 102 classes...
PEFT config: PacaConfig(peft_type=<PeftType.PACA: 'PACA'>, auto_mapping=None, base_model_name_or_path=None, revision=None, task_type=<TaskType.FEATURE_EXTRACTION: 'FEATURE_EXTRACTION'>, inference_mode=False, r=48, target_modules={'mlp.3', 'out_proj', 'mlp.0'}, paca_alpha=96, fan_in_fan_out=False, bias='all', modules_to_save=['head'], layers_to_transform=None, layers_pattern=None, rank_pattern={}, alpha_pattern={}, megatron_config=None, megatron_core='megatron.core', layer_replication=None, gradient_accumulation_steps=1, steps_per_epoch=16, arm_distribution='horizontal', num_arms=3, num_arms_to_select=1, ucb_alpha=6, use_fixed_indices=False)
Total parameters: 149,656,524
Trainable parameters: 2,757,324 (1.84%)
Frozen parameters: 146,899,200 (98.16%)
Fine tuning VMamba using UCB-based PaCA:
Calculating initial validation accuracy...
Initial Val Acc: 1.18%
  Selected Arms: [0]
  Arm Rewards: [0.0, 0.0, 0.0]
  Arm Counts: [2.0, 1.0, 1.0]
  Value of t: 2
  UCB Scores: [7.064460277557373, 7.064460277557373, 7.064460277557373]

Epoch 1 Summary | LR: 0.000100 | Time: 9.05
Train Loss: 4.7215 | Train Acc: 0.78%
Val Loss: 4.6954 | Val Acc: 1.18%
--------------------------------------------------
  Selected Arms: [1]
  Arm Rewards: [0.4901960790157318, 0.0, 0.0]
  Arm Counts: [2.0, 2.0, 1.0]
  Value of t: 3
  UCB Scores: [6.533980369567871, 8.89382266998291, 8.89382266998291]

Epoch 2 Summary | LR: 0.000200 | Time: 9.02
Train Loss: 4.6987 | Train Acc: 1.08%
Val Loss: 4.6388 | Val Acc: 1.67%
--------------------------------------------------
  Selected Arms: [2]
  Arm Rewards: [0.4901960790157318, 0.4901960790157318, 0.0]
  Arm Counts: [2.0, 2.0, 2.0]
  Value of t: 4
  UCB Scores: [7.309558391571045, 7.309558391571045, 9.990654945373535]

Epoch 3 Summary | LR: 0.000300 | Time: 8.99
Train Loss: 4.5993 | Train Acc: 1.47%
Val Loss: 4.5484 | Val Acc: 2.16%
--------------------------------------------------
  Selected Arms: [2]
  Arm Rewards: [0.4901960790157318, 0.4901960790157318, 6.86274528503418]
  Arm Counts: [2.0, 2.0, 3.0]
  Value of t: 5
  UCB Scores: [7.856915473937988, 7.856915473937988, 11.043190002441406]

Epoch 4 Summary | LR: 0.000400 | Time: 9.00
Train Loss: 4.3824 | Train Acc: 6.86%
Val Loss: 4.3282 | Val Acc: 9.02%
--------------------------------------------------
  Selected Arms: [2]
  Arm Rewards: [0.4901960790157318, 0.4901960790157318, 22.941177368164062]
  Arm Counts: [2.0, 2.0, 4.0]
  Value of t: 6
  UCB Scores: [8.276494979858398, 8.276494979858398, 14.204668045043945]

Epoch 5 Summary | LR: 0.000500 | Time: 9.04
Train Loss: 4.0770 | Train Acc: 21.86%
Val Loss: 4.0454 | Val Acc: 25.10%
--------------------------------------------------
  Selected Arms: [2]
  Arm Rewards: [0.4901960790157318, 0.4901960790157318, 51.274513244628906]
  Arm Counts: [2.0, 2.0, 5.0]
  Value of t: 7
  UCB Scores: [8.614850997924805, 8.614850997924805, 18.736936569213867]

Epoch 6 Summary | LR: 0.000600 | Time: 9.07
Train Loss: 3.4482 | Train Acc: 59.90%
Val Loss: 3.4307 | Val Acc: 53.43%
--------------------------------------------------
  Selected Arms: [2]
  Arm Rewards: [0.4901960790157318, 0.4901960790157318, 66.37255096435547]
  Arm Counts: [2.0, 2.0, 6.0]
  Value of t: 8
  UCB Scores: [8.897259712219238, 8.897259712219238, 18.746618270874023]

Epoch 7 Summary | LR: 0.000700 | Time: 9.04
Train Loss: 2.6264 | Train Acc: 82.84%
Val Loss: 2.7629 | Val Acc: 68.53%
--------------------------------------------------
  Selected Arms: [2]
  Arm Rewards: [0.4901960790157318, 0.4901960790157318, 74.80392456054688]
  Arm Counts: [2.0, 2.0, 7.0]
  Value of t: 9
  UCB Scores: [9.138920783996582, 9.138920783996582, 17.6021728515625]

Epoch 8 Summary | LR: 0.000800 | Time: 9.07
Train Loss: 1.9485 | Train Acc: 92.25%
Val Loss: 2.3059 | Val Acc: 76.96%
--------------------------------------------------
  Selected Arms: [2]
  Arm Rewards: [0.4901960790157318, 0.4901960790157318, 80.19608306884766]
  Arm Counts: [2.0, 2.0, 8.0]
  Value of t: 10
  UCB Scores: [9.349660873413086, 9.349660873413086, 16.323177337646484]

Epoch 9 Summary | LR: 0.000900 | Time: 9.05
Train Loss: 1.3440 | Train Acc: 97.16%
Val Loss: 1.8496 | Val Acc: 82.35%
--------------------------------------------------
  Selected Arms: [2]
  Arm Rewards: [0.4901960790157318, 0.4901960790157318, 83.4313735961914]
  Arm Counts: [2.0, 2.0, 9.0]
  Value of t: 11
  UCB Scores: [9.536181449890137, 9.536181449890137, 15.074463844299316]

Epoch 10 Summary | LR: 0.001000 | Time: 9.06
Train Loss: 0.8625 | Train Acc: 99.02%
Val Loss: 1.5073 | Val Acc: 85.59%
--------------------------------------------------
  Selected Arms: [2]
  Arm Rewards: [0.4901960790157318, 0.4901960790157318, 84.11764526367188]
  Arm Counts: [2.0, 2.0, 10.0]
  Value of t: 12
  UCB Scores: [9.70324993133545, 9.70324993133545, 13.805020332336426]

Epoch 11 Summary | LR: 0.001000 | Time: 9.10
Train Loss: 0.5835 | Train Acc: 99.71%
Val Loss: 1.3746 | Val Acc: 86.27%
--------------------------------------------------
  Selected Arms: [2]
  Arm Rewards: [0.4901960790157318, 0.4901960790157318, 87.05882263183594]
  Arm Counts: [2.0, 2.0, 11.0]
  Value of t: 13
  UCB Scores: [9.854373931884766, 9.854373931884766, 13.003280639648438]

Epoch 12 Summary | LR: 0.001000 | Time: 9.07
Train Loss: 0.3496 | Train Acc: 100.00%
Val Loss: 1.1481 | Val Acc: 89.22%
--------------------------------------------------
  Selected Arms: [2]
  Arm Rewards: [0.4901960790157318, 0.4901960790157318, 87.45098114013672]
  Arm Counts: [2.0, 2.0, 12.0]
  Value of t: 14
  UCB Scores: [9.992203712463379, 9.992203712463379, 12.106268882751465]

Epoch 13 Summary | LR: 0.001000 | Time: 9.06
Train Loss: 0.2297 | Train Acc: 100.00%
Val Loss: 1.0678 | Val Acc: 89.61%
--------------------------------------------------
  Selected Arms: [2]
  Arm Rewards: [0.4901960790157318, 0.4901960790157318, 86.76470947265625]
  Arm Counts: [2.0, 2.0, 13.0]
  Value of t: 15
  UCB Scores: [10.118790626525879, 10.118790626525879, 11.261310577392578]

Epoch 14 Summary | LR: 0.001000 | Time: 9.07
Train Loss: 0.1804 | Train Acc: 100.00%
Val Loss: 1.0352 | Val Acc: 88.92%
--------------------------------------------------
  Selected Arms: [2]
  Arm Rewards: [0.4901960790157318, 0.4901960790157318, 87.35294342041016]
  Arm Counts: [2.0, 2.0, 14.0]
  Value of t: 16
  UCB Scores: [10.235753059387207, 10.235753059387207, 10.638114929199219]

Epoch 15 Summary | LR: 0.001000 | Time: 9.10
Train Loss: 0.1405 | Train Acc: 100.00%
Val Loss: 0.9359 | Val Acc: 89.51%
--------------------------------------------------
  Selected Arms: [0]
  Arm Rewards: [0.4901960790157318, 0.4901960790157318, 87.8431396484375]
  Arm Counts: [3.0, 2.0, 14.0]
  Value of t: 17
  UCB Scores: [10.344388961791992, 10.344388961791992, 10.091683387756348]

Epoch 16 Summary | LR: 0.001000 | Time: 9.01
Train Loss: 0.1117 | Train Acc: 100.00%
Val Loss: 0.9006 | Val Acc: 90.00%
--------------------------------------------------
  Selected Arms: [1]
  Arm Rewards: [0.4901960790157318, 0.4901960790157318, 87.8431396484375]
  Arm Counts: [3.0, 3.0, 14.0]
  Value of t: 18
  UCB Scores: [8.492199897766113, 10.445754051208496, 10.129996299743652]

Epoch 17 Summary | LR: 0.001000 | Time: 8.99
Train Loss: 0.0982 | Train Acc: 100.00%
Val Loss: 0.8984 | Val Acc: 90.00%
--------------------------------------------------
  Selected Arms: [2]
  Arm Rewards: [0.4901960790157318, 0.19607841968536377, 87.8431396484375]
  Arm Counts: [3.0, 3.0, 15.0]
  Value of t: 19
  UCB Scores: [8.569737434387207, 8.471698760986328, 10.165888786315918]

Epoch 18 Summary | LR: 0.001000 | Time: 9.04
Train Loss: 0.0846 | Train Acc: 100.00%
Val Loss: 0.8557 | Val Acc: 89.71%
--------------------------------------------------
  Selected Arms: [2]
  Arm Rewards: [0.4901960790157318, 0.19607841968536377, 88.13726043701172]
  Arm Counts: [3.0, 3.0, 16.0]
  Value of t: 20
  UCB Scores: [8.6426420211792, 8.54460334777832, 9.667850494384766]

Epoch 19 Summary | LR: 0.001000 | Time: 9.10
Train Loss: 0.0721 | Train Acc: 100.00%
Val Loss: 0.8401 | Val Acc: 90.00%
--------------------------------------------------
  Selected Arms: [2]
  Arm Rewards: [0.4901960790157318, 0.19607841968536377, 88.23529815673828]
  Arm Counts: [3.0, 3.0, 17.0]
  Value of t: 21
  UCB Scores: [8.71141242980957, 8.613372802734375, 9.216104507446289]

Epoch 20 Summary | LR: 0.001000 | Time: 9.03
Train Loss: 0.0606 | Train Acc: 100.00%
Val Loss: 0.8162 | Val Acc: 90.10%
--------------------------------------------------
  Selected Arms: [2]
  Arm Rewards: [0.4901960790157318, 0.19607841968536377, 88.13726043701172]
  Arm Counts: [3.0, 3.0, 18.0]
  Value of t: 22
  UCB Scores: [8.776471138000488, 8.67843246459961, 8.802759170532227]

Epoch 21 Summary | LR: 0.001000 | Time: 9.12
Train Loss: 0.0524 | Train Acc: 100.00%
Val Loss: 0.7980 | Val Acc: 90.00%
--------------------------------------------------
  Selected Arms: [0]
  Arm Rewards: [0.4901960790157318, 0.19607841968536377, 87.8431396484375]
  Arm Counts: [4.0, 3.0, 18.0]
  Value of t: 23
  UCB Scores: [8.838181495666504, 8.740142822265625, 8.421640396118164]

Epoch 22 Summary | LR: 0.001000 | Time: 9.10
Train Loss: 0.0460 | Train Acc: 100.00%
Val Loss: 0.7859 | Val Acc: 89.71%
--------------------------------------------------
  Selected Arms: [1]
  Arm Rewards: [0.686274528503418, 0.19607841968536377, 87.8431396484375]
  Arm Counts: [4.0, 4.0, 18.0]
  Value of t: 24
  UCB Scores: [7.7349653244018555, 8.79881763458252, 8.44559383392334]

Epoch 23 Summary | LR: 0.001000 | Time: 9.12
Train Loss: 0.0416 | Train Acc: 100.00%
Val Loss: 0.7718 | Val Acc: 89.90%
--------------------------------------------------
  Selected Arms: [2]
  Arm Rewards: [0.686274528503418, -1.4901161193847656e-08, 87.8431396484375]
  Arm Counts: [4.0, 4.0, 19.0]
  Value of t: 25
  UCB Scores: [7.78338623046875, 7.611817359924316, 8.468420028686523]

Epoch 24 Summary | LR: 0.001000 | Time: 9.11
Train Loss: 0.0388 | Train Acc: 100.00%
Val Loss: 0.7773 | Val Acc: 89.71%
--------------------------------------------------
No improvement for 1 epoch(s)
  Selected Arms: [2]
  Arm Rewards: [0.686274528503418, -1.4901161193847656e-08, 88.23529815673828]
  Arm Counts: [4.0, 4.0, 20.0]
  Value of t: 26
  UCB Scores: [7.82961893081665, 7.658050537109375, 8.15771770477295]

Epoch 25 Summary | LR: 0.000999 | Time: 9.09
Train Loss: 0.0353 | Train Acc: 100.00%
Val Loss: 0.7571 | Val Acc: 90.10%
--------------------------------------------------
  Selected Arms: [0]
  Arm Rewards: [0.686274528503418, -1.4901161193847656e-08, 87.64706420898438]
  Arm Counts: [5.0, 4.0, 20.0]
  Value of t: 27
  UCB Scores: [7.873845100402832, 7.702276706695557, 7.826916217803955]

Epoch 26 Summary | LR: 0.000999 | Time: 9.08
Train Loss: 0.0331 | Train Acc: 100.00%
Val Loss: 0.7488 | Val Acc: 89.51%
--------------------------------------------------
  Selected Arms: [2]
  Arm Rewards: [1.2745099067687988, -1.4901161193847656e-08, 87.64706420898438]
  Arm Counts: [5.0, 4.0, 21.0]
  Value of t: 28
  UCB Scores: [7.181931972503662, 7.744655132293701, 7.845868110656738]

Epoch 27 Summary | LR: 0.000999 | Time: 9.01
Train Loss: 0.0312 | Train Acc: 100.00%
Val Loss: 0.7374 | Val Acc: 90.10%
--------------------------------------------------
  Selected Arms: [1]
  Arm Rewards: [1.2745099067687988, -1.4901161193847656e-08, 87.54902648925781]
  Arm Counts: [5.0, 5.0, 21.0]
  Value of t: 29
  UCB Scores: [7.218310832977295, 7.785327434539795, 7.566796779632568]

Epoch 28 Summary | LR: 0.000999 | Time: 9.09
Train Loss: 0.0298 | Train Acc: 100.00%
Val Loss: 0.7442 | Val Acc: 90.00%
--------------------------------------------------
No improvement for 1 epoch(s)
  Selected Arms: [2]
  Arm Rewards: [1.2745099067687988, -0.3921568989753723, 87.54902648925781]
  Arm Counts: [5.0, 5.0, 22.0]
  Value of t: 30
  UCB Scores: [7.253276348114014, 6.919942855834961, 7.583858013153076]

Epoch 29 Summary | LR: 0.000999 | Time: 9.08
Train Loss: 0.0287 | Train Acc: 100.00%
Val Loss: 0.7314 | Val Acc: 89.61%
--------------------------------------------------
  Selected Arms: [2]
  Arm Rewards: [1.2745099067687988, -0.3921568989753723, 87.54902648925781]
  Arm Counts: [5.0, 5.0, 23.0]
  Value of t: 31
  UCB Scores: [7.286929607391357, 6.953596591949463, 7.3318891525268555]

Epoch 30 Summary | LR: 0.000999 | Time: 9.06
Train Loss: 0.0274 | Train Acc: 100.00%
Val Loss: 0.7279 | Val Acc: 89.61%
--------------------------------------------------
  Selected Arms: [0]
  Arm Rewards: [1.2745099067687988, -0.3921568989753723, 88.03922271728516]
  Arm Counts: [6.0, 5.0, 23.0]
  Value of t: 32
  UCB Scores: [7.319362163543701, 6.986028671264648, 7.1216139793396]

Epoch 31 Summary | LR: 0.000999 | Time: 9.06
Train Loss: 0.0264 | Train Acc: 100.00%
Val Loss: 0.7175 | Val Acc: 90.10%
--------------------------------------------------
  Selected Arms: [2]
  Arm Rewards: [0.5882353782653809, -0.3921568989753723, 88.03922271728516]
  Arm Counts: [6.0, 5.0, 24.0]
  Value of t: 33
  UCB Scores: [6.575545787811279, 7.017321586608887, 7.136204242706299]

Epoch 32 Summary | LR: 0.000999 | Time: 9.11
Train Loss: 0.0252 | Train Acc: 100.00%
Val Loss: 0.7211 | Val Acc: 89.41%
--------------------------------------------------
No improvement for 1 epoch(s)
  Selected Arms: [1]
  Arm Rewards: [0.5882353782653809, -0.3921568989753723, 88.13726043701172]
  Arm Counts: [6.0, 6.0, 24.0]
  Value of t: 34
  UCB Scores: [6.603139400482178, 7.047548770904541, 6.924935817718506]

Epoch 33 Summary | LR: 0.000999 | Time: 9.14
Train Loss: 0.0244 | Train Acc: 100.00%
Val Loss: 0.7136 | Val Acc: 89.51%
--------------------------------------------------
  Selected Arms: [2]
  Arm Rewards: [0.5882353782653809, -0.3921568989753723, 88.13726043701172]
  Arm Counts: [6.0, 6.0, 25.0]
  Value of t: 35
  UCB Scores: [6.629821300506592, 6.4664225578308105, 6.938276767730713]

Epoch 34 Summary | LR: 0.000999 | Time: 9.11
Train Loss: 0.0235 | Train Acc: 100.00%
Val Loss: 0.7084 | Val Acc: 89.51%
--------------------------------------------------
  Selected Arms: [2]
  Arm Rewards: [0.5882353782653809, -0.3921568989753723, 88.33333587646484]
  Arm Counts: [6.0, 6.0, 26.0]
  Value of t: 36
  UCB Scores: [6.6556477546691895, 6.492249011993408, 6.74589204788208]

Epoch 35 Summary | LR: 0.000998 | Time: 9.10
Train Loss: 0.0227 | Train Acc: 100.00%
Val Loss: 0.7039 | Val Acc: 89.71%
--------------------------------------------------
  Selected Arms: [0]
  Arm Rewards: [0.5882353782653809, -0.3921568989753723, 88.4313735961914]
  Arm Counts: [7.0, 6.0, 26.0]
  Value of t: 37
  UCB Scores: [6.680668830871582, 6.517270088195801, 6.563399791717529]

Epoch 36 Summary | LR: 0.000998 | Time: 9.07
Train Loss: 0.0219 | Train Acc: 100.00%
Val Loss: 0.7072 | Val Acc: 89.80%
--------------------------------------------------
No improvement for 1 epoch(s)
  Selected Arms: [2]
  Arm Rewards: [0.490196168422699, -0.3921568989753723, 88.4313735961914]
  Arm Counts: [7.0, 6.0, 27.0]
  Value of t: 38
  UCB Scores: [6.186822414398193, 6.541533470153809, 6.5750555992126465]

Epoch 37 Summary | LR: 0.000998 | Time: 9.04
Train Loss: 0.0212 | Train Acc: 100.00%
Val Loss: 0.7013 | Val Acc: 89.71%
--------------------------------------------------
  Selected Arms: [1]
  Arm Rewards: [0.490196168422699, -0.3921568989753723, 88.23529815673828]
  Arm Counts: [7.0, 7.0, 27.0]
  Value of t: 39
  UCB Scores: [6.208622932434082, 6.5650811195373535, 6.393593788146973]

Epoch 38 Summary | LR: 0.000998 | Time: 9.07
Train Loss: 0.0206 | Train Acc: 100.00%
Val Loss: 0.6973 | Val Acc: 89.51%
--------------------------------------------------
  Selected Arms: [2]
  Arm Rewards: [0.490196168422699, -0.4901961088180542, 88.23529815673828]
  Arm Counts: [7.0, 7.0, 28.0]
  Value of t: 40
  UCB Scores: [6.22979736328125, 6.089741230010986, 6.404375076293945]

Epoch 39 Summary | LR: 0.000998 | Time: 9.09
Train Loss: 0.0201 | Train Acc: 100.00%
Val Loss: 0.6920 | Val Acc: 89.41%
--------------------------------------------------
  Selected Arms: [0]
  Arm Rewards: [0.490196168422699, -0.4901961088180542, 88.4313735961914]
  Arm Counts: [8.0, 7.0, 28.0]
  Value of t: 41
  UCB Scores: [6.2503790855407715, 6.110323429107666, 6.248438835144043]

Epoch 40 Summary | LR: 0.000998 | Time: 9.06
Train Loss: 0.0194 | Train Acc: 100.00%
Val Loss: 0.7022 | Val Acc: 89.61%
--------------------------------------------------
No improvement for 1 epoch(s)
  Selected Arms: [2]
  Arm Rewards: [0.6862745881080627, -0.4901961088180542, 88.4313735961914]
  Arm Counts: [8.0, 7.0, 29.0]
  Value of t: 42
  UCB Scores: [5.885700225830078, 6.130342960357666, 6.258449077606201]

Epoch 41 Summary | LR: 0.000998 | Time: 9.12
Train Loss: 0.0185 | Train Acc: 100.00%
Val Loss: 0.6882 | Val Acc: 89.80%
--------------------------------------------------
  Selected Arms: [1]
  Arm Rewards: [0.6862745881080627, -0.4901961088180542, 88.23529815673828]
  Arm Counts: [8.0, 8.0, 29.0]
  Value of t: 43
  UCB Scores: [5.903928279876709, 6.149829864501953, 6.098435401916504]

Epoch 42 Summary | LR: 0.000997 | Time: 9.06
Train Loss: 0.0180 | Train Acc: 100.00%
Val Loss: 0.6948 | Val Acc: 89.61%
--------------------------------------------------
No improvement for 1 epoch(s)
  Selected Arms: [2]
  Arm Rewards: [0.6862745881080627, -0.19607844948768616, 88.23529815673828]
  Arm Counts: [8.0, 8.0, 30.0]
  Value of t: 44
  UCB Scores: [5.921682357788086, 5.8113884925842285, 6.107760429382324]

Epoch 43 Summary | LR: 0.000997 | Time: 9.02
Train Loss: 0.0173 | Train Acc: 100.00%
Val Loss: 0.6801 | Val Acc: 89.90%
--------------------------------------------------
  Selected Arms: [2]
  Arm Rewards: [0.6862745881080627, -0.19607844948768616, 87.8431396484375]
  Arm Counts: [8.0, 8.0, 31.0]
  Value of t: 45
  UCB Scores: [5.938985347747803, 5.828691005706787, 5.950685024261475]

Epoch 44 Summary | LR: 0.000997 | Time: 9.03
Train Loss: 0.0163 | Train Acc: 100.00%
Val Loss: 0.6721 | Val Acc: 89.51%
--------------------------------------------------
  Selected Arms: [0]
  Arm Rewards: [0.6862745881080627, -0.19607844948768616, 87.94117736816406]
  Arm Counts: [9.0, 8.0, 31.0]
  Value of t: 46
  UCB Scores: [5.9558587074279785, 5.845564365386963, 5.818812847137451]

Epoch 45 Summary | LR: 0.000997 | Time: 8.99
Train Loss: 0.0156 | Train Acc: 100.00%
Val Loss: 0.6781 | Val Acc: 89.61%
--------------------------------------------------
No improvement for 1 epoch(s)
  Selected Arms: [1]
  Arm Rewards: [0.7843137979507446, -0.19607844948768616, 87.94117736816406]
  Arm Counts: [9.0, 9.0, 31.0]
  Value of t: 47
  UCB Scores: [5.637027263641357, 5.862028121948242, 5.827176094055176]

Epoch 46 Summary | LR: 0.000997 | Time: 9.06
Train Loss: 0.0152 | Train Acc: 100.00%
Val Loss: 0.6674 | Val Acc: 89.71%
--------------------------------------------------
  Selected Arms: [2]
  Arm Rewards: [0.7843137979507446, -0.4901961088180542, 87.94117736816406]
  Arm Counts: [9.0, 9.0, 32.0]
  Value of t: 48
  UCB Scores: [5.652180194854736, 5.510568141937256, 5.835340976715088]

Epoch 47 Summary | LR: 0.000997 | Time: 9.10
Train Loss: 0.0146 | Train Acc: 100.00%
Val Loss: 0.6669 | Val Acc: 89.41%
--------------------------------------------------
  Selected Arms: [2]
  Arm Rewards: [0.7843137979507446, -0.4901961088180542, 87.74510192871094]
  Arm Counts: [9.0, 9.0, 33.0]
  Value of t: 49
  UCB Scores: [5.666981220245361, 5.525369167327881, 5.701189041137695]

Epoch 48 Summary | LR: 0.000996 | Time: 9.11
Train Loss: 0.0143 | Train Acc: 100.00%
Val Loss: 0.6675 | Val Acc: 89.22%
--------------------------------------------------
No improvement for 1 epoch(s)
  Selected Arms: [0]
  Arm Rewards: [0.7843137979507446, -0.4901961088180542, 88.13726043701172]
  Arm Counts: [10.0, 9.0, 33.0]
  Value of t: 50
  UCB Scores: [5.681445121765137, 5.539833068847656, 5.592353820800781]

Epoch 49 Summary | LR: 0.000996 | Time: 9.04
Train Loss: 0.0139 | Train Acc: 100.00%
Val Loss: 0.6684 | Val Acc: 89.61%
--------------------------------------------------
No improvement for 2 epoch(s)
  Selected Arms: [2]
  Arm Rewards: [0.7843137979507446, -0.4901961088180542, 88.13726043701172]
  Arm Counts: [10.0, 9.0, 34.0]
  Value of t: 51
  UCB Scores: [5.399065017700195, 5.553974151611328, 5.599738597869873]

Epoch 50 Summary | LR: 0.000996 | Time: 9.08
Train Loss: 0.0135 | Train Acc: 100.00%
Val Loss: 0.6647 | Val Acc: 89.61%
--------------------------------------------------
  Selected Arms: [1]
  Arm Rewards: [0.7843137979507446, -0.4901961088180542, 88.33333587646484]
  Arm Counts: [10.0, 10.0, 34.0]
  Value of t: 52
  UCB Scores: [5.412187576293945, 5.567806243896484, 5.49067497253418]

Epoch 51 Summary | LR: 0.000996 | Time: 9.08
Train Loss: 0.0132 | Train Acc: 100.00%
Val Loss: 0.6579 | Val Acc: 89.80%
--------------------------------------------------
  Selected Arms: [2]
  Arm Rewards: [0.7843137979507446, -0.686274528503418, 88.33333587646484]
  Arm Counts: [10.0, 10.0, 35.0]
  Value of t: 53
  UCB Scores: [5.4250288009643555, 5.277969837188721, 5.497638702392578]

Epoch 52 Summary | LR: 0.000996 | Time: 9.07
Train Loss: 0.0129 | Train Acc: 100.00%
Val Loss: 0.6589 | Val Acc: 89.61%
--------------------------------------------------
No improvement for 1 epoch(s)
  Selected Arms: [0]
  Arm Rewards: [0.7843137979507446, -0.686274528503418, 88.62745666503906]
  Arm Counts: [11.0, 10.0, 35.0]
  Value of t: 54
  UCB Scores: [5.4375996589660645, 5.29054069519043, 5.396809101104736]

Epoch 53 Summary | LR: 0.000995 | Time: 9.06
Train Loss: 0.0126 | Train Acc: 100.00%
Val Loss: 0.6571 | Val Acc: 89.90%
--------------------------------------------------
  Selected Arms: [2]
  Arm Rewards: [0.5882353782653809, -0.686274528503418, 88.62745666503906]
  Arm Counts: [11.0, 10.0, 36.0]
  Value of t: 55
  UCB Scores: [5.174981117248535, 5.302852630615234, 5.403389930725098]

Epoch 54 Summary | LR: 0.000995 | Time: 9.03
Train Loss: 0.0123 | Train Acc: 100.00%
Val Loss: 0.6557 | Val Acc: 89.71%
--------------------------------------------------
  Selected Arms: [1]
  Arm Rewards: [0.5882353782653809, -0.686274528503418, 88.43138122558594]
  Arm Counts: [11.0, 11.0, 36.0]
  Value of t: 56
  UCB Scores: [5.1864824295043945, 5.314915180206299, 5.293803691864014]

Epoch 55 Summary | LR: 0.000995 | Time: 9.06
Train Loss: 0.0121 | Train Acc: 100.00%
Val Loss: 0.6561 | Val Acc: 89.51%
--------------------------------------------------
No improvement for 1 epoch(s)
  Selected Arms: [2]
  Arm Rewards: [0.5882353782653809, -0.7843137383460999, 88.43138122558594]
  Arm Counts: [11.0, 11.0, 37.0]
  Value of t: 57
  UCB Scores: [5.197755336761475, 5.0729780197143555, 5.300034523010254]

Epoch 56 Summary | LR: 0.000995 | Time: 9.04
Train Loss: 0.0118 | Train Acc: 100.00%
Val Loss: 0.6515 | Val Acc: 89.41%
--------------------------------------------------
  Selected Arms: [0]
  Arm Rewards: [0.5882353782653809, -0.7843137383460999, 88.62745666503906]
  Arm Counts: [12.0, 11.0, 37.0]
  Value of t: 58
  UCB Scores: [5.208807468414307, 5.084030628204346, 5.20628023147583]

Epoch 57 Summary | LR: 0.000994 | Time: 9.06
Train Loss: 0.0114 | Train Acc: 100.00%
Val Loss: 0.6554 | Val Acc: 89.61%
--------------------------------------------------
No improvement for 1 epoch(s)
  Selected Arms: [2]
  Arm Rewards: [0.5882353782653809, -0.7843137383460999, 88.62745666503906]
  Arm Counts: [12.0, 11.0, 38.0]
  Value of t: 59
  UCB Scores: [4.995253086090088, 5.0948710441589355, 5.212190628051758]

Epoch 58 Summary | LR: 0.000994 | Time: 9.04
Train Loss: 0.0112 | Train Acc: 100.00%
Val Loss: 0.6495 | Val Acc: 89.61%
--------------------------------------------------
  Selected Arms: [2]
  Arm Rewards: [0.5882353782653809, -0.7843137383460999, 88.82353210449219]
  Arm Counts: [12.0, 11.0, 39.0]
  Value of t: 60
  UCB Scores: [5.005436420440674, 5.1055073738098145, 5.122727394104004]

Epoch 59 Summary | LR: 0.000994 | Time: 9.09
Train Loss: 0.0109 | Train Acc: 100.00%
Val Loss: 0.6504 | Val Acc: 89.80%
--------------------------------------------------
No improvement for 1 epoch(s)
  Selected Arms: [1]
  Arm Rewards: [0.5882353782653809, -0.7843137383460999, 88.72549438476562]
  Arm Counts: [12.0, 12.0, 39.0]
  Value of t: 61
  UCB Scores: [5.015430927276611, 5.115946292877197, 5.029881954193115]

Epoch 60 Summary | LR: 0.000994 | Time: 9.07
Train Loss: 0.0107 | Train Acc: 100.00%
Val Loss: 0.6519 | Val Acc: 89.71%
--------------------------------------------------
No improvement for 2 epoch(s)
  Selected Arms: [2]
  Arm Rewards: [0.5882353782653809, -0.686274528503418, 88.72549438476562]
  Arm Counts: [12.0, 12.0, 40.0]
  Value of t: 62
  UCB Scores: [5.025243759155273, 4.919034481048584, 5.035325050354004]

Epoch 61 Summary | LR: 0.000993 | Time: 9.00
Train Loss: 0.0105 | Train Acc: 100.00%
Val Loss: 0.6501 | Val Acc: 89.80%
--------------------------------------------------
No improvement for 3 epoch(s)
  Selected Arms: [0]
  Arm Rewards: [0.5882353782653809, -0.686274528503418, 88.62745666503906]
  Arm Counts: [13.0, 12.0, 40.0]
  Value of t: 63
  UCB Scores: [5.034880638122559, 4.928671360015869, 4.946555137634277]

Epoch 62 Summary | LR: 0.000993 | Time: 9.02
Train Loss: 0.0104 | Train Acc: 100.00%
Val Loss: 0.6455 | Val Acc: 89.71%
--------------------------------------------------
  Selected Arms: [2]
  Arm Rewards: [0.3921569585800171, -0.686274528503418, 88.62745666503906]
  Arm Counts: [13.0, 12.0, 41.0]
  Value of t: 64
  UCB Scores: [4.829521656036377, 4.938138008117676, 4.951740264892578]

Epoch 63 Summary | LR: 0.000993 | Time: 9.01
Train Loss: 0.0102 | Train Acc: 100.00%
Val Loss: 0.6458 | Val Acc: 89.51%
--------------------------------------------------
No improvement for 1 epoch(s)
  Selected Arms: [1]
  Arm Rewards: [0.3921569585800171, -0.686274528503418, 88.82353210449219]
  Arm Counts: [13.0, 13.0, 41.0]
  Value of t: 65
  UCB Scores: [4.838459014892578, 4.9474406242370605, 4.873941421508789]

Epoch 64 Summary | LR: 0.000993 | Time: 9.03
Train Loss: 0.0101 | Train Acc: 100.00%
Val Loss: 0.6425 | Val Acc: 89.71%
--------------------------------------------------
  Selected Arms: [2]
  Arm Rewards: [0.3921569585800171, -0.5882353186607361, 88.82353210449219]
  Arm Counts: [13.0, 13.0, 42.0]
  Value of t: 66
  UCB Scores: [4.8472442626953125, 4.771829128265381, 4.878888130187988]

Epoch 65 Summary | LR: 0.000992 | Time: 9.00
Train Loss: 0.0100 | Train Acc: 100.00%
Val Loss: 0.6416 | Val Acc: 89.80%
--------------------------------------------------
  Selected Arms: [0]
  Arm Rewards: [0.3921569585800171, -0.5882353186607361, 88.82353210449219]
  Arm Counts: [14.0, 13.0, 42.0]
  Value of t: 67
  UCB Scores: [4.855881214141846, 4.780466556549072, 4.799626350402832]

Epoch 66 Summary | LR: 0.000992 | Time: 9.04
Train Loss: 0.0099 | Train Acc: 100.00%
Val Loss: 0.6355 | Val Acc: 89.80%
--------------------------------------------------
  Selected Arms: [2]
  Arm Rewards: [0.490196168422699, -0.5882353186607361, 88.82353210449219]
  Arm Counts: [14.0, 13.0, 43.0]
  Value of t: 68
  UCB Scores: [4.6933746337890625, 4.7889604568481445, 4.804351806640625]

Epoch 67 Summary | LR: 0.000992 | Time: 9.11
Train Loss: 0.0096 | Train Acc: 100.00%
Val Loss: 0.6355 | Val Acc: 89.90%
--------------------------------------------------
No improvement for 1 epoch(s)
  Selected Arms: [1]
  Arm Rewards: [0.490196168422699, -0.5882353186607361, 88.52941131591797]
  Arm Counts: [14.0, 14.0, 43.0]
  Value of t: 69
  UCB Scores: [4.7014265060424805, 4.797316074371338, 4.721466541290283]

Epoch 68 Summary | LR: 0.000992 | Time: 8.99
Train Loss: 0.0093 | Train Acc: 100.00%
Val Loss: 0.6332 | Val Acc: 89.61%
--------------------------------------------------
  Selected Arms: [2]
  Arm Rewards: [0.490196168422699, -0.7843137383460999, 88.52941131591797]
  Arm Counts: [14.0, 14.0, 44.0]
  Value of t: 70
  UCB Scores: [4.709348678588867, 4.618312358856201, 4.725986957550049]

Epoch 69 Summary | LR: 0.000991 | Time: 9.05
Train Loss: 0.0091 | Train Acc: 100.00%
Val Loss: 0.6357 | Val Acc: 89.41%
--------------------------------------------------
No improvement for 1 epoch(s)
  Selected Arms: [0]
  Arm Rewards: [0.490196168422699, -0.7843137383460999, 88.52941131591797]
  Arm Counts: [15.0, 14.0, 44.0]
  Value of t: 71
  UCB Scores: [4.7171454429626465, 4.6261091232299805, 4.653110504150391]

Epoch 70 Summary | LR: 0.000991 | Time: 9.00
Train Loss: 0.0089 | Train Acc: 100.00%
Val Loss: 0.6318 | Val Acc: 89.41%
--------------------------------------------------
  Selected Arms: [2]
  Arm Rewards: [1.1764707565307617, -0.7843137383460999, 88.52941131591797]
  Arm Counts: [15.0, 14.0, 45.0]
  Value of t: 72
  UCB Scores: [4.609214782714844, 4.63378381729126, 4.657439708709717]

Epoch 71 Summary | LR: 0.000991 | Time: 9.04
Train Loss: 0.0088 | Train Acc: 100.00%
Val Loss: 0.6342 | Val Acc: 90.10%
--------------------------------------------------
No improvement for 1 epoch(s)
  Selected Arms: [1]
  Arm Rewards: [1.1764707565307617, -0.7843137383460999, 88.23529052734375]
  Arm Counts: [15.0, 15.0, 45.0]
  Value of t: 73
  UCB Scores: [4.616515159606934, 4.641340732574463, 4.580848217010498]

Epoch 72 Summary | LR: 0.000990 | Time: 9.04
Train Loss: 0.0087 | Train Acc: 100.00%
Val Loss: 0.6339 | Val Acc: 89.80%
--------------------------------------------------
No improvement for 2 epoch(s)
  Selected Arms: [0]
  Arm Rewards: [1.1764707565307617, -0.7843137383460999, 88.23529052734375]
  Arm Counts: [16.0, 15.0, 45.0]
  Value of t: 74
  UCB Scores: [4.62370491027832, 4.49298620223999, 4.584999084472656]

Epoch 73 Summary | LR: 0.000990 | Time: 9.08
Train Loss: 0.0085 | Train Acc: 100.00%
Val Loss: 0.6298 | Val Acc: 89.80%
--------------------------------------------------
  Selected Arms: [2]
  Arm Rewards: [0.980392336845398, -0.7843137383460999, 88.23529052734375]
  Arm Counts: [16.0, 15.0, 46.0]
  Value of t: 75
  UCB Scores: [4.469074249267578, 4.500068187713623, 4.589087963104248]

Epoch 74 Summary | LR: 0.000990 | Time: 9.08
Train Loss: 0.0084 | Train Acc: 100.00%
Val Loss: 0.6335 | Val Acc: 89.61%
--------------------------------------------------
No improvement for 1 epoch(s)
  Selected Arms: [2]
  Arm Rewards: [0.980392336845398, -0.7843137383460999, 88.52941131591797]
  Arm Counts: [16.0, 15.0, 47.0]
  Value of t: 76
  UCB Scores: [4.475830078125, 4.507045745849609, 4.528115272521973]

Epoch 75 Summary | LR: 0.000989 | Time: 9.08
Train Loss: 0.0082 | Train Acc: 100.00%
Val Loss: 0.6329 | Val Acc: 89.90%
--------------------------------------------------
No improvement for 2 epoch(s)
  Selected Arms: [1]
  Arm Rewards: [0.980392336845398, -0.7843137383460999, 88.23529052734375]
  Arm Counts: [16.0, 16.0, 47.0]
  Value of t: 77
  UCB Scores: [4.482487678527832, 4.513921737670898, 4.456947326660156]

Epoch 76 Summary | LR: 0.000989 | Time: 9.05
Train Loss: 0.0082 | Train Acc: 100.00%
Val Loss: 0.6317 | Val Acc: 89.61%
--------------------------------------------------
No improvement for 3 epoch(s)
  Selected Arms: [0]
  Arm Rewards: [0.980392336845398, -0.7843137383460999, 88.23529052734375]
  Arm Counts: [17.0, 16.0, 47.0]
  Value of t: 78
  UCB Scores: [4.489049434661865, 4.37875509262085, 4.460775852203369]

Epoch 77 Summary | LR: 0.000989 | Time: 9.07
Train Loss: 0.0080 | Train Acc: 100.00%
Val Loss: 0.6238 | Val Acc: 89.61%
--------------------------------------------------
  Selected Arms: [2]
  Arm Rewards: [0.8823531270027161, -0.7843137383460999, 88.23529052734375]
  Arm Counts: [17.0, 16.0, 48.0]
  Value of t: 79
  UCB Scores: [4.353751182556152, 4.385223865509033, 4.464550018310547]

Epoch 78 Summary | LR: 0.000988 | Time: 9.07
Train Loss: 0.0079 | Train Acc: 100.00%
Val Loss: 0.6293 | Val Acc: 89.51%
--------------------------------------------------
No improvement for 1 epoch(s)
  Selected Arms: [2]
  Arm Rewards: [0.8823531270027161, -0.7843137383460999, 88.23529052734375]
  Arm Counts: [17.0, 16.0, 49.0]
  Value of t: 80
  UCB Scores: [4.359938621520996, 4.391602039337158, 4.402029514312744]

Epoch 79 Summary | LR: 0.000988 | Time: 9.08
Train Loss: 0.0078 | Train Acc: 100.00%
Val Loss: 0.6259 | Val Acc: 89.51%
--------------------------------------------------
No improvement for 2 epoch(s)
  Selected Arms: [1]
  Arm Rewards: [0.8823531270027161, -0.7843137383460999, 88.03921508789062]
  Arm Counts: [17.0, 17.0, 49.0]
  Value of t: 81
  UCB Scores: [4.3660407066345215, 4.397891998291016, 4.33781099319458]

Epoch 80 Summary | LR: 0.000988 | Time: 9.02
Train Loss: 0.0077 | Train Acc: 100.00%
Val Loss: 0.6290 | Val Acc: 89.31%
--------------------------------------------------
No improvement for 3 epoch(s)
  Selected Arms: [0]
  Arm Rewards: [0.8823531270027161, -0.3921568691730499, 88.03921508789062]
  Arm Counts: [18.0, 17.0, 49.0]
  Value of t: 82
  UCB Scores: [4.3720598220825195, 4.297088623046875, 4.341355800628662]

Epoch 81 Summary | LR: 0.000987 | Time: 9.03
Train Loss: 0.0076 | Train Acc: 100.00%
Val Loss: 0.6253 | Val Acc: 89.71%
--------------------------------------------------
No improvement for 4 epoch(s)
  Selected Arms: [2]
  Arm Rewards: [0.6862747073173523, -0.3921568691730499, 88.03921508789062]
  Arm Counts: [18.0, 17.0, 50.0]
  Value of t: 83
  UCB Scores: [4.242333889007568, 4.30302619934082, 4.344853401184082]

Epoch 82 Summary | LR: 0.000987 | Time: 9.03
Train Loss: 0.0075 | Train Acc: 100.00%
Val Loss: 0.6283 | Val Acc: 89.51%
--------------------------------------------------
No improvement for 5 epoch(s)
  Selected Arms: [1]
  Arm Rewards: [0.6862747073173523, -0.3921568691730499, 88.23529052734375]
  Arm Counts: [18.0, 18.0, 50.0]
  Value of t: 84
  UCB Scores: [4.248027324676514, 4.308884620666504, 4.290646553039551]

Epoch 83 Summary | LR: 0.000987 | Time: 9.00
Train Loss: 0.0074 | Train Acc: 100.00%
Val Loss: 0.6264 | Val Acc: 89.71%
--------------------------------------------------
No improvement for 6 epoch(s)
  Selected Arms: [2]
  Arm Rewards: [0.6862747073173523, -0.19607843458652496, 88.23529052734375]
  Arm Counts: [18.0, 18.0, 51.0]
  Value of t: 85
  UCB Scores: [4.253645896911621, 4.204626083374023, 4.294017314910889]

Epoch 84 Summary | LR: 0.000986 | Time: 9.06
Train Loss: 0.0073 | Train Acc: 100.00%
Val Loss: 0.6179 | Val Acc: 89.90%
--------------------------------------------------
  Selected Arms: [0]
  Arm Rewards: [0.6862747073173523, -0.19607843458652496, 87.84313201904297]
  Arm Counts: [19.0, 18.0, 51.0]
  Value of t: 86
  UCB Scores: [4.259191513061523, 4.210171699523926, 4.230100631713867]

Epoch 85 Summary | LR: 0.000986 | Time: 9.09
Train Loss: 0.0073 | Train Acc: 100.00%
Val Loss: 0.6203 | Val Acc: 89.51%
--------------------------------------------------
No improvement for 1 epoch(s)
  Selected Arms: [2]
  Arm Rewards: [0.8823531270027161, -0.19607843458652496, 87.84313201904297]
  Arm Counts: [19.0, 18.0, 52.0]
  Value of t: 87
  UCB Scores: [4.160250663757324, 4.215645790100098, 4.2333526611328125]

Epoch 86 Summary | LR: 0.000986 | Time: 9.08
Train Loss: 0.0072 | Train Acc: 100.00%
Val Loss: 0.6205 | Val Acc: 89.71%
--------------------------------------------------
No improvement for 2 epoch(s)
  Selected Arms: [1]
  Arm Rewards: [0.8823531270027161, -0.19607843458652496, 87.25489807128906]
  Arm Counts: [19.0, 19.0, 52.0]
  Value of t: 88
  UCB Scores: [4.165511131286621, 4.221050262451172, 4.1678361892700195]

Epoch 87 Summary | LR: 0.000985 | Time: 9.03
Train Loss: 0.0075 | Train Acc: 100.00%
Val Loss: 0.6215 | Val Acc: 89.12%
--------------------------------------------------
No improvement for 3 epoch(s)
  Selected Arms: [2]
  Arm Rewards: [0.8823531270027161, 0.3921568989753723, 87.25489807128906]
  Arm Counts: [19.0, 19.0, 53.0]
  Value of t: 89
  UCB Scores: [4.170705795288086, 4.1449055671691895, 4.170976161956787]

Epoch 88 Summary | LR: 0.000985 | Time: 9.07
Train Loss: 0.0072 | Train Acc: 100.00%
Val Loss: 0.6135 | Val Acc: 89.71%
--------------------------------------------------
  Selected Arms: [0]
  Arm Rewards: [0.8823531270027161, 0.3921568989753723, 87.35293579101562]
  Arm Counts: [20.0, 19.0, 53.0]
  Value of t: 90
  UCB Scores: [4.175835609436035, 4.150035858154297, 4.120606422424316]

Epoch 89 Summary | LR: 0.000984 | Time: 9.07
Train Loss: 0.0070 | Train Acc: 100.00%
Val Loss: 0.6122 | Val Acc: 89.80%
--------------------------------------------------
  Selected Arms: [1]
  Arm Rewards: [0.6862747073173523, 0.3921568989753723, 87.35293579101562]
  Arm Counts: [20.0, 20.0, 53.0]
  Value of t: 91
  UCB Scores: [4.064089775085449, 4.155102729797363, 4.123640537261963]

Epoch 90 Summary | LR: 0.000984 | Time: 9.03
Train Loss: 0.0068 | Train Acc: 100.00%
Val Loss: 0.6143 | Val Acc: 89.61%
--------------------------------------------------
No improvement for 1 epoch(s)
  Selected Arms: [2]
  Arm Rewards: [0.6862747073173523, 0.4901961088180542, 87.35293579101562]
  Arm Counts: [20.0, 20.0, 54.0]
  Value of t: 92
  UCB Scores: [4.068968296051025, 4.059164524078369, 4.1266374588012695]

Epoch 91 Summary | LR: 0.000984 | Time: 9.08
Train Loss: 0.0066 | Train Acc: 100.00%
Val Loss: 0.6124 | Val Acc: 89.71%
--------------------------------------------------
No improvement for 2 epoch(s)
  Selected Arms: [0]
  Arm Rewards: [0.6862747073173523, 0.4901961088180542, 87.0588150024414]
  Arm Counts: [21.0, 20.0, 54.0]
  Value of t: 93
  UCB Scores: [4.073788642883301, 4.0639848709106445, 4.070546627044678]

Epoch 92 Summary | LR: 0.000983 | Time: 8.99
Train Loss: 0.0065 | Train Acc: 100.00%
Val Loss: 0.6132 | Val Acc: 89.41%
--------------------------------------------------
No improvement for 3 epoch(s)
  Selected Arms: [2]
  Arm Rewards: [0.7843139171600342, 0.4901961088180542, 87.0588150024414]
  Arm Counts: [21.0, 20.0, 55.0]
  Value of t: 94
  UCB Scores: [3.9841203689575195, 4.0687479972839355, 4.0734453201293945]

Epoch 93 Summary | LR: 0.000983 | Time: 9.05
Train Loss: 0.0064 | Train Acc: 100.00%
Val Loss: 0.6118 | Val Acc: 89.51%
--------------------------------------------------
  Selected Arms: [1]
  Arm Rewards: [0.7843139171600342, 0.4901961088180542, 87.0588150024414]
  Arm Counts: [21.0, 21.0, 55.0]
  Value of t: 95
  UCB Scores: [3.9887142181396484, 4.073454856872559, 4.024493217468262]

Epoch 94 Summary | LR: 0.000982 | Time: 9.01
Train Loss: 0.0063 | Train Acc: 100.00%
Val Loss: 0.6185 | Val Acc: 89.51%
--------------------------------------------------
No improvement for 1 epoch(s)
  Selected Arms: [2]
  Arm Rewards: [0.7843139171600342, 0.19607844948768616, 87.0588150024414]
  Arm Counts: [21.0, 21.0, 56.0]
  Value of t: 96
  UCB Scores: [3.9932544231414795, 3.965243339538574, 4.027298927307129]

Epoch 95 Summary | LR: 0.000982 | Time: 8.99
Train Loss: 0.0063 | Train Acc: 100.00%
Val Loss: 0.6139 | Val Acc: 89.22%
--------------------------------------------------
No improvement for 2 epoch(s)
  Selected Arms: [0]
  Arm Rewards: [0.7843139171600342, 0.19607844948768616, 87.25489044189453]
  Arm Counts: [22.0, 21.0, 56.0]
  Value of t: 97
  UCB Scores: [3.9977426528930664, 3.969731330871582, 3.9833593368530273]

Epoch 96 Summary | LR: 0.000981 | Time: 9.01
Train Loss: 0.0063 | Train Acc: 100.00%
Val Loss: 0.6243 | Val Acc: 89.41%
--------------------------------------------------
No improvement for 3 epoch(s)
  Selected Arms: [2]
  Arm Rewards: [0.7843139171600342, 0.19607844948768616, 87.25489044189453]
  Arm Counts: [22.0, 21.0, 57.0]
  Value of t: 98
  UCB Scores: [3.9093244075775146, 3.974168539047241, 3.986076593399048]

Epoch 97 Summary | LR: 0.000981 | Time: 9.05
Train Loss: 0.0062 | Train Acc: 100.00%
Val Loss: 0.6110 | Val Acc: 89.41%
--------------------------------------------------
  Selected Arms: [1]
  Arm Rewards: [0.7843139171600342, 0.19607844948768616, 87.25489044189453]
  Arm Counts: [22.0, 22.0, 57.0]
  Value of t: 99
  UCB Scores: [3.9136106967926025, 3.978555679321289, 3.940011978149414]

Epoch 98 Summary | LR: 0.000981 | Time: 9.04
Train Loss: 0.0061 | Train Acc: 100.00%
Val Loss: 0.6110 | Val Acc: 89.41%
--------------------------------------------------
No improvement for 1 epoch(s)
  Selected Arms: [2]
  Arm Rewards: [0.7843139171600342, -0.09803920984268188, 87.25489044189453]
  Arm Counts: [22.0, 22.0, 58.0]
  Value of t: 100
  UCB Scores: [3.91784930229187, 3.877742290496826, 3.9426450729370117]

Epoch 99 Summary | LR: 0.000980 | Time: 9.06
Train Loss: 0.0060 | Train Acc: 100.00%
Val Loss: 0.6144 | Val Acc: 89.12%
--------------------------------------------------
No improvement for 2 epoch(s)
  Selected Arms: [0]
  Arm Rewards: [0.7843139171600342, -0.09803920984268188, 87.64704895019531]
  Arm Counts: [23.0, 22.0, 58.0]
  Value of t: 101
  UCB Scores: [3.922041177749634, 3.88193416595459, 3.9047129154205322]

Epoch 100 Summary | LR: 0.000980 | Time: 9.08
Train Loss: 0.0060 | Train Acc: 100.00%
Val Loss: 0.6033 | Val Acc: 89.51%
--------------------------------------------------
  Selected Arms: [2]
  Arm Rewards: [1.0784316062927246, -0.09803920984268188, 87.64704895019531]
  Arm Counts: [23.0, 22.0, 59.0]
  Value of t: 102
  UCB Scores: [3.8519082069396973, 3.886080265045166, 3.90726637840271]

Epoch 101 Summary | LR: 0.000979 | Time: 9.07
Train Loss: 0.0059 | Train Acc: 100.00%
Val Loss: 0.6087 | Val Acc: 89.80%
--------------------------------------------------
No improvement for 1 epoch(s)
  Selected Arms: [1]
  Arm Rewards: [1.0784316062927246, -0.09803920984268188, 87.0588150024414]
  Arm Counts: [23.0, 23.0, 59.0]
  Value of t: 103
  UCB Scores: [3.855919361114502, 3.890181541442871, 3.853795289993286]

Epoch 102 Summary | LR: 0.000979 | Time: 9.08
Train Loss: 0.0060 | Train Acc: 100.00%
Val Loss: 0.6039 | Val Acc: 89.22%
--------------------------------------------------
No improvement for 2 epoch(s)
  Selected Arms: [0]
  Arm Rewards: [1.0784316062927246, 0.29411765933036804, 87.0588150024414]
  Arm Counts: [24.0, 23.0, 59.0]
  Value of t: 104
  UCB Scores: [3.8598875999450684, 3.825786828994751, 3.8562729358673096]

Epoch 103 Summary | LR: 0.000978 | Time: 9.13
Train Loss: 0.0059 | Train Acc: 100.00%
Val Loss: 0.6117 | Val Acc: 89.61%
--------------------------------------------------
No improvement for 3 epoch(s)
  Selected Arms: [2]
  Arm Rewards: [0.9803923964500427, 0.29411765933036804, 87.0588150024414]
  Arm Counts: [24.0, 23.0, 60.0]
  Value of t: 105
  UCB Scores: [3.777409791946411, 3.8297131061553955, 3.858724355697632]

Epoch 104 Summary | LR: 0.000978 | Time: 9.08
Train Loss: 0.0058 | Train Acc: 100.00%
Val Loss: 0.6046 | Val Acc: 89.51%
--------------------------------------------------
No improvement for 4 epoch(s)
  Selected Arms: [1]
  Arm Rewards: [0.9803923964500427, 0.29411765933036804, 87.54901123046875]
  Arm Counts: [24.0, 24.0, 60.0]
  Value of t: 106
  UCB Scores: [3.7812130451202393, 3.8335981369018555, 3.824763774871826]

Epoch 105 Summary | LR: 0.000977 | Time: 9.06
Train Loss: 0.0057 | Train Acc: 100.00%
Val Loss: 0.6035 | Val Acc: 90.00%
--------------------------------------------------
No improvement for 5 epoch(s)
  Selected Arms: [2]
  Arm Rewards: [0.9803923964500427, 0.09803922474384308, 87.54901123046875]
  Arm Counts: [24.0, 24.0, 61.0]
  Value of t: 107
  UCB Scores: [3.7849767208099365, 3.7482118606567383, 3.827144145965576]

Epoch 106 Summary | LR: 0.000977 | Time: 9.11
Train Loss: 0.0056 | Train Acc: 100.00%
Val Loss: 0.6050 | Val Acc: 89.80%
--------------------------------------------------
No improvement for 6 epoch(s)
  Selected Arms: [0]
  Arm Rewards: [0.9803923964500427, 0.09803922474384308, 87.0588150024414]
  Arm Counts: [25.0, 24.0, 61.0]
  Value of t: 108
  UCB Scores: [3.7887015342712402, 3.751936912536621, 3.778033971786499]

Epoch 107 Summary | LR: 0.000976 | Time: 9.05
Train Loss: 0.0055 | Train Acc: 100.00%
Val Loss: 0.6058 | Val Acc: 89.31%
--------------------------------------------------
No improvement for 7 epoch(s)
Early stopping triggered after 107 epochs.
Total training time far: 969.19 seconds
Average time per epoch: 9.06 seconds

Creating ViT model for 102 classes...
Total parameters: 149,656,524
Trainable parameters: 2,757,324 (1.84%)
Frozen parameters: 146,899,200 (98.16%)
Training on svhn
Using device: cuda
============================================================
Vision Transformer Fine-tuning on SVHN
============================================================
Loading dataset...
Dataset loaded: 73257 train samples, 26032 val samples
Number of classes: 10

Creating ViT model for 10 classes...
PEFT config: PacaConfig(peft_type=<PeftType.PACA: 'PACA'>, auto_mapping=None, base_model_name_or_path=None, revision=None, task_type=<TaskType.FEATURE_EXTRACTION: 'FEATURE_EXTRACTION'>, inference_mode=False, r=48, target_modules={'mlp.0', 'mlp.3', 'out_proj'}, paca_alpha=96, fan_in_fan_out=False, bias='all', modules_to_save=['head'], layers_to_transform=None, layers_pattern=None, rank_pattern={}, alpha_pattern={}, megatron_config=None, megatron_core='megatron.core', layer_replication=None, gradient_accumulation_steps=1, steps_per_epoch=1145, arm_distribution='horizontal', num_arms=3, num_arms_to_select=1, ucb_alpha=6, use_fixed_indices=False)
Total parameters: 149,515,028
Trainable parameters: 2,757,140 (1.84%)
Frozen parameters: 146,757,888 (98.16%)
Fine tuning VMamba using UCB-based PaCA:
Calculating initial validation accuracy...
Initial Val Acc: 16.07%
  Selected Arms: [0]
  Arm Rewards: [0.0, 0.0, 0.0]
  Arm Counts: [2.0, 1.0, 1.0]
  Value of t: 2
  UCB Scores: [7.064460277557373, 7.064460277557373, 7.064460277557373]

Epoch 1 Summary | LR: 0.000100 | Time: 482.30
Train Loss: 2.2836 | Train Acc: 15.61%
Val Loss: 2.2765 | Val Acc: 16.07%
--------------------------------------------------
  Selected Arms: [0]
  Arm Rewards: [77.70820617675781, 0.0, 0.0]
  Arm Counts: [3.0, 1.0, 1.0]
  Value of t: 3
  UCB Scores: [45.14298629760742, 8.89382266998291, 8.89382266998291]

Epoch 2 Summary | LR: 0.000200 | Time: 482.25
Train Loss: 0.4875 | Train Acc: 84.71%
Val Loss: 0.2171 | Val Acc: 93.78%
--------------------------------------------------
  Selected Arms: [0]
  Arm Rewards: [79.05270385742188, 0.0, 0.0]
  Arm Counts: [4.0, 1.0, 1.0]
  Value of t: 4
  UCB Scores: [32.11901092529297, 9.990654945373535, 9.990654945373535]

Epoch 3 Summary | LR: 0.000300 | Time: 482.27
Train Loss: 0.2260 | Train Acc: 93.29%
Val Loss: 0.1733 | Val Acc: 95.12%
--------------------------------------------------
  Selected Arms: [0]
  Arm Rewards: [78.91056823730469, 0.0, 0.0]
  Arm Counts: [5.0, 1.0, 1.0]
  Value of t: 5
  UCB Scores: [25.110010147094727, 10.764735221862793, 10.764735221862793]

Epoch 4 Summary | LR: 0.000400 | Time: 482.63
Train Loss: 0.1817 | Train Acc: 94.78%
Val Loss: 0.1744 | Val Acc: 94.98%
--------------------------------------------------
No improvement for 1 epoch(s)
  Selected Arms: [0]
  Arm Rewards: [79.13721466064453, 0.0, 0.0]
  Arm Counts: [6.0, 1.0, 1.0]
  Value of t: 6
  UCB Scores: [20.906944274902344, 11.358110427856445, 11.358110427856445]

Epoch 5 Summary | LR: 0.000500 | Time: 482.42
Train Loss: 0.1574 | Train Acc: 95.53%
Val Loss: 0.1691 | Val Acc: 95.21%
--------------------------------------------------
  Selected Arms: [0]
  Arm Rewards: [78.99507904052734, 0.0, 0.0]
  Arm Counts: [7.0, 1.0, 1.0]
  Value of t: 7
  UCB Scores: [17.998125076293945, 11.836618423461914, 11.836618423461914]

Epoch 6 Summary | LR: 0.000600 | Time: 482.31
Train Loss: 0.1414 | Train Acc: 95.99%
Val Loss: 0.1705 | Val Acc: 95.06%
--------------------------------------------------
No improvement for 1 epoch(s)
  Selected Arms: [0]
  Arm Rewards: [79.89012908935547, 0.0, 0.0]
  Arm Counts: [8.0, 1.0, 1.0]
  Value of t: 8
  UCB Scores: [16.03765106201172, 12.236003875732422, 12.236003875732422]

Epoch 7 Summary | LR: 0.000700 | Time: 482.35
Train Loss: 0.1308 | Train Acc: 96.28%
Val Loss: 0.1453 | Val Acc: 95.96%
--------------------------------------------------
  Selected Arms: [0]
  Arm Rewards: [79.24092864990234, 0.0, 0.0]
  Arm Counts: [9.0, 1.0, 1.0]
  Value of t: 9
  UCB Scores: [14.352027893066406, 12.577764511108398, 12.577764511108398]

Epoch 8 Summary | LR: 0.000800 | Time: 482.41
Train Loss: 0.1215 | Train Acc: 96.50%
Val Loss: 0.1657 | Val Acc: 95.31%
--------------------------------------------------
No improvement for 1 epoch(s)
  Selected Arms: [0]
  Arm Rewards: [79.43684387207031, 0.0, 0.0]
  Arm Counts: [10.0, 1.0, 1.0]
  Value of t: 10
  UCB Scores: [13.118247985839844, 12.8757963180542, 12.8757963180542]

Epoch 9 Summary | LR: 0.000900 | Time: 482.45
Train Loss: 0.1582 | Train Acc: 95.37%
Val Loss: 0.1576 | Val Acc: 95.51%
--------------------------------------------------
No improvement for 2 epoch(s)
  Selected Arms: [1]
  Arm Rewards: [78.79532623291016, 0.0, 0.0]
  Arm Counts: [10.0, 2.0, 1.0]
  Value of t: 11
  UCB Scores: [12.034631729125977, 13.139575958251953, 13.139575958251953]

Epoch 10 Summary | LR: 0.001000 | Time: 482.44
Train Loss: 0.1435 | Train Acc: 95.75%
Val Loss: 0.1868 | Val Acc: 94.86%
--------------------------------------------------
No improvement for 3 epoch(s)
  Selected Arms: [2]
  Arm Rewards: [78.79532623291016, -0.09219422191381454, 0.0]
  Arm Counts: [10.0, 2.0, 2.0]
  Value of t: 12
  UCB Scores: [12.109347343444824, 9.412055015563965, 13.375846862792969]

Epoch 11 Summary | LR: 0.001000 | Time: 484.96
Train Loss: 0.1418 | Train Acc: 95.86%
Val Loss: 0.1850 | Val Acc: 94.77%
--------------------------------------------------
No improvement for 4 epoch(s)
  Selected Arms: [0]
  Arm Rewards: [78.79532623291016, -0.09219422191381454, -0.8374308347702026]
  Arm Counts: [11.0, 2.0, 2.0]
  Value of t: 13
  UCB Scores: [12.176931381225586, 9.563178062438965, 9.190560340881348]

Epoch 12 Summary | LR: 0.001000 | Time: 484.79
Train Loss: 0.1326 | Train Acc: 96.20%
Val Loss: 0.2100 | Val Acc: 93.93%
--------------------------------------------------
No improvement for 5 epoch(s)
  Selected Arms: [0]
  Arm Rewards: [79.70958709716797, -0.09219422191381454, -0.8374308347702026]
  Arm Counts: [12.0, 2.0, 2.0]
  Value of t: 14
  UCB Scores: [11.402505874633789, 9.701007843017578, 9.328390121459961]

Epoch 13 Summary | LR: 0.001000 | Time: 484.80
Train Loss: 0.1253 | Train Acc: 96.39%
Val Loss: 0.1850 | Val Acc: 94.85%
--------------------------------------------------
No improvement for 6 epoch(s)
  Selected Arms: [0]
  Arm Rewards: [80.05531311035156, -0.09219422191381454, -0.8374308347702026]
  Arm Counts: [13.0, 2.0, 2.0]
  Value of t: 15
  UCB Scores: [10.702194213867188, 9.827595710754395, 9.454977035522461]

Epoch 14 Summary | LR: 0.001000 | Time: 484.88
Train Loss: 0.1138 | Train Acc: 96.78%
Val Loss: 0.1726 | Val Acc: 95.19%
--------------------------------------------------
No improvement for 7 epoch(s)
Early stopping triggered after 14 epochs.
Total training time far: 6763.25 seconds
Average time per epoch: 483.09 seconds

Creating ViT model for 10 classes...
Total parameters: 149,515,028
Trainable parameters: 2,757,140 (1.84%)
Frozen parameters: 146,757,888 (98.16%)
Using device: cuda
============================================================
Vision Transformer Fine-tuning on SVHN
============================================================
Loading dataset...
Dataset loaded: 73257 train samples, 26032 val samples
Number of classes: 10

Creating ViT model for 10 classes...
PEFT config: PacaConfig(peft_type=<PeftType.PACA: 'PACA'>, auto_mapping=None, base_model_name_or_path=None, revision=None, task_type=<TaskType.FEATURE_EXTRACTION: 'FEATURE_EXTRACTION'>, inference_mode=False, r=48, target_modules={'mlp.3', 'mlp.0', 'out_proj'}, paca_alpha=96, fan_in_fan_out=False, bias='all', modules_to_save=['head'], layers_to_transform=None, layers_pattern=None, rank_pattern={}, alpha_pattern={}, megatron_config=None, megatron_core='megatron.core', layer_replication=None, gradient_accumulation_steps=1, steps_per_epoch=1145, arm_distribution='horizontal', num_arms=3, num_arms_to_select=1, ucb_alpha=6, use_fixed_indices=False)
Total parameters: 149,515,028
Trainable parameters: 2,757,140 (1.84%)
Frozen parameters: 146,757,888 (98.16%)
Fine tuning VMamba using UCB-based PaCA:
Calculating initial validation accuracy...
Initial Val Acc: 16.07%
  Selected Arms: [0]
  Arm Rewards: [0.0, 0.0, 0.0]
  Arm Counts: [2.0, 1.0, 1.0]
  Value of t: 2
  UCB Scores: [7.064460277557373, 7.064460277557373, 7.064460277557373]

Epoch 1 Summary | LR: 0.000100 | Time: 481.89
Train Loss: 2.2836 | Train Acc: 15.61%
Val Loss: 2.2765 | Val Acc: 16.07%
--------------------------------------------------
  Selected Arms: [0]
  Arm Rewards: [77.70820617675781, 0.0, 0.0]
  Arm Counts: [3.0, 1.0, 1.0]
  Value of t: 3
  UCB Scores: [45.14298629760742, 8.89382266998291, 8.89382266998291]

Epoch 2 Summary | LR: 0.000200 | Time: 482.25
Train Loss: 0.4875 | Train Acc: 84.71%
Val Loss: 0.2171 | Val Acc: 93.78%
--------------------------------------------------
  Selected Arms: [0]
  Arm Rewards: [79.05270385742188, 0.0, 0.0]
  Arm Counts: [4.0, 1.0, 1.0]
  Value of t: 4
  UCB Scores: [32.11901092529297, 9.990654945373535, 9.990654945373535]

Epoch 3 Summary | LR: 0.000300 | Time: 482.28
Train Loss: 0.2260 | Train Acc: 93.29%
Val Loss: 0.1733 | Val Acc: 95.12%
--------------------------------------------------
  Selected Arms: [0]
  Arm Rewards: [78.91441345214844, 0.0, 0.0]
  Arm Counts: [5.0, 1.0, 1.0]
  Value of t: 5
  UCB Scores: [25.110971450805664, 10.764735221862793, 10.764735221862793]

Epoch 4 Summary | LR: 0.000400 | Time: 482.41
Train Loss: 0.1817 | Train Acc: 94.78%
Val Loss: 0.1743 | Val Acc: 94.98%
--------------------------------------------------
No improvement for 1 epoch(s)
  Selected Arms: [0]
  Arm Rewards: [79.1448974609375, 0.0, 0.0]
  Arm Counts: [6.0, 1.0, 1.0]
  Value of t: 6
  UCB Scores: [20.90848159790039, 11.358110427856445, 11.358110427856445]

Epoch 5 Summary | LR: 0.000500 | Time: 482.30
Train Loss: 0.1574 | Train Acc: 95.53%
Val Loss: 0.1690 | Val Acc: 95.21%
--------------------------------------------------
  Selected Arms: [0]
  Arm Rewards: [79.59818267822266, 0.0, 0.0]
  Arm Counts: [7.0, 1.0, 1.0]
  Value of t: 7
  UCB Scores: [18.098642349243164, 11.836618423461914, 11.836618423461914]

Epoch 6 Summary | LR: 0.000600 | Time: 482.30
Train Loss: 0.1418 | Train Acc: 95.96%
Val Loss: 0.1540 | Val Acc: 95.67%
--------------------------------------------------
  Selected Arms: [0]
  Arm Rewards: [79.59818267822266, 0.0, 0.0]
  Arm Counts: [8.0, 1.0, 1.0]
  Value of t: 8
  UCB Scores: [15.995944023132324, 12.236003875732422, 12.236003875732422]

Epoch 7 Summary | LR: 0.000700 | Time: 482.35
Train Loss: 0.1301 | Train Acc: 96.30%
Val Loss: 0.1548 | Val Acc: 95.67%
--------------------------------------------------
No improvement for 1 epoch(s)
  Selected Arms: [0]
  Arm Rewards: [79.21788024902344, 0.0, 0.0]
  Arm Counts: [9.0, 1.0, 1.0]
  Value of t: 9
  UCB Scores: [14.349146842956543, 12.577764511108398, 12.577764511108398]

Epoch 8 Summary | LR: 0.000800 | Time: 482.33
Train Loss: 0.1221 | Train Acc: 96.46%
Val Loss: 0.1648 | Val Acc: 95.29%
--------------------------------------------------
No improvement for 2 epoch(s)
  Selected Arms: [0]
  Arm Rewards: [79.14105224609375, 0.0, 0.0]
  Arm Counts: [10.0, 1.0, 1.0]
  Value of t: 10
  UCB Scores: [13.085382461547852, 12.8757963180542, 12.8757963180542]

Epoch 9 Summary | LR: 0.000900 | Time: 482.29
Train Loss: 0.1586 | Train Acc: 95.36%
Val Loss: 0.1712 | Val Acc: 95.21%
--------------------------------------------------
No improvement for 3 epoch(s)
  Selected Arms: [1]
  Arm Rewards: [78.90672302246094, 0.0, 0.0]
  Arm Counts: [10.0, 2.0, 1.0]
  Value of t: 11
  UCB Scores: [12.045770645141602, 13.139575958251953, 13.139575958251953]

Epoch 10 Summary | LR: 0.001000 | Time: 482.25
Train Loss: 0.1450 | Train Acc: 95.77%
Val Loss: 0.1818 | Val Acc: 94.98%
--------------------------------------------------
No improvement for 4 epoch(s)
  Selected Arms: [2]
  Arm Rewards: [78.90672302246094, -0.21896128356456757, 0.0]
  Arm Counts: [10.0, 2.0, 2.0]
  Value of t: 12
  UCB Scores: [12.12048625946045, 9.348670959472656, 13.375846862792969]

Epoch 11 Summary | LR: 0.001000 | Time: 484.69
Train Loss: 0.1287 | Train Acc: 96.32%
Val Loss: 0.1941 | Val Acc: 94.76%
--------------------------------------------------
No improvement for 5 epoch(s)
  Selected Arms: [0]
  Arm Rewards: [78.90672302246094, -0.21896128356456757, -0.07682851701974869]
  Arm Counts: [11.0, 2.0, 2.0]
  Value of t: 13
  UCB Scores: [12.188071250915527, 9.499794960021973, 9.570860862731934]

Epoch 12 Summary | LR: 0.001000 | Time: 484.54
Train Loss: 0.1460 | Train Acc: 95.69%
Val Loss: 0.1856 | Val Acc: 94.68%
--------------------------------------------------
No improvement for 6 epoch(s)
  Selected Arms: [0]
  Arm Rewards: [79.74415588378906, -0.21896128356456757, -0.07682851701974869]
  Arm Counts: [12.0, 2.0, 2.0]
  Value of t: 14
  UCB Scores: [11.405648231506348, 9.637624740600586, 9.708691596984863]

Epoch 13 Summary | LR: 0.001000 | Time: 484.59
Train Loss: 0.1197 | Train Acc: 96.53%
Val Loss: 0.1602 | Val Acc: 95.52%
--------------------------------------------------
No improvement for 7 epoch(s)
Early stopping triggered after 13 epochs.
Total training time far: 6276.48 seconds
Average time per epoch: 482.81 seconds

Creating ViT model for 10 classes...
Total parameters: 149,515,028
Trainable parameters: 2,757,140 (1.84%)
Frozen parameters: 146,757,888 (98.16%)
Training on cifar100
Using device: cuda
============================================================
Vision Transformer Fine-tuning on cifar100
============================================================
Loading dataset...
Dataset loaded: 50000 train samples, 10000 val samples
Number of classes: 100

Creating ViT model for 100 classes...
PEFT config: PacaConfig(peft_type=<PeftType.PACA: 'PACA'>, auto_mapping=None, base_model_name_or_path=None, revision=None, task_type=<TaskType.FEATURE_EXTRACTION: 'FEATURE_EXTRACTION'>, inference_mode=False, r=48, target_modules={'mlp.3', 'mlp.0', 'out_proj'}, paca_alpha=96, fan_in_fan_out=False, bias='all', modules_to_save=['head'], layers_to_transform=None, layers_pattern=None, rank_pattern={}, alpha_pattern={}, megatron_config=None, megatron_core='megatron.core', layer_replication=None, gradient_accumulation_steps=1, steps_per_epoch=782, arm_distribution='horizontal', num_arms=3, num_arms_to_select=1, ucb_alpha=6, use_fixed_indices=False)
Total parameters: 149,653,448
Trainable parameters: 2,757,320 (1.84%)
Frozen parameters: 146,896,128 (98.16%)
Fine tuning VMamba using UCB-based PaCA:
Calculating initial validation accuracy...
Initial Val Acc: 0.89%
  Selected Arms: [0]
  Arm Rewards: [0.0, 0.0, 0.0]
  Arm Counts: [2.0, 1.0, 1.0]
  Value of t: 2
  UCB Scores: [7.064460277557373, 7.064460277557373, 7.064460277557373]

Epoch 1 Summary | LR: 0.000100 | Time: 312.14
Train Loss: 4.6617 | Train Acc: 1.01%
Val Loss: 4.6687 | Val Acc: 0.89%
--------------------------------------------------
  Selected Arms: [0]
  Arm Rewards: [72.79000091552734, 0.0, 0.0]
  Arm Counts: [3.0, 1.0, 1.0]
  Value of t: 3
  UCB Scores: [42.68388366699219, 8.89382266998291, 8.89382266998291]

Epoch 2 Summary | LR: 0.000200 | Time: 312.49
Train Loss: 2.3814 | Train Acc: 52.75%
Val Loss: 1.3584 | Val Acc: 73.68%
--------------------------------------------------
  Selected Arms: [0]
  Arm Rewards: [80.41000366210938, 0.0, 0.0]
  Arm Counts: [4.0, 1.0, 1.0]
  Value of t: 4
  UCB Scores: [32.571441650390625, 9.990654945373535, 9.990654945373535]

Epoch 3 Summary | LR: 0.000300 | Time: 312.48
Train Loss: 0.9917 | Train Acc: 79.72%
Val Loss: 0.8188 | Val Acc: 81.30%
--------------------------------------------------
  Selected Arms: [0]
  Arm Rewards: [82.62000274658203, 0.0, 0.0]
  Arm Counts: [5.0, 1.0, 1.0]
  Value of t: 5
  UCB Scores: [26.037368774414062, 10.764735221862793, 10.764735221862793]

Epoch 4 Summary | LR: 0.000400 | Time: 312.46
Train Loss: 0.6187 | Train Acc: 85.97%
Val Loss: 0.6702 | Val Acc: 83.51%
--------------------------------------------------
  Selected Arms: [0]
  Arm Rewards: [83.30000305175781, 0.0, 0.0]
  Arm Counts: [6.0, 1.0, 1.0]
  Value of t: 6
  UCB Scores: [21.739503860473633, 11.358110427856445, 11.358110427856445]

Epoch 5 Summary | LR: 0.000500 | Time: 312.45
Train Loss: 0.4436 | Train Acc: 89.51%
Val Loss: 0.6180 | Val Acc: 84.19%
--------------------------------------------------
  Selected Arms: [0]
  Arm Rewards: [82.09000396728516, 0.0, 0.0]
  Arm Counts: [7.0, 1.0, 1.0]
  Value of t: 7
  UCB Scores: [18.513946533203125, 11.836618423461914, 11.836618423461914]

Epoch 6 Summary | LR: 0.000600 | Time: 312.50
Train Loss: 0.3393 | Train Acc: 92.03%
Val Loss: 0.6561 | Val Acc: 82.98%
--------------------------------------------------
No improvement for 1 epoch(s)
  Selected Arms: [0]
  Arm Rewards: [82.09000396728516, 0.0, 0.0]
  Arm Counts: [8.0, 1.0, 1.0]
  Value of t: 8
  UCB Scores: [16.351919174194336, 12.236003875732422, 12.236003875732422]

Epoch 7 Summary | LR: 0.000700 | Time: 312.43
Train Loss: 0.2833 | Train Acc: 93.22%
Val Loss: 0.6541 | Val Acc: 82.98%
--------------------------------------------------
No improvement for 2 epoch(s)
  Selected Arms: [0]
  Arm Rewards: [81.95000457763672, 0.0, 0.0]
  Arm Counts: [9.0, 1.0, 1.0]
  Value of t: 9
  UCB Scores: [14.690662384033203, 12.577764511108398, 12.577764511108398]

Epoch 8 Summary | LR: 0.000800 | Time: 312.49
Train Loss: 0.2682 | Train Acc: 93.50%
Val Loss: 0.6675 | Val Acc: 82.84%
--------------------------------------------------
No improvement for 3 epoch(s)
  Selected Arms: [0]
  Arm Rewards: [81.34000396728516, 0.0, 0.0]
  Arm Counts: [10.0, 1.0, 1.0]
  Value of t: 10
  UCB Scores: [13.329710006713867, 12.8757963180542, 12.8757963180542]

Epoch 9 Summary | LR: 0.000900 | Time: 312.53
Train Loss: 0.4412 | Train Acc: 88.76%
Val Loss: 0.6982 | Val Acc: 82.23%
--------------------------------------------------
No improvement for 4 epoch(s)
  Selected Arms: [1]
  Arm Rewards: [81.99000549316406, 0.0, 0.0]
  Arm Counts: [10.0, 2.0, 1.0]
  Value of t: 11
  UCB Scores: [12.35409927368164, 13.139575958251953, 13.139575958251953]

Epoch 10 Summary | LR: 0.001000 | Time: 312.58
Train Loss: 0.3025 | Train Acc: 92.08%
Val Loss: 0.6672 | Val Acc: 82.88%
--------------------------------------------------
No improvement for 5 epoch(s)
  Selected Arms: [2]
  Arm Rewards: [81.99000549316406, -2.130000114440918, 0.0]
  Arm Counts: [10.0, 2.0, 2.0]
  Value of t: 12
  UCB Scores: [12.428814888000488, 8.393152236938477, 13.375846862792969]

Epoch 11 Summary | LR: 0.001000 | Time: 314.04
Train Loss: 0.2601 | Train Acc: 93.28%
Val Loss: 0.7651 | Val Acc: 80.75%
--------------------------------------------------
No improvement for 6 epoch(s)
  Selected Arms: [0]
  Arm Rewards: [81.99000549316406, -2.130000114440918, -0.38999998569488525]
  Arm Counts: [11.0, 2.0, 2.0]
  Value of t: 13
  UCB Scores: [12.49639892578125, 8.544275283813477, 9.414275169372559]

Epoch 12 Summary | LR: 0.001000 | Time: 314.12
Train Loss: 0.3088 | Train Acc: 91.85%
Val Loss: 0.7744 | Val Acc: 80.36%
--------------------------------------------------
No improvement for 7 epoch(s)
Early stopping triggered after 12 epochs.
Total training time far: 3752.71 seconds
Average time per epoch: 312.73 seconds

Creating ViT model for 100 classes...
Total parameters: 149,653,448
Trainable parameters: 2,757,320 (1.84%)
Frozen parameters: 146,896,128 (98.16%)
Using device: cuda
============================================================
Vision Transformer Fine-tuning on cifar100
============================================================
Loading dataset...
Dataset loaded: 50000 train samples, 10000 val samples
Number of classes: 100

Creating ViT model for 100 classes...
PEFT config: PacaConfig(peft_type=<PeftType.PACA: 'PACA'>, auto_mapping=None, base_model_name_or_path=None, revision=None, task_type=<TaskType.FEATURE_EXTRACTION: 'FEATURE_EXTRACTION'>, inference_mode=False, r=48, target_modules={'mlp.3', 'mlp.0', 'out_proj'}, paca_alpha=96, fan_in_fan_out=False, bias='all', modules_to_save=['head'], layers_to_transform=None, layers_pattern=None, rank_pattern={}, alpha_pattern={}, megatron_config=None, megatron_core='megatron.core', layer_replication=None, gradient_accumulation_steps=1, steps_per_epoch=782, arm_distribution='horizontal', num_arms=3, num_arms_to_select=1, ucb_alpha=6, use_fixed_indices=False)
Total parameters: 149,653,448
Trainable parameters: 2,757,320 (1.84%)
Frozen parameters: 146,896,128 (98.16%)
Fine tuning VMamba using UCB-based PaCA:
Calculating initial validation accuracy...
Initial Val Acc: 0.89%
  Selected Arms: [0]
  Arm Rewards: [0.0, 0.0, 0.0]
  Arm Counts: [2.0, 1.0, 1.0]
  Value of t: 2
  UCB Scores: [7.064460277557373, 7.064460277557373, 7.064460277557373]

Epoch 1 Summary | LR: 0.000100 | Time: 312.19
Train Loss: 4.6617 | Train Acc: 1.01%
Val Loss: 4.6687 | Val Acc: 0.89%
--------------------------------------------------
  Selected Arms: [0]
  Arm Rewards: [72.79000091552734, 0.0, 0.0]
  Arm Counts: [3.0, 1.0, 1.0]
  Value of t: 3
  UCB Scores: [42.68388366699219, 8.89382266998291, 8.89382266998291]

Epoch 2 Summary | LR: 0.000200 | Time: 312.59
Train Loss: 2.3814 | Train Acc: 52.75%
Val Loss: 1.3584 | Val Acc: 73.68%
--------------------------------------------------
  Selected Arms: [0]
  Arm Rewards: [80.41000366210938, 0.0, 0.0]
  Arm Counts: [4.0, 1.0, 1.0]
  Value of t: 4
  UCB Scores: [32.571441650390625, 9.990654945373535, 9.990654945373535]

Epoch 3 Summary | LR: 0.000300 | Time: 312.49
Train Loss: 0.9917 | Train Acc: 79.72%
Val Loss: 0.8188 | Val Acc: 81.30%
--------------------------------------------------
  Selected Arms: [0]
  Arm Rewards: [82.4800033569336, 0.0, 0.0]
  Arm Counts: [5.0, 1.0, 1.0]
  Value of t: 5
  UCB Scores: [26.002368927001953, 10.764735221862793, 10.764735221862793]

Epoch 4 Summary | LR: 0.000400 | Time: 312.63
Train Loss: 0.6187 | Train Acc: 85.98%
Val Loss: 0.6703 | Val Acc: 83.37%
--------------------------------------------------
  Selected Arms: [0]
  Arm Rewards: [83.5300064086914, 0.0, 0.0]
  Arm Counts: [6.0, 1.0, 1.0]
  Value of t: 6
  UCB Scores: [21.785503387451172, 11.358110427856445, 11.358110427856445]

Epoch 5 Summary | LR: 0.000500 | Time: 312.55
Train Loss: 0.4434 | Train Acc: 89.51%
Val Loss: 0.6140 | Val Acc: 84.42%
--------------------------------------------------
  Selected Arms: [0]
  Arm Rewards: [81.65000915527344, 0.0, 0.0]
  Arm Counts: [7.0, 1.0, 1.0]
  Value of t: 7
  UCB Scores: [18.440614700317383, 11.836618423461914, 11.836618423461914]

Epoch 6 Summary | LR: 0.000600 | Time: 312.53
Train Loss: 0.3389 | Train Acc: 92.06%
Val Loss: 0.6718 | Val Acc: 82.54%
--------------------------------------------------
No improvement for 1 epoch(s)
  Selected Arms: [0]
  Arm Rewards: [81.72000885009766, 0.0, 0.0]
  Arm Counts: [8.0, 1.0, 1.0]
  Value of t: 8
  UCB Scores: [16.299062728881836, 12.236003875732422, 12.236003875732422]

Epoch 7 Summary | LR: 0.000700 | Time: 312.55
Train Loss: 0.2867 | Train Acc: 93.16%
Val Loss: 0.6614 | Val Acc: 82.61%
--------------------------------------------------
No improvement for 2 epoch(s)
  Selected Arms: [0]
  Arm Rewards: [82.59001159667969, 0.0, 0.0]
  Arm Counts: [9.0, 1.0, 1.0]
  Value of t: 9
  UCB Scores: [14.770663261413574, 12.577764511108398, 12.577764511108398]

Epoch 8 Summary | LR: 0.000800 | Time: 312.56
Train Loss: 0.2586 | Train Acc: 93.83%
Val Loss: 0.6490 | Val Acc: 83.48%
--------------------------------------------------
No improvement for 3 epoch(s)
  Selected Arms: [0]
  Arm Rewards: [81.40000915527344, 0.0, 0.0]
  Arm Counts: [10.0, 1.0, 1.0]
  Value of t: 10
  UCB Scores: [13.33637809753418, 12.8757963180542, 12.8757963180542]

Epoch 9 Summary | LR: 0.000900 | Time: 312.51
Train Loss: 0.4548 | Train Acc: 88.44%
Val Loss: 0.6875 | Val Acc: 82.29%
--------------------------------------------------
No improvement for 4 epoch(s)
  Selected Arms: [1]
  Arm Rewards: [81.510009765625, 0.0, 0.0]
  Arm Counts: [10.0, 2.0, 1.0]
  Value of t: 11
  UCB Scores: [12.306099891662598, 13.139575958251953, 13.139575958251953]

Epoch 10 Summary | LR: 0.001000 | Time: 312.59
Train Loss: 0.3082 | Train Acc: 91.91%
Val Loss: 0.6929 | Val Acc: 82.40%
--------------------------------------------------
No improvement for 5 epoch(s)
  Selected Arms: [2]
  Arm Rewards: [81.510009765625, -2.299999952316284, 0.0]
  Arm Counts: [10.0, 2.0, 2.0]
  Value of t: 12
  UCB Scores: [12.380815505981445, 8.308152198791504, 13.375846862792969]

Epoch 11 Summary | LR: 0.001000 | Time: 314.07
Train Loss: 0.2720 | Train Acc: 92.94%
Val Loss: 0.7933 | Val Acc: 80.10%
--------------------------------------------------
No improvement for 6 epoch(s)
  Selected Arms: [0]
  Arm Rewards: [81.510009765625, -2.299999952316284, 0.7900000214576721]
  Arm Counts: [11.0, 2.0, 2.0]
  Value of t: 13
  UCB Scores: [12.448399543762207, 8.459275245666504, 10.00427532196045]

Epoch 12 Summary | LR: 0.001000 | Time: 314.15
Train Loss: 0.3091 | Train Acc: 91.79%
Val Loss: 0.7579 | Val Acc: 80.89%
--------------------------------------------------
No improvement for 7 epoch(s)
Early stopping triggered after 12 epochs.
Total training time far: 3753.42 seconds
Average time per epoch: 312.78 seconds

Creating ViT model for 100 classes...
Total parameters: 149,653,448
Trainable parameters: 2,757,320 (1.84%)
Frozen parameters: 146,896,128 (98.16%)
Using device: cuda
============================================================
Vision Transformer Fine-tuning on cifar100
============================================================
Loading dataset...
Dataset loaded: 50000 train samples, 10000 val samples
Number of classes: 100

Creating ViT model for 100 classes...
PEFT config: PacaConfig(peft_type=<PeftType.PACA: 'PACA'>, auto_mapping=None, base_model_name_or_path=None, revision=None, task_type=<TaskType.FEATURE_EXTRACTION: 'FEATURE_EXTRACTION'>, inference_mode=False, r=48, target_modules={'out_proj', 'mlp.3', 'mlp.0'}, paca_alpha=96, fan_in_fan_out=False, bias='all', modules_to_save=['head'], layers_to_transform=None, layers_pattern=None, rank_pattern={}, alpha_pattern={}, megatron_config=None, megatron_core='megatron.core', layer_replication=None, gradient_accumulation_steps=1, steps_per_epoch=782, arm_distribution='horizontal', num_arms=3, num_arms_to_select=1, ucb_alpha=6, use_fixed_indices=False)
Total parameters: 149,653,448
Trainable parameters: 2,757,320 (1.84%)
Frozen parameters: 146,896,128 (98.16%)
Fine tuning VMamba using UCB-based PaCA:
Calculating initial validation accuracy...
Initial Val Acc: 0.89%
  Selected Arms: [0]
  Arm Rewards: [0.0, 0.0, 0.0]
  Arm Counts: [2.0, 1.0, 1.0]
  Value of t: 2
  UCB Scores: [7.064460277557373, 7.064460277557373, 7.064460277557373]

Epoch 1 Summary | LR: 0.000100 | Time: 312.42
Train Loss: 4.6617 | Train Acc: 1.01%
Val Loss: 4.6687 | Val Acc: 0.89%
--------------------------------------------------
  Selected Arms: [0]
  Arm Rewards: [72.79000091552734, 0.0, 0.0]
  Arm Counts: [3.0, 1.0, 1.0]
  Value of t: 3
  UCB Scores: [42.68388366699219, 8.89382266998291, 8.89382266998291]

Epoch 2 Summary | LR: 0.000200 | Time: 312.51
Train Loss: 2.3814 | Train Acc: 52.75%
Val Loss: 1.3584 | Val Acc: 73.68%
--------------------------------------------------
  Selected Arms: [0]
  Arm Rewards: [80.41000366210938, 0.0, 0.0]
  Arm Counts: [4.0, 1.0, 1.0]
  Value of t: 4
  UCB Scores: [32.571441650390625, 9.990654945373535, 9.990654945373535]

Epoch 3 Summary | LR: 0.000300 | Time: 312.55
Train Loss: 0.9917 | Train Acc: 79.72%
Val Loss: 0.8188 | Val Acc: 81.30%
--------------------------------------------------
  Selected Arms: [0]
  Arm Rewards: [82.49000549316406, 0.0, 0.0]
  Arm Counts: [5.0, 1.0, 1.0]
  Value of t: 5
  UCB Scores: [26.00486946105957, 10.764735221862793, 10.764735221862793]

Epoch 4 Summary | LR: 0.000400 | Time: 312.53
Train Loss: 0.6187 | Train Acc: 85.98%
Val Loss: 0.6703 | Val Acc: 83.38%
--------------------------------------------------
  Selected Arms: [0]
  Arm Rewards: [83.41000366210938, 0.0, 0.0]
  Arm Counts: [6.0, 1.0, 1.0]
  Value of t: 6
  UCB Scores: [21.761503219604492, 11.358110427856445, 11.358110427856445]

Epoch 5 Summary | LR: 0.000500 | Time: 312.59
Train Loss: 0.4438 | Train Acc: 89.49%
Val Loss: 0.6163 | Val Acc: 84.30%
--------------------------------------------------
  Selected Arms: [0]
  Arm Rewards: [82.6300048828125, 0.0, 0.0]
  Arm Counts: [7.0, 1.0, 1.0]
  Value of t: 7
  UCB Scores: [18.603946685791016, 11.836618423461914, 11.836618423461914]

Epoch 6 Summary | LR: 0.000600 | Time: 312.56
Train Loss: 0.3388 | Train Acc: 92.06%
Val Loss: 0.6440 | Val Acc: 83.52%
--------------------------------------------------
No improvement for 1 epoch(s)
  Selected Arms: [0]
  Arm Rewards: [82.8600082397461, 0.0, 0.0]
  Arm Counts: [8.0, 1.0, 1.0]
  Value of t: 8
  UCB Scores: [16.4619197845459, 12.236003875732422, 12.236003875732422]

Epoch 7 Summary | LR: 0.000700 | Time: 312.64
Train Loss: 0.2887 | Train Acc: 93.06%
Val Loss: 0.6313 | Val Acc: 83.75%
--------------------------------------------------
No improvement for 2 epoch(s)
  Selected Arms: [0]
  Arm Rewards: [81.02001190185547, 0.0, 0.0]
  Arm Counts: [9.0, 1.0, 1.0]
  Value of t: 9
  UCB Scores: [14.574413299560547, 12.577764511108398, 12.577764511108398]

Epoch 8 Summary | LR: 0.000800 | Time: 312.55
Train Loss: 0.2604 | Train Acc: 93.76%
Val Loss: 0.7073 | Val Acc: 81.91%
--------------------------------------------------
No improvement for 3 epoch(s)
  Selected Arms: [0]
  Arm Rewards: [80.84001159667969, 0.0, 0.0]
  Arm Counts: [10.0, 1.0, 1.0]
  Value of t: 10
  UCB Scores: [13.274155616760254, 12.8757963180542, 12.8757963180542]

Epoch 9 Summary | LR: 0.000900 | Time: 312.54
Train Loss: 0.4553 | Train Acc: 88.38%
Val Loss: 0.6981 | Val Acc: 81.73%
--------------------------------------------------
No improvement for 4 epoch(s)
  Selected Arms: [1]
  Arm Rewards: [81.94001007080078, 0.0, 0.0]
  Arm Counts: [10.0, 2.0, 1.0]
  Value of t: 11
  UCB Scores: [12.349100112915039, 13.139575958251953, 13.139575958251953]

Epoch 10 Summary | LR: 0.001000 | Time: 312.62
Train Loss: 0.3041 | Train Acc: 92.12%
Val Loss: 0.6629 | Val Acc: 82.83%
--------------------------------------------------
No improvement for 5 epoch(s)
  Selected Arms: [2]
  Arm Rewards: [81.94001007080078, -1.7100000381469727, 0.0]
  Arm Counts: [10.0, 2.0, 2.0]
  Value of t: 12
  UCB Scores: [12.423815727233887, 8.60315227508545, 13.375846862792969]

Epoch 11 Summary | LR: 0.001000 | Time: 314.12
Train Loss: 0.2603 | Train Acc: 93.22%
Val Loss: 0.7533 | Val Acc: 81.12%
--------------------------------------------------
No improvement for 6 epoch(s)
  Selected Arms: [0]
  Arm Rewards: [81.94001007080078, -1.7100000381469727, 0.550000011920929]
  Arm Counts: [11.0, 2.0, 2.0]
  Value of t: 13
  UCB Scores: [12.491399765014648, 8.75427532196045, 9.884275436401367]

Epoch 12 Summary | LR: 0.001000 | Time: 314.10
Train Loss: 0.3286 | Train Acc: 91.38%
Val Loss: 0.7216 | Val Acc: 81.67%
--------------------------------------------------
No improvement for 7 epoch(s)
Early stopping triggered after 12 epochs.
Total training time far: 3753.73 seconds
Average time per epoch: 312.81 seconds

Creating ViT model for 100 classes...
Total parameters: 149,653,448
Trainable parameters: 2,757,320 (1.84%)
Frozen parameters: 146,896,128 (98.16%)
Job completed at Fri Jul 11 18:39:06 IST 2025
