
============================================================
Vision Transformer Fine-tuning on CIFAR-100
Using Gradient Chain Selection
============================================================
Using random seed: 352

Loading dataset...
Files already downloaded and verified
Files already downloaded and verified
Dataset loaded: 50000 train samples, 10000 val samples
Number of classes: 100

Creating ViT model for 100 classes...

PEFT config: PacaConfig(peft_type=<PeftType.PACA: 'PACA'>, auto_mapping=None, base_model_name_or_path=None, revision=None, task_type=<TaskType.FEATURE_EXTRACTION: 'FEATURE_EXTRACTION'>, inference_mode=False, r=48, target_modules={'mlp.0', 'out_proj', 'mlp.3'}, paca_alpha=96, fan_in_fan_out=False, bias='all', modules_to_save=['head'], layers_to_transform=None, layers_pattern=None, rank_pattern={}, alpha_pattern={}, megatron_config=None, megatron_core='megatron.core', layer_replication=None, gradient_accumulation_steps=1, steps_per_epoch=782, arm_distribution='gradient_chain', num_arms=8, num_arms_to_select=2, ucb_alpha=0.5, use_fixed_indices=False, arm_selection_method='thompson', thompson_distribution='gaussian', thompson_alpha_prior=1.0, thompson_beta_prior=1.0, thompson_gaussian_prior_mean=0.0, thompson_gaussian_prior_std=10.0, thompson_gaussian_noise_std=5.0, gradient_chain_warmup_epochs=2, gradient_chain_num_samples=5)
Total parameters: 149,653,448
Trainable parameters: 2,757,320 (1.84%)
Frozen parameters: 146,896,128 (98.16%)

============================================================
Fine-tuning ViT using Gradient Chain Selection:
============================================================
Calculating initial validation accuracy...
Initial Val Acc: 1.03%

Reward: 0.00% (normalized: 0.00)
Gradient chain warmup: 1/2

Epoch 1/100 | LR: 0.000100 | Time: 207.39s
Train Loss: 4.6846 | Train Acc: 1.11%
Val Loss: 4.6788 | Val Acc: 1.03%

Gradient Chain Statistics:
[PacaGradientChainManager - Gradient Chain Logs]
  Chains Built: False
  Number of Chains: 0
  Current Epoch: 0
  Arm Means: [0.0, 0.0, 0.0, 0.0, 0.0, 0.0, 0.0, 0.0]
  Arm Stds: [10.0, 10.0, 10.0, 10.0, 10.0, 10.0, 10.0, 10.0]
  Arm Observation Counts: [0, 0, 0, 0, 0, 0, 0, 0]
------------------------------------------------------------

Reward: 73.69% (normalized: 7.37)

============================================================
Building Gradient Chains...
============================================================
Sampling 5 batches to estimate gradients...
  Batch 1/5 processed
  Batch 2/5 processed
  Batch 3/5 processed
  Batch 4/5 processed
  Batch 5/5 processed

Averaging gradients across batches...

Building 8 gradient chains...

Chain 0: Starting from neuron 29
  Layer 0 (encoder.layers.encoder_layer_0.mlp.0): input_col=29 -> output_neuron=2437 (grad=0.0006)
  Layer 1 (encoder.layers.encoder_layer_0.mlp.3): input_col=37 -> output_neuron=142 (grad=0.0004)
  Warning: No gradients for layer encoder.layers.encoder_layer_1.self_attention.out_proj, skipping
  Layer 3 (encoder.layers.encoder_layer_1.mlp.0): input_col=46 -> output_neuron=2234 (grad=0.0001)
  Layer 4 (encoder.layers.encoder_layer_1.mlp.3): input_col=26 -> output_neuron=142 (grad=0.0000)
  Warning: No gradients for layer encoder.layers.encoder_layer_2.self_attention.out_proj, skipping
  Layer 6 (encoder.layers.encoder_layer_2.mlp.0): input_col=46 -> output_neuron=2068 (grad=0.0001)
  Layer 7 (encoder.layers.encoder_layer_2.mlp.3): input_col=4 -> output_neuron=573 (grad=0.0000)
  Warning: No gradients for layer encoder.layers.encoder_layer_3.self_attention.out_proj, skipping
  Layer 9 (encoder.layers.encoder_layer_3.mlp.0): input_col=45 -> output_neuron=1058 (grad=0.0014)
  Layer 10 (encoder.layers.encoder_layer_3.mlp.3): input_col=2 -> output_neuron=273 (grad=0.0008)
  Warning: No gradients for layer encoder.layers.encoder_layer_4.self_attention.out_proj, skipping
  Layer 12 (encoder.layers.encoder_layer_4.mlp.0): input_col=33 -> output_neuron=1461 (grad=0.0035)
  Layer 13 (encoder.layers.encoder_layer_4.mlp.3): input_col=21 -> output_neuron=225 (grad=0.0006)
  Warning: No gradients for layer encoder.layers.encoder_layer_5.self_attention.out_proj, skipping
  Layer 15 (encoder.layers.encoder_layer_5.mlp.0): input_col=33 -> output_neuron=374 (grad=0.0027)
  Layer 16 (encoder.layers.encoder_layer_5.mlp.3): input_col=38 -> output_neuron=9 (grad=0.0045)
  Warning: No gradients for layer encoder.layers.encoder_layer_6.self_attention.out_proj, skipping
  Layer 18 (encoder.layers.encoder_layer_6.mlp.0): input_col=9 -> output_neuron=411 (grad=0.0019)
  Layer 19 (encoder.layers.encoder_layer_6.mlp.3): input_col=27 -> output_neuron=52 (grad=0.0021)
  Warning: No gradients for layer encoder.layers.encoder_layer_7.self_attention.out_proj, skipping
  Layer 21 (encoder.layers.encoder_layer_7.mlp.0): input_col=4 -> output_neuron=1627 (grad=0.0017)
  Layer 22 (encoder.layers.encoder_layer_7.mlp.3): input_col=43 -> output_neuron=592 (grad=0.0024)
  Warning: No gradients for layer encoder.layers.encoder_layer_8.self_attention.out_proj, skipping
  Layer 24 (encoder.layers.encoder_layer_8.mlp.0): input_col=16 -> output_neuron=193 (grad=0.0086)
  Layer 25 (encoder.layers.encoder_layer_8.mlp.3): input_col=1 -> output_neuron=592 (grad=0.0024)
  Warning: No gradients for layer encoder.layers.encoder_layer_9.self_attention.out_proj, skipping
  Layer 27 (encoder.layers.encoder_layer_9.mlp.0): input_col=16 -> output_neuron=347 (grad=0.0122)
  Layer 28 (encoder.layers.encoder_layer_9.mlp.3): input_col=11 -> output_neuron=712 (grad=0.0039)
  Warning: No gradients for layer encoder.layers.encoder_layer_10.self_attention.out_proj, skipping
  Layer 30 (encoder.layers.encoder_layer_10.mlp.0): input_col=40 -> output_neuron=1437 (grad=0.0022)
  Layer 31 (encoder.layers.encoder_layer_10.mlp.3): input_col=45 -> output_neuron=246 (grad=0.0077)
  Warning: No gradients for layer encoder.layers.encoder_layer_11.self_attention.out_proj, skipping
  Layer 33 (encoder.layers.encoder_layer_11.mlp.0): input_col=6 -> output_neuron=1813 (grad=0.0054)
  Layer 34 (encoder.layers.encoder_layer_11.mlp.3): input_col=37 -> output_neuron=246 (grad=0.0049)

Chain 1: Starting from neuron 47
  Layer 0 (encoder.layers.encoder_layer_0.mlp.0): input_col=47 -> output_neuron=2437 (grad=0.0002)
  Layer 1 (encoder.layers.encoder_layer_0.mlp.3): input_col=37 -> output_neuron=142 (grad=0.0004)
  Warning: No gradients for layer encoder.layers.encoder_layer_1.self_attention.out_proj, skipping
  Layer 3 (encoder.layers.encoder_layer_1.mlp.0): input_col=46 -> output_neuron=2234 (grad=0.0001)
  Layer 4 (encoder.layers.encoder_layer_1.mlp.3): input_col=26 -> output_neuron=142 (grad=0.0000)
  Warning: No gradients for layer encoder.layers.encoder_layer_2.self_attention.out_proj, skipping
  Layer 6 (encoder.layers.encoder_layer_2.mlp.0): input_col=46 -> output_neuron=2068 (grad=0.0001)
  Layer 7 (encoder.layers.encoder_layer_2.mlp.3): input_col=4 -> output_neuron=573 (grad=0.0000)
  Warning: No gradients for layer encoder.layers.encoder_layer_3.self_attention.out_proj, skipping
  Layer 9 (encoder.layers.encoder_layer_3.mlp.0): input_col=45 -> output_neuron=1058 (grad=0.0014)
  Layer 10 (encoder.layers.encoder_layer_3.mlp.3): input_col=2 -> output_neuron=273 (grad=0.0008)
  Warning: No gradients for layer encoder.layers.encoder_layer_4.self_attention.out_proj, skipping
  Layer 12 (encoder.layers.encoder_layer_4.mlp.0): input_col=33 -> output_neuron=1461 (grad=0.0035)
  Layer 13 (encoder.layers.encoder_layer_4.mlp.3): input_col=21 -> output_neuron=225 (grad=0.0006)
  Warning: No gradients for layer encoder.layers.encoder_layer_5.self_attention.out_proj, skipping
  Layer 15 (encoder.layers.encoder_layer_5.mlp.0): input_col=33 -> output_neuron=374 (grad=0.0027)
  Layer 16 (encoder.layers.encoder_layer_5.mlp.3): input_col=38 -> output_neuron=9 (grad=0.0045)
  Warning: No gradients for layer encoder.layers.encoder_layer_6.self_attention.out_proj, skipping
  Layer 18 (encoder.layers.encoder_layer_6.mlp.0): input_col=9 -> output_neuron=411 (grad=0.0019)
  Layer 19 (encoder.layers.encoder_layer_6.mlp.3): input_col=27 -> output_neuron=52 (grad=0.0021)
  Warning: No gradients for layer encoder.layers.encoder_layer_7.self_attention.out_proj, skipping
  Layer 21 (encoder.layers.encoder_layer_7.mlp.0): input_col=4 -> output_neuron=1627 (grad=0.0017)
  Layer 22 (encoder.layers.encoder_layer_7.mlp.3): input_col=43 -> output_neuron=592 (grad=0.0024)
  Warning: No gradients for layer encoder.layers.encoder_layer_8.self_attention.out_proj, skipping
  Layer 24 (encoder.layers.encoder_layer_8.mlp.0): input_col=16 -> output_neuron=193 (grad=0.0086)
  Layer 25 (encoder.layers.encoder_layer_8.mlp.3): input_col=1 -> output_neuron=592 (grad=0.0024)
  Warning: No gradients for layer encoder.layers.encoder_layer_9.self_attention.out_proj, skipping
  Layer 27 (encoder.layers.encoder_layer_9.mlp.0): input_col=16 -> output_neuron=347 (grad=0.0122)
  Layer 28 (encoder.layers.encoder_layer_9.mlp.3): input_col=11 -> output_neuron=712 (grad=0.0039)
  Warning: No gradients for layer encoder.layers.encoder_layer_10.self_attention.out_proj, skipping
  Layer 30 (encoder.layers.encoder_layer_10.mlp.0): input_col=40 -> output_neuron=1437 (grad=0.0022)
  Layer 31 (encoder.layers.encoder_layer_10.mlp.3): input_col=45 -> output_neuron=246 (grad=0.0077)
  Warning: No gradients for layer encoder.layers.encoder_layer_11.self_attention.out_proj, skipping
  Layer 33 (encoder.layers.encoder_layer_11.mlp.0): input_col=6 -> output_neuron=1813 (grad=0.0054)
  Layer 34 (encoder.layers.encoder_layer_11.mlp.3): input_col=37 -> output_neuron=246 (grad=0.0049)

Chain 2: Starting from neuron 21
  Layer 0 (encoder.layers.encoder_layer_0.mlp.0): input_col=21 -> output_neuron=2437 (grad=0.0005)
  Layer 1 (encoder.layers.encoder_layer_0.mlp.3): input_col=37 -> output_neuron=142 (grad=0.0004)
  Warning: No gradients for layer encoder.layers.encoder_layer_1.self_attention.out_proj, skipping
  Layer 3 (encoder.layers.encoder_layer_1.mlp.0): input_col=46 -> output_neuron=2234 (grad=0.0001)
  Layer 4 (encoder.layers.encoder_layer_1.mlp.3): input_col=26 -> output_neuron=142 (grad=0.0000)
  Warning: No gradients for layer encoder.layers.encoder_layer_2.self_attention.out_proj, skipping
  Layer 6 (encoder.layers.encoder_layer_2.mlp.0): input_col=46 -> output_neuron=2068 (grad=0.0001)
  Layer 7 (encoder.layers.encoder_layer_2.mlp.3): input_col=4 -> output_neuron=573 (grad=0.0000)
  Warning: No gradients for layer encoder.layers.encoder_layer_3.self_attention.out_proj, skipping
  Layer 9 (encoder.layers.encoder_layer_3.mlp.0): input_col=45 -> output_neuron=1058 (grad=0.0014)
  Layer 10 (encoder.layers.encoder_layer_3.mlp.3): input_col=2 -> output_neuron=273 (grad=0.0008)
  Warning: No gradients for layer encoder.layers.encoder_layer_4.self_attention.out_proj, skipping
  Layer 12 (encoder.layers.encoder_layer_4.mlp.0): input_col=33 -> output_neuron=1461 (grad=0.0035)
  Layer 13 (encoder.layers.encoder_layer_4.mlp.3): input_col=21 -> output_neuron=225 (grad=0.0006)
  Warning: No gradients for layer encoder.layers.encoder_layer_5.self_attention.out_proj, skipping
  Layer 15 (encoder.layers.encoder_layer_5.mlp.0): input_col=33 -> output_neuron=374 (grad=0.0027)
  Layer 16 (encoder.layers.encoder_layer_5.mlp.3): input_col=38 -> output_neuron=9 (grad=0.0045)
  Warning: No gradients for layer encoder.layers.encoder_layer_6.self_attention.out_proj, skipping
  Layer 18 (encoder.layers.encoder_layer_6.mlp.0): input_col=9 -> output_neuron=411 (grad=0.0019)
  Layer 19 (encoder.layers.encoder_layer_6.mlp.3): input_col=27 -> output_neuron=52 (grad=0.0021)
  Warning: No gradients for layer encoder.layers.encoder_layer_7.self_attention.out_proj, skipping
  Layer 21 (encoder.layers.encoder_layer_7.mlp.0): input_col=4 -> output_neuron=1627 (grad=0.0017)
  Layer 22 (encoder.layers.encoder_layer_7.mlp.3): input_col=43 -> output_neuron=592 (grad=0.0024)
  Warning: No gradients for layer encoder.layers.encoder_layer_8.self_attention.out_proj, skipping
  Layer 24 (encoder.layers.encoder_layer_8.mlp.0): input_col=16 -> output_neuron=193 (grad=0.0086)
  Layer 25 (encoder.layers.encoder_layer_8.mlp.3): input_col=1 -> output_neuron=592 (grad=0.0024)
  Warning: No gradients for layer encoder.layers.encoder_layer_9.self_attention.out_proj, skipping
  Layer 27 (encoder.layers.encoder_layer_9.mlp.0): input_col=16 -> output_neuron=347 (grad=0.0122)
  Layer 28 (encoder.layers.encoder_layer_9.mlp.3): input_col=11 -> output_neuron=712 (grad=0.0039)
  Warning: No gradients for layer encoder.layers.encoder_layer_10.self_attention.out_proj, skipping
  Layer 30 (encoder.layers.encoder_layer_10.mlp.0): input_col=40 -> output_neuron=1437 (grad=0.0022)
  Layer 31 (encoder.layers.encoder_layer_10.mlp.3): input_col=45 -> output_neuron=246 (grad=0.0077)
  Warning: No gradients for layer encoder.layers.encoder_layer_11.self_attention.out_proj, skipping
  Layer 33 (encoder.layers.encoder_layer_11.mlp.0): input_col=6 -> output_neuron=1813 (grad=0.0054)
  Layer 34 (encoder.layers.encoder_layer_11.mlp.3): input_col=37 -> output_neuron=246 (grad=0.0049)

Chain 3: Starting from neuron 30
  Layer 0 (encoder.layers.encoder_layer_0.mlp.0): input_col=30 -> output_neuron=449 (grad=0.0003)
  Layer 1 (encoder.layers.encoder_layer_0.mlp.3): input_col=17 -> output_neuron=259 (grad=0.0029)
  Warning: No gradients for layer encoder.layers.encoder_layer_1.self_attention.out_proj, skipping
  Layer 3 (encoder.layers.encoder_layer_1.mlp.0): input_col=19 -> output_neuron=2234 (grad=0.0001)
  Layer 4 (encoder.layers.encoder_layer_1.mlp.3): input_col=26 -> output_neuron=142 (grad=0.0000)
  Warning: No gradients for layer encoder.layers.encoder_layer_2.self_attention.out_proj, skipping
  Layer 6 (encoder.layers.encoder_layer_2.mlp.0): input_col=46 -> output_neuron=2068 (grad=0.0001)
  Layer 7 (encoder.layers.encoder_layer_2.mlp.3): input_col=4 -> output_neuron=573 (grad=0.0000)
  Warning: No gradients for layer encoder.layers.encoder_layer_3.self_attention.out_proj, skipping
  Layer 9 (encoder.layers.encoder_layer_3.mlp.0): input_col=45 -> output_neuron=1058 (grad=0.0014)
  Layer 10 (encoder.layers.encoder_layer_3.mlp.3): input_col=2 -> output_neuron=273 (grad=0.0008)
  Warning: No gradients for layer encoder.layers.encoder_layer_4.self_attention.out_proj, skipping
  Layer 12 (encoder.layers.encoder_layer_4.mlp.0): input_col=33 -> output_neuron=1461 (grad=0.0035)
  Layer 13 (encoder.layers.encoder_layer_4.mlp.3): input_col=21 -> output_neuron=225 (grad=0.0006)
  Warning: No gradients for layer encoder.layers.encoder_layer_5.self_attention.out_proj, skipping
  Layer 15 (encoder.layers.encoder_layer_5.mlp.0): input_col=33 -> output_neuron=374 (grad=0.0027)
  Layer 16 (encoder.layers.encoder_layer_5.mlp.3): input_col=38 -> output_neuron=9 (grad=0.0045)
  Warning: No gradients for layer encoder.layers.encoder_layer_6.self_attention.out_proj, skipping
  Layer 18 (encoder.layers.encoder_layer_6.mlp.0): input_col=9 -> output_neuron=411 (grad=0.0019)
  Layer 19 (encoder.layers.encoder_layer_6.mlp.3): input_col=27 -> output_neuron=52 (grad=0.0021)
  Warning: No gradients for layer encoder.layers.encoder_layer_7.self_attention.out_proj, skipping
  Layer 21 (encoder.layers.encoder_layer_7.mlp.0): input_col=4 -> output_neuron=1627 (grad=0.0017)
  Layer 22 (encoder.layers.encoder_layer_7.mlp.3): input_col=43 -> output_neuron=592 (grad=0.0024)
  Warning: No gradients for layer encoder.layers.encoder_layer_8.self_attention.out_proj, skipping
  Layer 24 (encoder.layers.encoder_layer_8.mlp.0): input_col=16 -> output_neuron=193 (grad=0.0086)
  Layer 25 (encoder.layers.encoder_layer_8.mlp.3): input_col=1 -> output_neuron=592 (grad=0.0024)
  Warning: No gradients for layer encoder.layers.encoder_layer_9.self_attention.out_proj, skipping
  Layer 27 (encoder.layers.encoder_layer_9.mlp.0): input_col=16 -> output_neuron=347 (grad=0.0122)
  Layer 28 (encoder.layers.encoder_layer_9.mlp.3): input_col=11 -> output_neuron=712 (grad=0.0039)
  Warning: No gradients for layer encoder.layers.encoder_layer_10.self_attention.out_proj, skipping
  Layer 30 (encoder.layers.encoder_layer_10.mlp.0): input_col=40 -> output_neuron=1437 (grad=0.0022)
  Layer 31 (encoder.layers.encoder_layer_10.mlp.3): input_col=45 -> output_neuron=246 (grad=0.0077)
  Warning: No gradients for layer encoder.layers.encoder_layer_11.self_attention.out_proj, skipping
  Layer 33 (encoder.layers.encoder_layer_11.mlp.0): input_col=6 -> output_neuron=1813 (grad=0.0054)
  Layer 34 (encoder.layers.encoder_layer_11.mlp.3): input_col=37 -> output_neuron=246 (grad=0.0049)

Chain 4: Starting from neuron 24
  Layer 0 (encoder.layers.encoder_layer_0.mlp.0): input_col=24 -> output_neuron=2437 (grad=0.0001)
  Layer 1 (encoder.layers.encoder_layer_0.mlp.3): input_col=37 -> output_neuron=142 (grad=0.0004)
  Warning: No gradients for layer encoder.layers.encoder_layer_1.self_attention.out_proj, skipping
  Layer 3 (encoder.layers.encoder_layer_1.mlp.0): input_col=46 -> output_neuron=2234 (grad=0.0001)
  Layer 4 (encoder.layers.encoder_layer_1.mlp.3): input_col=26 -> output_neuron=142 (grad=0.0000)
  Warning: No gradients for layer encoder.layers.encoder_layer_2.self_attention.out_proj, skipping
  Layer 6 (encoder.layers.encoder_layer_2.mlp.0): input_col=46 -> output_neuron=2068 (grad=0.0001)
  Layer 7 (encoder.layers.encoder_layer_2.mlp.3): input_col=4 -> output_neuron=573 (grad=0.0000)
  Warning: No gradients for layer encoder.layers.encoder_layer_3.self_attention.out_proj, skipping
  Layer 9 (encoder.layers.encoder_layer_3.mlp.0): input_col=45 -> output_neuron=1058 (grad=0.0014)
  Layer 10 (encoder.layers.encoder_layer_3.mlp.3): input_col=2 -> output_neuron=273 (grad=0.0008)
  Warning: No gradients for layer encoder.layers.encoder_layer_4.self_attention.out_proj, skipping
  Layer 12 (encoder.layers.encoder_layer_4.mlp.0): input_col=33 -> output_neuron=1461 (grad=0.0035)
  Layer 13 (encoder.layers.encoder_layer_4.mlp.3): input_col=21 -> output_neuron=225 (grad=0.0006)
  Warning: No gradients for layer encoder.layers.encoder_layer_5.self_attention.out_proj, skipping
  Layer 15 (encoder.layers.encoder_layer_5.mlp.0): input_col=33 -> output_neuron=374 (grad=0.0027)
  Layer 16 (encoder.layers.encoder_layer_5.mlp.3): input_col=38 -> output_neuron=9 (grad=0.0045)
  Warning: No gradients for layer encoder.layers.encoder_layer_6.self_attention.out_proj, skipping
  Layer 18 (encoder.layers.encoder_layer_6.mlp.0): input_col=9 -> output_neuron=411 (grad=0.0019)
  Layer 19 (encoder.layers.encoder_layer_6.mlp.3): input_col=27 -> output_neuron=52 (grad=0.0021)
  Warning: No gradients for layer encoder.layers.encoder_layer_7.self_attention.out_proj, skipping
  Layer 21 (encoder.layers.encoder_layer_7.mlp.0): input_col=4 -> output_neuron=1627 (grad=0.0017)
  Layer 22 (encoder.layers.encoder_layer_7.mlp.3): input_col=43 -> output_neuron=592 (grad=0.0024)
  Warning: No gradients for layer encoder.layers.encoder_layer_8.self_attention.out_proj, skipping
  Layer 24 (encoder.layers.encoder_layer_8.mlp.0): input_col=16 -> output_neuron=193 (grad=0.0086)
  Layer 25 (encoder.layers.encoder_layer_8.mlp.3): input_col=1 -> output_neuron=592 (grad=0.0024)
  Warning: No gradients for layer encoder.layers.encoder_layer_9.self_attention.out_proj, skipping
  Layer 27 (encoder.layers.encoder_layer_9.mlp.0): input_col=16 -> output_neuron=347 (grad=0.0122)
  Layer 28 (encoder.layers.encoder_layer_9.mlp.3): input_col=11 -> output_neuron=712 (grad=0.0039)
  Warning: No gradients for layer encoder.layers.encoder_layer_10.self_attention.out_proj, skipping
  Layer 30 (encoder.layers.encoder_layer_10.mlp.0): input_col=40 -> output_neuron=1437 (grad=0.0022)
  Layer 31 (encoder.layers.encoder_layer_10.mlp.3): input_col=45 -> output_neuron=246 (grad=0.0077)
  Warning: No gradients for layer encoder.layers.encoder_layer_11.self_attention.out_proj, skipping
  Layer 33 (encoder.layers.encoder_layer_11.mlp.0): input_col=6 -> output_neuron=1813 (grad=0.0054)
  Layer 34 (encoder.layers.encoder_layer_11.mlp.3): input_col=37 -> output_neuron=246 (grad=0.0049)

Chain 5: Starting from neuron 8
  Layer 0 (encoder.layers.encoder_layer_0.mlp.0): input_col=8 -> output_neuron=2437 (grad=0.0004)
  Layer 1 (encoder.layers.encoder_layer_0.mlp.3): input_col=37 -> output_neuron=142 (grad=0.0004)
  Warning: No gradients for layer encoder.layers.encoder_layer_1.self_attention.out_proj, skipping
  Layer 3 (encoder.layers.encoder_layer_1.mlp.0): input_col=46 -> output_neuron=2234 (grad=0.0001)
  Layer 4 (encoder.layers.encoder_layer_1.mlp.3): input_col=26 -> output_neuron=142 (grad=0.0000)
  Warning: No gradients for layer encoder.layers.encoder_layer_2.self_attention.out_proj, skipping
  Layer 6 (encoder.layers.encoder_layer_2.mlp.0): input_col=46 -> output_neuron=2068 (grad=0.0001)
  Layer 7 (encoder.layers.encoder_layer_2.mlp.3): input_col=4 -> output_neuron=573 (grad=0.0000)
  Warning: No gradients for layer encoder.layers.encoder_layer_3.self_attention.out_proj, skipping
  Layer 9 (encoder.layers.encoder_layer_3.mlp.0): input_col=45 -> output_neuron=1058 (grad=0.0014)
  Layer 10 (encoder.layers.encoder_layer_3.mlp.3): input_col=2 -> output_neuron=273 (grad=0.0008)
  Warning: No gradients for layer encoder.layers.encoder_layer_4.self_attention.out_proj, skipping
  Layer 12 (encoder.layers.encoder_layer_4.mlp.0): input_col=33 -> output_neuron=1461 (grad=0.0035)
  Layer 13 (encoder.layers.encoder_layer_4.mlp.3): input_col=21 -> output_neuron=225 (grad=0.0006)
  Warning: No gradients for layer encoder.layers.encoder_layer_5.self_attention.out_proj, skipping
  Layer 15 (encoder.layers.encoder_layer_5.mlp.0): input_col=33 -> output_neuron=374 (grad=0.0027)
  Layer 16 (encoder.layers.encoder_layer_5.mlp.3): input_col=38 -> output_neuron=9 (grad=0.0045)
  Warning: No gradients for layer encoder.layers.encoder_layer_6.self_attention.out_proj, skipping
  Layer 18 (encoder.layers.encoder_layer_6.mlp.0): input_col=9 -> output_neuron=411 (grad=0.0019)
  Layer 19 (encoder.layers.encoder_layer_6.mlp.3): input_col=27 -> output_neuron=52 (grad=0.0021)
  Warning: No gradients for layer encoder.layers.encoder_layer_7.self_attention.out_proj, skipping
  Layer 21 (encoder.layers.encoder_layer_7.mlp.0): input_col=4 -> output_neuron=1627 (grad=0.0017)
  Layer 22 (encoder.layers.encoder_layer_7.mlp.3): input_col=43 -> output_neuron=592 (grad=0.0024)
  Warning: No gradients for layer encoder.layers.encoder_layer_8.self_attention.out_proj, skipping
  Layer 24 (encoder.layers.encoder_layer_8.mlp.0): input_col=16 -> output_neuron=193 (grad=0.0086)
  Layer 25 (encoder.layers.encoder_layer_8.mlp.3): input_col=1 -> output_neuron=592 (grad=0.0024)
  Warning: No gradients for layer encoder.layers.encoder_layer_9.self_attention.out_proj, skipping
  Layer 27 (encoder.layers.encoder_layer_9.mlp.0): input_col=16 -> output_neuron=347 (grad=0.0122)
  Layer 28 (encoder.layers.encoder_layer_9.mlp.3): input_col=11 -> output_neuron=712 (grad=0.0039)
  Warning: No gradients for layer encoder.layers.encoder_layer_10.self_attention.out_proj, skipping
  Layer 30 (encoder.layers.encoder_layer_10.mlp.0): input_col=40 -> output_neuron=1437 (grad=0.0022)
  Layer 31 (encoder.layers.encoder_layer_10.mlp.3): input_col=45 -> output_neuron=246 (grad=0.0077)
  Warning: No gradients for layer encoder.layers.encoder_layer_11.self_attention.out_proj, skipping
  Layer 33 (encoder.layers.encoder_layer_11.mlp.0): input_col=6 -> output_neuron=1813 (grad=0.0054)
  Layer 34 (encoder.layers.encoder_layer_11.mlp.3): input_col=37 -> output_neuron=246 (grad=0.0049)

Chain 6: Starting from neuron 36
  Layer 0 (encoder.layers.encoder_layer_0.mlp.0): input_col=36 -> output_neuron=2437 (grad=0.0011)
  Layer 1 (encoder.layers.encoder_layer_0.mlp.3): input_col=37 -> output_neuron=142 (grad=0.0004)
  Warning: No gradients for layer encoder.layers.encoder_layer_1.self_attention.out_proj, skipping
  Layer 3 (encoder.layers.encoder_layer_1.mlp.0): input_col=46 -> output_neuron=2234 (grad=0.0001)
  Layer 4 (encoder.layers.encoder_layer_1.mlp.3): input_col=26 -> output_neuron=142 (grad=0.0000)
  Warning: No gradients for layer encoder.layers.encoder_layer_2.self_attention.out_proj, skipping
  Layer 6 (encoder.layers.encoder_layer_2.mlp.0): input_col=46 -> output_neuron=2068 (grad=0.0001)
  Layer 7 (encoder.layers.encoder_layer_2.mlp.3): input_col=4 -> output_neuron=573 (grad=0.0000)
  Warning: No gradients for layer encoder.layers.encoder_layer_3.self_attention.out_proj, skipping
  Layer 9 (encoder.layers.encoder_layer_3.mlp.0): input_col=45 -> output_neuron=1058 (grad=0.0014)
  Layer 10 (encoder.layers.encoder_layer_3.mlp.3): input_col=2 -> output_neuron=273 (grad=0.0008)
  Warning: No gradients for layer encoder.layers.encoder_layer_4.self_attention.out_proj, skipping
  Layer 12 (encoder.layers.encoder_layer_4.mlp.0): input_col=33 -> output_neuron=1461 (grad=0.0035)
  Layer 13 (encoder.layers.encoder_layer_4.mlp.3): input_col=21 -> output_neuron=225 (grad=0.0006)
  Warning: No gradients for layer encoder.layers.encoder_layer_5.self_attention.out_proj, skipping
  Layer 15 (encoder.layers.encoder_layer_5.mlp.0): input_col=33 -> output_neuron=374 (grad=0.0027)
  Layer 16 (encoder.layers.encoder_layer_5.mlp.3): input_col=38 -> output_neuron=9 (grad=0.0045)
  Warning: No gradients for layer encoder.layers.encoder_layer_6.self_attention.out_proj, skipping
  Layer 18 (encoder.layers.encoder_layer_6.mlp.0): input_col=9 -> output_neuron=411 (grad=0.0019)
  Layer 19 (encoder.layers.encoder_layer_6.mlp.3): input_col=27 -> output_neuron=52 (grad=0.0021)
  Warning: No gradients for layer encoder.layers.encoder_layer_7.self_attention.out_proj, skipping
  Layer 21 (encoder.layers.encoder_layer_7.mlp.0): input_col=4 -> output_neuron=1627 (grad=0.0017)
  Layer 22 (encoder.layers.encoder_layer_7.mlp.3): input_col=43 -> output_neuron=592 (grad=0.0024)
  Warning: No gradients for layer encoder.layers.encoder_layer_8.self_attention.out_proj, skipping
  Layer 24 (encoder.layers.encoder_layer_8.mlp.0): input_col=16 -> output_neuron=193 (grad=0.0086)
  Layer 25 (encoder.layers.encoder_layer_8.mlp.3): input_col=1 -> output_neuron=592 (grad=0.0024)
  Warning: No gradients for layer encoder.layers.encoder_layer_9.self_attention.out_proj, skipping
  Layer 27 (encoder.layers.encoder_layer_9.mlp.0): input_col=16 -> output_neuron=347 (grad=0.0122)
  Layer 28 (encoder.layers.encoder_layer_9.mlp.3): input_col=11 -> output_neuron=712 (grad=0.0039)
  Warning: No gradients for layer encoder.layers.encoder_layer_10.self_attention.out_proj, skipping
  Layer 30 (encoder.layers.encoder_layer_10.mlp.0): input_col=40 -> output_neuron=1437 (grad=0.0022)
  Layer 31 (encoder.layers.encoder_layer_10.mlp.3): input_col=45 -> output_neuron=246 (grad=0.0077)
  Warning: No gradients for layer encoder.layers.encoder_layer_11.self_attention.out_proj, skipping
  Layer 33 (encoder.layers.encoder_layer_11.mlp.0): input_col=6 -> output_neuron=1813 (grad=0.0054)
  Layer 34 (encoder.layers.encoder_layer_11.mlp.3): input_col=37 -> output_neuron=246 (grad=0.0049)

Chain 7: Starting from neuron 44
  Layer 0 (encoder.layers.encoder_layer_0.mlp.0): input_col=44 -> output_neuron=2437 (grad=0.0002)
  Layer 1 (encoder.layers.encoder_layer_0.mlp.3): input_col=37 -> output_neuron=142 (grad=0.0004)
  Warning: No gradients for layer encoder.layers.encoder_layer_1.self_attention.out_proj, skipping
  Layer 3 (encoder.layers.encoder_layer_1.mlp.0): input_col=46 -> output_neuron=2234 (grad=0.0001)
  Layer 4 (encoder.layers.encoder_layer_1.mlp.3): input_col=26 -> output_neuron=142 (grad=0.0000)
  Warning: No gradients for layer encoder.layers.encoder_layer_2.self_attention.out_proj, skipping
  Layer 6 (encoder.layers.encoder_layer_2.mlp.0): input_col=46 -> output_neuron=2068 (grad=0.0001)
  Layer 7 (encoder.layers.encoder_layer_2.mlp.3): input_col=4 -> output_neuron=573 (grad=0.0000)
  Warning: No gradients for layer encoder.layers.encoder_layer_3.self_attention.out_proj, skipping
  Layer 9 (encoder.layers.encoder_layer_3.mlp.0): input_col=45 -> output_neuron=1058 (grad=0.0014)
  Layer 10 (encoder.layers.encoder_layer_3.mlp.3): input_col=2 -> output_neuron=273 (grad=0.0008)
  Warning: No gradients for layer encoder.layers.encoder_layer_4.self_attention.out_proj, skipping
  Layer 12 (encoder.layers.encoder_layer_4.mlp.0): input_col=33 -> output_neuron=1461 (grad=0.0035)
  Layer 13 (encoder.layers.encoder_layer_4.mlp.3): input_col=21 -> output_neuron=225 (grad=0.0006)
  Warning: No gradients for layer encoder.layers.encoder_layer_5.self_attention.out_proj, skipping
  Layer 15 (encoder.layers.encoder_layer_5.mlp.0): input_col=33 -> output_neuron=374 (grad=0.0027)
  Layer 16 (encoder.layers.encoder_layer_5.mlp.3): input_col=38 -> output_neuron=9 (grad=0.0045)
  Warning: No gradients for layer encoder.layers.encoder_layer_6.self_attention.out_proj, skipping
  Layer 18 (encoder.layers.encoder_layer_6.mlp.0): input_col=9 -> output_neuron=411 (grad=0.0019)
  Layer 19 (encoder.layers.encoder_layer_6.mlp.3): input_col=27 -> output_neuron=52 (grad=0.0021)
  Warning: No gradients for layer encoder.layers.encoder_layer_7.self_attention.out_proj, skipping
  Layer 21 (encoder.layers.encoder_layer_7.mlp.0): input_col=4 -> output_neuron=1627 (grad=0.0017)
  Layer 22 (encoder.layers.encoder_layer_7.mlp.3): input_col=43 -> output_neuron=592 (grad=0.0024)
  Warning: No gradients for layer encoder.layers.encoder_layer_8.self_attention.out_proj, skipping
  Layer 24 (encoder.layers.encoder_layer_8.mlp.0): input_col=16 -> output_neuron=193 (grad=0.0086)
  Layer 25 (encoder.layers.encoder_layer_8.mlp.3): input_col=1 -> output_neuron=592 (grad=0.0024)
  Warning: No gradients for layer encoder.layers.encoder_layer_9.self_attention.out_proj, skipping
  Layer 27 (encoder.layers.encoder_layer_9.mlp.0): input_col=16 -> output_neuron=347 (grad=0.0122)
  Layer 28 (encoder.layers.encoder_layer_9.mlp.3): input_col=11 -> output_neuron=712 (grad=0.0039)
  Warning: No gradients for layer encoder.layers.encoder_layer_10.self_attention.out_proj, skipping
  Layer 30 (encoder.layers.encoder_layer_10.mlp.0): input_col=40 -> output_neuron=1437 (grad=0.0022)
  Layer 31 (encoder.layers.encoder_layer_10.mlp.3): input_col=45 -> output_neuron=246 (grad=0.0077)
  Warning: No gradients for layer encoder.layers.encoder_layer_11.self_attention.out_proj, skipping
  Layer 33 (encoder.layers.encoder_layer_11.mlp.0): input_col=6 -> output_neuron=1813 (grad=0.0054)
  Layer 34 (encoder.layers.encoder_layer_11.mlp.3): input_col=37 -> output_neuron=246 (grad=0.0049)

============================================================
✓ Successfully built 8 gradient chains
============================================================

Epoch 2/100 | LR: 0.000200 | Time: 210.22s
Train Loss: 2.3646 | Train Acc: 52.35%
Val Loss: 1.2381 | Val Acc: 74.72%

Gradient Chain Statistics:
[PacaGradientChainManager - Gradient Chain Logs]
  Chains Built: True
  Number of Chains: 8
  Current Epoch: 1
  Selected Arms: [5, 2]
  Arm Means: [0.0, 0.0, 0.0, 0.0, 0.0, 0.0, 0.0, 0.0]
  Arm Stds: [10.0, 10.0, 10.0, 10.0, 10.0, 10.0, 10.0, 10.0]
  Arm Observation Counts: [0, 0, 0, 0, 0, 0, 0, 0]
  Last Sampled Values: [-14.630455017089844, 1.7397617101669312, 7.603228569030762, -0.8614480495452881, -1.425957202911377, 7.705471992492676, -4.482091903686523, 1.063790202140808]
------------------------------------------------------------

Reward: 6.37% (normalized: 0.64)

Epoch 3/100 | LR: 0.000300 | Time: 209.03s
Train Loss: 0.9197 | Train Acc: 80.42%
Val Loss: 0.7985 | Val Acc: 81.09%

Gradient Chain Statistics:
[PacaGradientChainManager - Gradient Chain Logs]
  Chains Built: True
  Number of Chains: 8
  Current Epoch: 2
  Selected Arms: [2, 7]
  Arm Means: [0.0, 0.0, 0.5095999836921692, 0.0, 0.0, 0.5095999836921692, 0.0, 0.0]
  Arm Stds: [10.0, 10.0, 4.4721360206604, 10.0, 10.0, 4.4721360206604, 10.0, 10.0]
  Arm Observation Counts: [0, 0, 1, 0, 0, 1, 0, 0]
  Last Sampled Values: [1.378875970840454, -4.199300289154053, 4.758044719696045, -2.1058032512664795, 1.1729811429977417, -6.96587610244751, 1.8359131813049316, 3.940469264984131]
------------------------------------------------------------

Reward: 2.59% (normalized: 0.26)

Epoch 4/100 | LR: 0.000400 | Time: 209.49s
Train Loss: 0.5802 | Train Acc: 86.65%
Val Loss: 0.6344 | Val Acc: 83.68%

Gradient Chain Statistics:
[PacaGradientChainManager - Gradient Chain Logs]
  Chains Built: True
  Number of Chains: 8
  Current Epoch: 3
  Selected Arms: [1, 2]
  Arm Means: [0.0, 0.0, 0.3982222080230713, 0.0, 0.0, 0.5095999836921692, 0.0, 0.20720000565052032]
  Arm Stds: [10.0, 10.0, 3.3333334922790527, 10.0, 10.0, 4.4721360206604, 10.0, 4.4721360206604]
  Arm Observation Counts: [0, 0, 2, 0, 0, 1, 0, 1]
  Last Sampled Values: [-16.10788345336914, 13.405511856079102, 7.385446548461914, -5.9498491287231445, -0.5507979393005371, 4.1874775886535645, -12.1879301071167, 3.2062230110168457]
------------------------------------------------------------

Reward: 1.15% (normalized: 0.11)

Epoch 5/100 | LR: 0.000500 | Time: 209.46s
Train Loss: 0.4156 | Train Acc: 90.07%
Val Loss: 0.5702 | Val Acc: 84.83%

Gradient Chain Statistics:
[PacaGradientChainManager - Gradient Chain Logs]
  Chains Built: True
  Number of Chains: 8
  Current Epoch: 4
  Selected Arms: [5, 6]
  Arm Means: [0.0, 0.09200000017881393, 0.31107690930366516, 0.0, 0.0, 0.5095999836921692, 0.0, 0.20720000565052032]
  Arm Stds: [10.0, 4.4721360206604, 2.77350115776062, 10.0, 10.0, 4.4721360206604, 10.0, 4.4721360206604]
  Arm Observation Counts: [0, 1, 3, 0, 0, 1, 0, 1]
  Last Sampled Values: [-1.7558122873306274, -0.6329289078712463, 1.2076289653778076, -0.7877557873725891, 5.593528747558594, 8.255744934082031, 5.717222690582275, -13.586318016052246]
------------------------------------------------------------

Reward: 0.20% (normalized: 0.02)

Epoch 6/100 | LR: 0.000600 | Time: 209.67s
Train Loss: 0.3095 | Train Acc: 92.45%
Val Loss: 0.5620 | Val Acc: 85.03%

Gradient Chain Statistics:
[PacaGradientChainManager - Gradient Chain Logs]
  Chains Built: True
  Number of Chains: 8
  Current Epoch: 5
  Selected Arms: [3, 0]
  Arm Means: [0.0, 0.09200000017881393, 0.31107690930366516, 0.0, 0.0, 0.2919999957084656, 0.01600000075995922, 0.20720000565052032]
  Arm Stds: [10.0, 4.4721360206604, 2.77350115776062, 10.0, 10.0, 3.3333334922790527, 4.4721360206604, 4.4721360206604]
  Arm Observation Counts: [0, 1, 3, 0, 0, 2, 1, 1]
  Last Sampled Values: [4.239311695098877, -2.056450128555298, -5.829673767089844, 5.813503265380859, -7.096837997436523, 2.720736503601074, -1.7524887323379517, -8.810233116149902]
------------------------------------------------------------

Reward: -1.17% (normalized: -0.12)

Epoch 7/100 | LR: 0.000700 | Time: 209.83s
Train Loss: 0.2839 | Train Acc: 92.69%
Val Loss: 0.6009 | Val Acc: 83.86%

Gradient Chain Statistics:
[PacaGradientChainManager - Gradient Chain Logs]
  Chains Built: True
  Number of Chains: 8
  Current Epoch: 6
  Selected Arms: [7, 0]
  Arm Means: [-0.09359999746084213, 0.09200000017881393, 0.31107690930366516, -0.09359999746084213, 0.0, 0.2919999957084656, 0.01600000075995922, 0.20720000565052032]
  Arm Stds: [4.4721360206604, 4.4721360206604, 2.77350115776062, 4.4721360206604, 10.0, 3.3333334922790527, 4.4721360206604, 4.4721360206604]
  Arm Observation Counts: [1, 1, 3, 1, 0, 2, 1, 1]
  Last Sampled Values: [5.154212951660156, -6.194723606109619, 3.242250680923462, 1.1845066547393799, 4.584217071533203, -0.5787433385848999, -3.2327497005462646, 6.304666996002197]
------------------------------------------------------------
No improvement for 1 epoch(s)

Reward: 0.81% (normalized: 0.08)

Epoch 8/100 | LR: 0.000800 | Time: 210.22s
Train Loss: 0.2467 | Train Acc: 93.64%
Val Loss: 0.5902 | Val Acc: 84.67%

Gradient Chain Statistics:
[PacaGradientChainManager - Gradient Chain Logs]
  Chains Built: True
  Number of Chains: 8
  Current Epoch: 7
  Selected Arms: [3, 1]
  Arm Means: [-0.015999997034668922, 0.09200000017881393, 0.31107690930366516, -0.09359999746084213, 0.0, 0.2919999957084656, 0.01600000075995922, 0.15111111104488373]
  Arm Stds: [3.3333334922790527, 4.4721360206604, 2.77350115776062, 4.4721360206604, 10.0, 3.3333334922790527, 4.4721360206604, 3.3333334922790527]
  Arm Observation Counts: [2, 1, 3, 1, 0, 2, 1, 2]
  Last Sampled Values: [3.2227046489715576, 4.209836483001709, -2.503244161605835, 5.26306676864624, -5.8735032081604, -6.914583683013916, 3.906033515930176, -3.0320444107055664]
------------------------------------------------------------
No improvement for 2 epoch(s)

Reward: 0.03% (normalized: 0.00)

Epoch 9/100 | LR: 0.000900 | Time: 210.30s
Train Loss: 0.2365 | Train Acc: 93.77%
Val Loss: 0.5855 | Val Acc: 84.70%

Gradient Chain Statistics:
[PacaGradientChainManager - Gradient Chain Logs]
  Chains Built: True
  Number of Chains: 8
  Current Epoch: 8
  Selected Arms: [2, 5]
  Arm Means: [-0.015999997034668922, 0.052444443106651306, 0.31107690930366516, -0.05066666379570961, 0.0, 0.2919999957084656, 0.01600000075995922, 0.15111111104488373]
  Arm Stds: [3.3333334922790527, 3.3333334922790527, 2.77350115776062, 3.3333334922790527, 10.0, 3.3333334922790527, 4.4721360206604, 3.3333334922790527]
  Arm Observation Counts: [2, 2, 3, 2, 0, 2, 1, 2]
  Last Sampled Values: [-0.18399086594581604, -6.475883483886719, 2.41667103767395, 1.3534644842147827, -0.7013124823570251, 1.761643886566162, -2.3405494689941406, -0.16682113707065582]
------------------------------------------------------------
No improvement for 3 epoch(s)

Reward: -0.65% (normalized: -0.07)

Epoch 10/100 | LR: 0.001000 | Time: 210.36s
Train Loss: 0.2504 | Train Acc: 93.27%
Val Loss: 0.6328 | Val Acc: 84.05%

Gradient Chain Statistics:
[PacaGradientChainManager - Gradient Chain Logs]
  Chains Built: True
  Number of Chains: 8
  Current Epoch: 9
  Selected Arms: [0, 2]
  Arm Means: [-0.015999997034668922, 0.052444443106651306, 0.2225882112979889, -0.05066666379570961, 0.0, 0.1821538358926773, 0.01600000075995922, 0.15111111104488373]
  Arm Stds: [3.3333334922790527, 3.3333334922790527, 2.425356388092041, 3.3333334922790527, 10.0, 2.77350115776062, 4.4721360206604, 3.3333334922790527]
  Arm Observation Counts: [2, 2, 4, 2, 0, 3, 1, 2]
  Last Sampled Values: [6.375898838043213, 2.446505546569824, 3.8577165603637695, -3.2952868938446045, -4.76456356048584, 2.5460448265075684, 1.8672586679458618, 3.310373544692993]
------------------------------------------------------------
No improvement for 4 epoch(s)

Reward: -0.93% (normalized: -0.09)

Epoch 11/100 | LR: 0.001000 | Time: 212.76s
Train Loss: 0.2685 | Train Acc: 92.74%
Val Loss: 0.6643 | Val Acc: 83.12%

Gradient Chain Statistics:
[PacaGradientChainManager - Gradient Chain Logs]
  Chains Built: True
  Number of Chains: 8
  Current Epoch: 10
  Selected Arms: [6, 5]
  Arm Means: [-0.03969230875372887, 0.052444443106651306, 0.16247616708278656, -0.05066666379570961, 0.0, 0.1821538358926773, 0.01600000075995922, 0.15111111104488373]
  Arm Stds: [2.77350115776062, 3.3333334922790527, 2.1821789741516113, 3.3333334922790527, 10.0, 2.77350115776062, 4.4721360206604, 3.3333334922790527]
  Arm Observation Counts: [3, 2, 5, 2, 0, 3, 1, 2]
  Last Sampled Values: [-5.193066120147705, -2.332076072692871, -1.0678564310073853, -0.9008232951164246, 2.5085151195526123, 3.188467264175415, 3.4748523235321045, -2.1222503185272217]
------------------------------------------------------------
No improvement for 5 epoch(s)

Reward: -0.53% (normalized: -0.05)

Epoch 12/100 | LR: 0.000999 | Time: 214.58s
Train Loss: 0.2542 | Train Acc: 93.20%
Val Loss: 0.6763 | Val Acc: 82.59%

Gradient Chain Statistics:
[PacaGradientChainManager - Gradient Chain Logs]
  Chains Built: True
  Number of Chains: 8
  Current Epoch: 11
  Selected Arms: [1, 0]
  Arm Means: [-0.03969230875372887, 0.052444443106651306, 0.16247616708278656, -0.05066666379570961, 0.0, 0.1268235146999359, -0.014666667208075523, 0.15111111104488373]
  Arm Stds: [2.77350115776062, 3.3333334922790527, 2.1821789741516113, 3.3333334922790527, 10.0, 2.425356388092041, 3.3333334922790527, 3.3333334922790527]
  Arm Observation Counts: [3, 2, 5, 2, 0, 4, 2, 2]
  Last Sampled Values: [1.17770516872406, 8.41423225402832, -0.708487331867218, -0.6503946781158447, 0.9017357230186462, 0.5819380879402161, 0.9213764071464539, 1.1761122941970825]
------------------------------------------------------------
No improvement for 6 epoch(s)

Reward: 0.23% (normalized: 0.02)

Epoch 13/100 | LR: 0.000997 | Time: 211.58s
Train Loss: 0.2094 | Train Acc: 94.32%
Val Loss: 0.6932 | Val Acc: 82.82%

Gradient Chain Statistics:
[PacaGradientChainManager - Gradient Chain Logs]
  Chains Built: True
  Number of Chains: 8
  Current Epoch: 12
  Selected Arms: [7, 1]
  Arm Means: [-0.024941176176071167, 0.0433846153318882, 0.16247616708278656, -0.05066666379570961, 0.0, 0.1268235146999359, -0.014666667208075523, 0.15111111104488373]
  Arm Stds: [2.425356388092041, 2.77350115776062, 2.1821789741516113, 3.3333334922790527, 10.0, 2.425356388092041, 3.3333334922790527, 3.3333334922790527]
  Arm Observation Counts: [4, 3, 5, 2, 0, 4, 2, 2]
  Last Sampled Values: [-0.266672819852829, 2.8345048427581787, 1.3431904315948486, -0.13393883407115936, -9.757390975952148, -0.5299582481384277, -2.8415699005126953, 3.8733863830566406]
------------------------------------------------------------
No improvement for 7 epoch(s)

Reward: -0.45% (normalized: -0.04)

Epoch 14/100 | LR: 0.000995 | Time: 211.02s
Train Loss: 0.1995 | Train Acc: 94.64%
Val Loss: 0.6985 | Val Acc: 82.37%

Gradient Chain Statistics:
[PacaGradientChainManager - Gradient Chain Logs]
  Chains Built: True
  Number of Chains: 8
  Current Epoch: 13
  Selected Arms: [1, 0]
  Arm Means: [-0.024941176176071167, 0.022588232532143593, 0.16247616708278656, -0.05066666379570961, 0.0, 0.1268235146999359, -0.014666667208075523, 0.0907692238688469]
  Arm Stds: [2.425356388092041, 2.425356388092041, 2.1821789741516113, 3.3333334922790527, 10.0, 2.425356388092041, 3.3333334922790527, 2.77350115776062]
  Arm Observation Counts: [4, 4, 5, 2, 0, 4, 2, 3]
  Last Sampled Values: [1.9269890785217285, 2.8686983585357666, -4.706701755523682, -0.20520642399787903, -22.943775177001953, -0.8714677095413208, 0.9814958572387695, -1.6958881616592407]
------------------------------------------------------------
No improvement for 8 epoch(s)

Reward: 0.15% (normalized: 0.01)

Epoch 15/100 | LR: 0.000992 | Time: 211.18s
Train Loss: 0.1985 | Train Acc: 94.65%
Val Loss: 0.7153 | Val Acc: 82.52%

Gradient Chain Statistics:
[PacaGradientChainManager - Gradient Chain Logs]
  Chains Built: True
  Number of Chains: 8
  Current Epoch: 14
  Selected Arms: [4, 7]
  Arm Means: [-0.01733333244919777, 0.021142855286598206, 0.16247616708278656, -0.05066666379570961, 0.0, 0.1268235146999359, -0.014666667208075523, 0.0907692238688469]
  Arm Stds: [2.1821789741516113, 2.1821789741516113, 2.1821789741516113, 3.3333334922790527, 10.0, 2.425356388092041, 3.3333334922790527, 2.77350115776062]
  Arm Observation Counts: [5, 5, 5, 2, 0, 4, 2, 3]
  Last Sampled Values: [-0.46162715554237366, -0.7244696617126465, 0.45917636156082153, -2.0217604637145996, 13.890122413635254, -2.43569016456604, -0.6829419136047363, 1.2406963109970093]
------------------------------------------------------------
No improvement for 9 epoch(s)

Reward: -0.23% (normalized: -0.02)

Epoch 16/100 | LR: 0.000989 | Time: 213.15s
Train Loss: 0.1934 | Train Acc: 94.76%
Val Loss: 0.7136 | Val Acc: 82.29%

Gradient Chain Statistics:
[PacaGradientChainManager - Gradient Chain Logs]
  Chains Built: True
  Number of Chains: 8
  Current Epoch: 15
  Selected Arms: [3, 4]
  Arm Means: [-0.01733333244919777, 0.021142855286598206, 0.16247616708278656, -0.05066666379570961, -0.018400000408291817, 0.1268235146999359, -0.014666667208075523, 0.06399999558925629]
  Arm Stds: [2.1821789741516113, 2.1821789741516113, 2.1821789741516113, 3.3333334922790527, 4.4721360206604, 2.425356388092041, 3.3333334922790527, 2.425356388092041]
  Arm Observation Counts: [5, 5, 5, 2, 1, 4, 2, 4]
  Last Sampled Values: [0.2154015153646469, -0.6929155588150024, 0.3504573106765747, 7.4437408447265625, 3.4913864135742188, -0.6139123439788818, 0.1260816752910614, 3.1197667121887207]
------------------------------------------------------------
No improvement for 10 epoch(s)
Early stopping triggered after 16 epochs.
Total training time: 3370.24 seconds
Average time per epoch: 210.64 seconds

============================================================
Training completed!
============================================================
Using device: cuda
============================================================
Vision Transformer Fine-tuning on CIFAR-100
Using Gradient Chain Selection
============================================================
Using random seed: 3324

Loading dataset...
Files already downloaded and verified
Files already downloaded and verified
Dataset loaded: 50000 train samples, 10000 val samples
Number of classes: 100

Creating ViT model for 100 classes...

PEFT config: PacaConfig(peft_type=<PeftType.PACA: 'PACA'>, auto_mapping=None, base_model_name_or_path=None, revision=None, task_type=<TaskType.FEATURE_EXTRACTION: 'FEATURE_EXTRACTION'>, inference_mode=False, r=48, target_modules={'mlp.3', 'mlp.0', 'out_proj'}, paca_alpha=96, fan_in_fan_out=False, bias='all', modules_to_save=['head'], layers_to_transform=None, layers_pattern=None, rank_pattern={}, alpha_pattern={}, megatron_config=None, megatron_core='megatron.core', layer_replication=None, gradient_accumulation_steps=1, steps_per_epoch=782, arm_distribution='gradient_chain', num_arms=2, num_arms_to_select=1, ucb_alpha=0.5, use_fixed_indices=False, arm_selection_method='thompson', thompson_distribution='gaussian', thompson_alpha_prior=1.0, thompson_beta_prior=1.0, thompson_gaussian_prior_mean=0.0, thompson_gaussian_prior_std=10.0, thompson_gaussian_noise_std=5.0, gradient_chain_warmup_epochs=2, gradient_chain_num_samples=5)
Total parameters: 149,653,448
Trainable parameters: 2,757,320 (1.84%)
Frozen parameters: 146,896,128 (98.16%)

============================================================
Fine-tuning ViT using Gradient Chain Selection:
============================================================
Calculating initial validation accuracy...
Initial Val Acc: 1.20%

Reward: 0.00% (normalized: 0.00)
Gradient chain warmup: 1/2

Epoch 1/100 | LR: 0.000100 | Time: 210.16s
Train Loss: 4.7197 | Train Acc: 1.20%
Val Loss: 4.7216 | Val Acc: 1.20%

Gradient Chain Statistics:
[PacaGradientChainManager - Gradient Chain Logs]
  Chains Built: False
  Number of Chains: 0
  Current Epoch: 0
  Arm Means: [0.0, 0.0]
  Arm Stds: [10.0, 10.0]
  Arm Observation Counts: [0, 0]
------------------------------------------------------------

Reward: 72.76% (normalized: 7.28)

============================================================
Building Gradient Chains...
============================================================
Sampling 5 batches to estimate gradients...
  Batch 1/5 processed
  Batch 2/5 processed
  Batch 3/5 processed
  Batch 4/5 processed
  Batch 5/5 processed

Averaging gradients across batches...

Building 2 gradient chains...

Chain 0: Starting from neuron 34
  Layer 0 (encoder.layers.encoder_layer_0.mlp.0): input_col=34 -> output_neuron=2437 (grad=0.0002)
  Layer 1 (encoder.layers.encoder_layer_0.mlp.3): input_col=37 -> output_neuron=259 (grad=0.0015)
  Warning: No gradients for layer encoder.layers.encoder_layer_1.self_attention.out_proj, skipping
  Layer 3 (encoder.layers.encoder_layer_1.mlp.0): input_col=19 -> output_neuron=2494 (grad=0.0004)
  Layer 4 (encoder.layers.encoder_layer_1.mlp.3): input_col=46 -> output_neuron=69 (grad=0.0000)
  Warning: No gradients for layer encoder.layers.encoder_layer_2.self_attention.out_proj, skipping
  Layer 6 (encoder.layers.encoder_layer_2.mlp.0): input_col=21 -> output_neuron=1419 (grad=0.0013)
  Layer 7 (encoder.layers.encoder_layer_2.mlp.3): input_col=27 -> output_neuron=164 (grad=0.0000)
  Warning: No gradients for layer encoder.layers.encoder_layer_3.self_attention.out_proj, skipping
  Layer 9 (encoder.layers.encoder_layer_3.mlp.0): input_col=20 -> output_neuron=2113 (grad=0.0036)
  Layer 10 (encoder.layers.encoder_layer_3.mlp.3): input_col=1 -> output_neuron=143 (grad=0.0016)
  Warning: No gradients for layer encoder.layers.encoder_layer_4.self_attention.out_proj, skipping
  Layer 12 (encoder.layers.encoder_layer_4.mlp.0): input_col=47 -> output_neuron=102 (grad=0.0006)
  Layer 13 (encoder.layers.encoder_layer_4.mlp.3): input_col=6 -> output_neuron=29 (grad=0.0011)
  Warning: No gradients for layer encoder.layers.encoder_layer_5.self_attention.out_proj, skipping
  Layer 15 (encoder.layers.encoder_layer_5.mlp.0): input_col=29 -> output_neuron=2542 (grad=0.0017)
  Layer 16 (encoder.layers.encoder_layer_5.mlp.3): input_col=46 -> output_neuron=143 (grad=0.0014)
  Warning: No gradients for layer encoder.layers.encoder_layer_6.self_attention.out_proj, skipping
  Layer 18 (encoder.layers.encoder_layer_6.mlp.0): input_col=47 -> output_neuron=411 (grad=0.0011)
  Layer 19 (encoder.layers.encoder_layer_6.mlp.3): input_col=27 -> output_neuron=502 (grad=0.0012)
  Warning: No gradients for layer encoder.layers.encoder_layer_7.self_attention.out_proj, skipping
  Layer 21 (encoder.layers.encoder_layer_7.mlp.0): input_col=22 -> output_neuron=2988 (grad=0.0038)
  Layer 22 (encoder.layers.encoder_layer_7.mlp.3): input_col=12 -> output_neuron=513 (grad=0.0018)
  Warning: No gradients for layer encoder.layers.encoder_layer_8.self_attention.out_proj, skipping
  Layer 24 (encoder.layers.encoder_layer_8.mlp.0): input_col=33 -> output_neuron=2170 (grad=0.0020)
  Layer 25 (encoder.layers.encoder_layer_8.mlp.3): input_col=10 -> output_neuron=334 (grad=0.0019)
  Warning: No gradients for layer encoder.layers.encoder_layer_9.self_attention.out_proj, skipping
  Layer 27 (encoder.layers.encoder_layer_9.mlp.0): input_col=46 -> output_neuron=1728 (grad=0.0151)
  Layer 28 (encoder.layers.encoder_layer_9.mlp.3): input_col=0 -> output_neuron=696 (grad=0.0035)
  Warning: No gradients for layer encoder.layers.encoder_layer_10.self_attention.out_proj, skipping
  Layer 30 (encoder.layers.encoder_layer_10.mlp.0): input_col=24 -> output_neuron=237 (grad=0.0067)
  Layer 31 (encoder.layers.encoder_layer_10.mlp.3): input_col=45 -> output_neuron=341 (grad=0.0036)
  Warning: No gradients for layer encoder.layers.encoder_layer_11.self_attention.out_proj, skipping
  Layer 33 (encoder.layers.encoder_layer_11.mlp.0): input_col=5 -> output_neuron=1420 (grad=0.0560)
  Layer 34 (encoder.layers.encoder_layer_11.mlp.3): input_col=28 -> output_neuron=401 (grad=0.0047)

Chain 1: Starting from neuron 38
  Layer 0 (encoder.layers.encoder_layer_0.mlp.0): input_col=38 -> output_neuron=2437 (grad=0.0000)
  Layer 1 (encoder.layers.encoder_layer_0.mlp.3): input_col=37 -> output_neuron=259 (grad=0.0015)
  Warning: No gradients for layer encoder.layers.encoder_layer_1.self_attention.out_proj, skipping
  Layer 3 (encoder.layers.encoder_layer_1.mlp.0): input_col=19 -> output_neuron=2494 (grad=0.0004)
  Layer 4 (encoder.layers.encoder_layer_1.mlp.3): input_col=46 -> output_neuron=69 (grad=0.0000)
  Warning: No gradients for layer encoder.layers.encoder_layer_2.self_attention.out_proj, skipping
  Layer 6 (encoder.layers.encoder_layer_2.mlp.0): input_col=21 -> output_neuron=1419 (grad=0.0013)
  Layer 7 (encoder.layers.encoder_layer_2.mlp.3): input_col=27 -> output_neuron=164 (grad=0.0000)
  Warning: No gradients for layer encoder.layers.encoder_layer_3.self_attention.out_proj, skipping
  Layer 9 (encoder.layers.encoder_layer_3.mlp.0): input_col=20 -> output_neuron=2113 (grad=0.0036)
  Layer 10 (encoder.layers.encoder_layer_3.mlp.3): input_col=1 -> output_neuron=143 (grad=0.0016)
  Warning: No gradients for layer encoder.layers.encoder_layer_4.self_attention.out_proj, skipping
  Layer 12 (encoder.layers.encoder_layer_4.mlp.0): input_col=47 -> output_neuron=102 (grad=0.0006)
  Layer 13 (encoder.layers.encoder_layer_4.mlp.3): input_col=6 -> output_neuron=29 (grad=0.0011)
  Warning: No gradients for layer encoder.layers.encoder_layer_5.self_attention.out_proj, skipping
  Layer 15 (encoder.layers.encoder_layer_5.mlp.0): input_col=29 -> output_neuron=2542 (grad=0.0017)
  Layer 16 (encoder.layers.encoder_layer_5.mlp.3): input_col=46 -> output_neuron=143 (grad=0.0014)
  Warning: No gradients for layer encoder.layers.encoder_layer_6.self_attention.out_proj, skipping
  Layer 18 (encoder.layers.encoder_layer_6.mlp.0): input_col=47 -> output_neuron=411 (grad=0.0011)
  Layer 19 (encoder.layers.encoder_layer_6.mlp.3): input_col=27 -> output_neuron=502 (grad=0.0012)
  Warning: No gradients for layer encoder.layers.encoder_layer_7.self_attention.out_proj, skipping
  Layer 21 (encoder.layers.encoder_layer_7.mlp.0): input_col=22 -> output_neuron=2988 (grad=0.0038)
  Layer 22 (encoder.layers.encoder_layer_7.mlp.3): input_col=12 -> output_neuron=513 (grad=0.0018)
  Warning: No gradients for layer encoder.layers.encoder_layer_8.self_attention.out_proj, skipping
  Layer 24 (encoder.layers.encoder_layer_8.mlp.0): input_col=33 -> output_neuron=2170 (grad=0.0020)
  Layer 25 (encoder.layers.encoder_layer_8.mlp.3): input_col=10 -> output_neuron=334 (grad=0.0019)
  Warning: No gradients for layer encoder.layers.encoder_layer_9.self_attention.out_proj, skipping
  Layer 27 (encoder.layers.encoder_layer_9.mlp.0): input_col=46 -> output_neuron=1728 (grad=0.0151)
  Layer 28 (encoder.layers.encoder_layer_9.mlp.3): input_col=0 -> output_neuron=696 (grad=0.0035)
  Warning: No gradients for layer encoder.layers.encoder_layer_10.self_attention.out_proj, skipping
  Layer 30 (encoder.layers.encoder_layer_10.mlp.0): input_col=24 -> output_neuron=237 (grad=0.0067)
  Layer 31 (encoder.layers.encoder_layer_10.mlp.3): input_col=45 -> output_neuron=341 (grad=0.0036)
  Warning: No gradients for layer encoder.layers.encoder_layer_11.self_attention.out_proj, skipping
  Layer 33 (encoder.layers.encoder_layer_11.mlp.0): input_col=5 -> output_neuron=1420 (grad=0.0560)
  Layer 34 (encoder.layers.encoder_layer_11.mlp.3): input_col=28 -> output_neuron=401 (grad=0.0047)

============================================================
✓ Successfully built 2 gradient chains
============================================================

Epoch 2/100 | LR: 0.000200 | Time: 212.72s
Train Loss: 2.4695 | Train Acc: 51.02%
Val Loss: 1.3497 | Val Acc: 73.96%

Gradient Chain Statistics:
[PacaGradientChainManager - Gradient Chain Logs]
  Chains Built: True
  Number of Chains: 2
  Current Epoch: 1
  Selected Arms: [0]
  Arm Means: [0.0, 0.0]
  Arm Stds: [10.0, 10.0]
  Arm Observation Counts: [0, 0]
  Last Sampled Values: [-1.1019195318222046, -6.462960720062256]
------------------------------------------------------------

Reward: 7.35% (normalized: 0.74)

Epoch 3/100 | LR: 0.000300 | Time: 211.18s
Train Loss: 0.9721 | Train Acc: 79.86%
Val Loss: 0.8110 | Val Acc: 81.31%

Gradient Chain Statistics:
[PacaGradientChainManager - Gradient Chain Logs]
  Chains Built: True
  Number of Chains: 2
  Current Epoch: 2
  Selected Arms: [0]
  Arm Means: [0.5879999995231628, 0.0]
  Arm Stds: [4.4721360206604, 10.0]
  Arm Observation Counts: [1, 0]
  Last Sampled Values: [-3.996511220932007, -9.15792465209961]
------------------------------------------------------------

Reward: 2.25% (normalized: 0.23)

Epoch 4/100 | LR: 0.000400 | Time: 211.20s
Train Loss: 0.6127 | Train Acc: 86.05%
Val Loss: 0.6564 | Val Acc: 83.56%

Gradient Chain Statistics:
[PacaGradientChainManager - Gradient Chain Logs]
  Chains Built: True
  Number of Chains: 2
  Current Epoch: 3
  Selected Arms: [0]
  Arm Means: [0.4266666769981384, 0.0]
  Arm Stds: [3.3333334922790527, 10.0]
  Arm Observation Counts: [2, 0]
  Last Sampled Values: [2.0752429962158203, -5.385628700256348]
------------------------------------------------------------

Reward: 0.79% (normalized: 0.08)

Epoch 5/100 | LR: 0.000500 | Time: 211.08s
Train Loss: 0.4235 | Train Acc: 89.95%
Val Loss: 0.5849 | Val Acc: 84.35%

Gradient Chain Statistics:
[PacaGradientChainManager - Gradient Chain Logs]
  Chains Built: True
  Number of Chains: 2
  Current Epoch: 4
  Selected Arms: [1]
  Arm Means: [0.31969231367111206, 0.0]
  Arm Stds: [2.77350115776062, 10.0]
  Arm Observation Counts: [3, 0]
  Last Sampled Values: [2.6007142066955566, 25.94103240966797]
------------------------------------------------------------

Reward: 0.64% (normalized: 0.06)

Epoch 6/100 | LR: 0.000600 | Time: 211.25s
Train Loss: 0.3356 | Train Acc: 91.78%
Val Loss: 0.5694 | Val Acc: 84.99%

Gradient Chain Statistics:
[PacaGradientChainManager - Gradient Chain Logs]
  Chains Built: True
  Number of Chains: 2
  Current Epoch: 5
  Selected Arms: [0]
  Arm Means: [0.31969231367111206, 0.05119999870657921]
  Arm Stds: [2.77350115776062, 4.4721360206604]
  Arm Observation Counts: [3, 1]
  Last Sampled Values: [2.841928720474243, -1.5427937507629395]
------------------------------------------------------------

Reward: -0.88% (normalized: -0.09)

Epoch 7/100 | LR: 0.000700 | Time: 211.11s
Train Loss: 0.2901 | Train Acc: 92.84%
Val Loss: 0.6120 | Val Acc: 84.11%

Gradient Chain Statistics:
[PacaGradientChainManager - Gradient Chain Logs]
  Chains Built: True
  Number of Chains: 2
  Current Epoch: 6
  Selected Arms: [0]
  Arm Means: [0.22376470267772675, 0.05119999870657921]
  Arm Stds: [2.425356388092041, 4.4721360206604]
  Arm Observation Counts: [4, 1]
  Last Sampled Values: [4.18695068359375, 1.1460027694702148]
------------------------------------------------------------
No improvement for 1 epoch(s)

Reward: 0.08% (normalized: 0.01)

Epoch 8/100 | LR: 0.000800 | Time: 211.27s
Train Loss: 0.2556 | Train Acc: 93.43%
Val Loss: 0.6193 | Val Acc: 84.19%

Gradient Chain Statistics:
[PacaGradientChainManager - Gradient Chain Logs]
  Chains Built: True
  Number of Chains: 2
  Current Epoch: 7
  Selected Arms: [1]
  Arm Means: [0.18266665935516357, 0.05119999870657921]
  Arm Stds: [2.1821789741516113, 4.4721360206604]
  Arm Observation Counts: [5, 1]
  Last Sampled Values: [-1.1890538930892944, 3.1231353282928467]
------------------------------------------------------------
No improvement for 2 epoch(s)

Reward: -0.14% (normalized: -0.01)

Epoch 9/100 | LR: 0.000900 | Time: 211.48s
Train Loss: 0.2587 | Train Acc: 93.14%
Val Loss: 0.6158 | Val Acc: 84.05%

Gradient Chain Statistics:
[PacaGradientChainManager - Gradient Chain Logs]
  Chains Built: True
  Number of Chains: 2
  Current Epoch: 8
  Selected Arms: [0]
  Arm Means: [0.18266665935516357, 0.02222222089767456]
  Arm Stds: [2.1821789741516113, 3.3333334922790527]
  Arm Observation Counts: [5, 2]
  Last Sampled Values: [1.0164108276367188, 0.820604681968689]
------------------------------------------------------------
No improvement for 3 epoch(s)

Reward: -0.32% (normalized: -0.03)

Epoch 10/100 | LR: 0.001000 | Time: 211.46s
Train Loss: 0.2634 | Train Acc: 93.12%
Val Loss: 0.6288 | Val Acc: 83.73%

Gradient Chain Statistics:
[PacaGradientChainManager - Gradient Chain Logs]
  Chains Built: True
  Number of Chains: 2
  Current Epoch: 9
  Selected Arms: [1]
  Arm Means: [0.14831998944282532, 0.02222222089767456]
  Arm Stds: [2.0, 3.3333334922790527]
  Arm Observation Counts: [6, 2]
  Last Sampled Values: [2.4806621074676514, 5.123505592346191]
------------------------------------------------------------
No improvement for 4 epoch(s)

Reward: -0.73% (normalized: -0.07)

Epoch 11/100 | LR: 0.001000 | Time: 212.62s
Train Loss: 0.2492 | Train Acc: 93.38%
Val Loss: 0.6569 | Val Acc: 83.00%

Gradient Chain Statistics:
[PacaGradientChainManager - Gradient Chain Logs]
  Chains Built: True
  Number of Chains: 2
  Current Epoch: 10
  Selected Arms: [0]
  Arm Means: [0.14831998944282532, -0.007076926063746214]
  Arm Stds: [2.0, 2.77350115776062]
  Arm Observation Counts: [6, 3]
  Last Sampled Values: [1.1081236600875854, 0.3549606204032898]
------------------------------------------------------------
No improvement for 5 epoch(s)

Reward: 0.07% (normalized: 0.01)

Epoch 12/100 | LR: 0.000999 | Time: 212.60s
Train Loss: 0.2301 | Train Acc: 93.81%
Val Loss: 0.6703 | Val Acc: 83.07%

Gradient Chain Statistics:
[PacaGradientChainManager - Gradient Chain Logs]
  Chains Built: True
  Number of Chains: 2
  Current Epoch: 11
  Selected Arms: [1]
  Arm Means: [0.12882757186889648, -0.007076926063746214]
  Arm Stds: [1.8569533824920654, 2.77350115776062]
  Arm Observation Counts: [7, 3]
  Last Sampled Values: [-2.577582836151123, -2.071202039718628]
------------------------------------------------------------
No improvement for 6 epoch(s)

Reward: 0.11% (normalized: 0.01)

Epoch 13/100 | LR: 0.000997 | Time: 212.84s
Train Loss: 0.2523 | Train Acc: 93.21%
Val Loss: 0.6732 | Val Acc: 83.18%

Gradient Chain Statistics:
[PacaGradientChainManager - Gradient Chain Logs]
  Chains Built: True
  Number of Chains: 2
  Current Epoch: 12
  Selected Arms: [0]
  Arm Means: [0.12882757186889648, -0.0028235313948243856]
  Arm Stds: [1.8569533824920654, 2.425356388092041]
  Arm Observation Counts: [7, 4]
  Last Sampled Values: [1.8374574184417725, -3.936781406402588]
------------------------------------------------------------
No improvement for 7 epoch(s)

Reward: -0.76% (normalized: -0.08)

Epoch 14/100 | LR: 0.000995 | Time: 212.82s
Train Loss: 0.2133 | Train Acc: 94.25%
Val Loss: 0.7073 | Val Acc: 82.42%

Gradient Chain Statistics:
[PacaGradientChainManager - Gradient Chain Logs]
  Chains Built: True
  Number of Chains: 2
  Current Epoch: 13
  Selected Arms: [1]
  Arm Means: [0.10399998724460602, -0.0028235313948243856]
  Arm Stds: [1.740776538848877, 2.425356388092041]
  Arm Observation Counts: [8, 4]
  Last Sampled Values: [-2.3938004970550537, -0.4518374502658844]
------------------------------------------------------------
No improvement for 8 epoch(s)

Reward: -0.01% (normalized: -0.00)

Epoch 15/100 | LR: 0.000992 | Time: 212.30s
Train Loss: 0.2023 | Train Acc: 94.53%
Val Loss: 0.7246 | Val Acc: 82.41%

Gradient Chain Statistics:
[PacaGradientChainManager - Gradient Chain Logs]
  Chains Built: True
  Number of Chains: 2
  Current Epoch: 14
  Selected Arms: [1]
  Arm Means: [0.10399998724460602, -0.0024761920794844627]
  Arm Stds: [1.740776538848877, 2.1821789741516113]
  Arm Observation Counts: [8, 5]
  Last Sampled Values: [-0.9937461614608765, 0.3387547731399536]
------------------------------------------------------------
No improvement for 9 epoch(s)

Reward: -0.07% (normalized: -0.01)

Epoch 16/100 | LR: 0.000989 | Time: 212.57s
Train Loss: 0.1969 | Train Acc: 94.73%
Val Loss: 0.7143 | Val Acc: 82.34%

Gradient Chain Statistics:
[PacaGradientChainManager - Gradient Chain Logs]
  Chains Built: True
  Number of Chains: 2
  Current Epoch: 15
  Selected Arms: [0]
  Arm Means: [0.10399998724460602, -0.0032000013161450624]
  Arm Stds: [1.740776538848877, 2.0]
  Arm Observation Counts: [8, 6]
  Last Sampled Values: [-3.040315628051758, -5.986635208129883]
------------------------------------------------------------
No improvement for 10 epoch(s)
Early stopping triggered after 16 epochs.
Total training time: 3388.67 seconds
Average time per epoch: 211.79 seconds

============================================================
Training completed!
============================================================
Using device: cuda
============================================================
Vision Transformer Fine-tuning on CIFAR-100
Using Gradient Chain Selection
============================================================
Using random seed: 9413

Loading dataset...
Files already downloaded and verified
Files already downloaded and verified
Dataset loaded: 50000 train samples, 10000 val samples
Number of classes: 100

Creating ViT model for 100 classes...

PEFT config: PacaConfig(peft_type=<PeftType.PACA: 'PACA'>, auto_mapping=None, base_model_name_or_path=None, revision=None, task_type=<TaskType.FEATURE_EXTRACTION: 'FEATURE_EXTRACTION'>, inference_mode=False, r=48, target_modules={'mlp.0', 'out_proj', 'mlp.3'}, paca_alpha=96, fan_in_fan_out=False, bias='all', modules_to_save=['head'], layers_to_transform=None, layers_pattern=None, rank_pattern={}, alpha_pattern={}, megatron_config=None, megatron_core='megatron.core', layer_replication=None, gradient_accumulation_steps=1, steps_per_epoch=782, arm_distribution='gradient_chain', num_arms=3, num_arms_to_select=1, ucb_alpha=0.5, use_fixed_indices=False, arm_selection_method='thompson', thompson_distribution='gaussian', thompson_alpha_prior=1.0, thompson_beta_prior=1.0, thompson_gaussian_prior_mean=0.0, thompson_gaussian_prior_std=10.0, thompson_gaussian_noise_std=5.0, gradient_chain_warmup_epochs=3, gradient_chain_num_samples=5)
Total parameters: 149,653,448
Trainable parameters: 2,757,320 (1.84%)
Frozen parameters: 146,896,128 (98.16%)

============================================================
Fine-tuning ViT using Gradient Chain Selection:
============================================================
Calculating initial validation accuracy...
Initial Val Acc: 1.53%

Reward: 0.00% (normalized: 0.00)
Gradient chain warmup: 1/3

Epoch 1/100 | LR: 0.000100 | Time: 210.71s
Train Loss: 4.6396 | Train Acc: 1.61%
Val Loss: 4.6407 | Val Acc: 1.53%

Gradient Chain Statistics:
[PacaGradientChainManager - Gradient Chain Logs]
  Chains Built: False
  Number of Chains: 0
  Current Epoch: 0
  Arm Means: [0.0, 0.0, 0.0]
  Arm Stds: [10.0, 10.0, 10.0]
  Arm Observation Counts: [0, 0, 0]
------------------------------------------------------------

Reward: 72.53% (normalized: 7.25)
Gradient chain warmup: 2/3

Epoch 2/100 | LR: 0.000200 | Time: 211.43s
Train Loss: 2.5078 | Train Acc: 51.74%
Val Loss: 1.3602 | Val Acc: 74.06%

Gradient Chain Statistics:
[PacaGradientChainManager - Gradient Chain Logs]
  Chains Built: False
  Number of Chains: 0
  Current Epoch: 0
  Arm Means: [0.0, 0.0, 0.0]
  Arm Stds: [10.0, 10.0, 10.0]
  Arm Observation Counts: [0, 0, 0]
------------------------------------------------------------

Reward: 7.07% (normalized: 0.71)

============================================================
Building Gradient Chains...
============================================================
Sampling 5 batches to estimate gradients...
  Batch 1/5 processed
  Batch 2/5 processed
  Batch 3/5 processed
  Batch 4/5 processed
  Batch 5/5 processed

Averaging gradients across batches...

Building 3 gradient chains...

Chain 0: Starting from neuron 30
  Layer 0 (encoder.layers.encoder_layer_0.mlp.0): input_col=30 -> output_neuron=2437 (grad=0.0024)
  Layer 1 (encoder.layers.encoder_layer_0.mlp.3): input_col=37 -> output_neuron=679 (grad=0.0005)
  Warning: No gradients for layer encoder.layers.encoder_layer_1.self_attention.out_proj, skipping
  Layer 3 (encoder.layers.encoder_layer_1.mlp.0): input_col=7 -> output_neuron=1333 (grad=0.0002)
  Layer 4 (encoder.layers.encoder_layer_1.mlp.3): input_col=37 -> output_neuron=400 (grad=0.0000)
  Warning: No gradients for layer encoder.layers.encoder_layer_2.self_attention.out_proj, skipping
  Layer 6 (encoder.layers.encoder_layer_2.mlp.0): input_col=16 -> output_neuron=293 (grad=0.0007)
  Layer 7 (encoder.layers.encoder_layer_2.mlp.3): input_col=5 -> output_neuron=40 (grad=0.0015)
  Warning: No gradients for layer encoder.layers.encoder_layer_3.self_attention.out_proj, skipping
  Layer 9 (encoder.layers.encoder_layer_3.mlp.0): input_col=40 -> output_neuron=184 (grad=0.0000)
  Layer 10 (encoder.layers.encoder_layer_3.mlp.3): input_col=40 -> output_neuron=124 (grad=0.0043)
  Warning: No gradients for layer encoder.layers.encoder_layer_4.self_attention.out_proj, skipping
  Layer 12 (encoder.layers.encoder_layer_4.mlp.0): input_col=28 -> output_neuron=791 (grad=0.0006)
  Layer 13 (encoder.layers.encoder_layer_4.mlp.3): input_col=23 -> output_neuron=261 (grad=0.0002)
  Warning: No gradients for layer encoder.layers.encoder_layer_5.self_attention.out_proj, skipping
  Layer 15 (encoder.layers.encoder_layer_5.mlp.0): input_col=21 -> output_neuron=763 (grad=0.0013)
  Layer 16 (encoder.layers.encoder_layer_5.mlp.3): input_col=43 -> output_neuron=438 (grad=0.0007)
  Warning: No gradients for layer encoder.layers.encoder_layer_6.self_attention.out_proj, skipping
  Layer 18 (encoder.layers.encoder_layer_6.mlp.0): input_col=6 -> output_neuron=411 (grad=0.0013)
  Layer 19 (encoder.layers.encoder_layer_6.mlp.3): input_col=27 -> output_neuron=592 (grad=0.0008)
  Warning: No gradients for layer encoder.layers.encoder_layer_7.self_attention.out_proj, skipping
  Layer 21 (encoder.layers.encoder_layer_7.mlp.0): input_col=16 -> output_neuron=1864 (grad=0.0014)
  Layer 22 (encoder.layers.encoder_layer_7.mlp.3): input_col=40 -> output_neuron=103 (grad=0.0007)
  Warning: No gradients for layer encoder.layers.encoder_layer_8.self_attention.out_proj, skipping
  Layer 24 (encoder.layers.encoder_layer_8.mlp.0): input_col=7 -> output_neuron=1641 (grad=0.0070)
  Layer 25 (encoder.layers.encoder_layer_8.mlp.3): input_col=9 -> output_neuron=621 (grad=0.0006)
  Warning: No gradients for layer encoder.layers.encoder_layer_9.self_attention.out_proj, skipping
  Layer 27 (encoder.layers.encoder_layer_9.mlp.0): input_col=45 -> output_neuron=370 (grad=0.0022)
  Layer 28 (encoder.layers.encoder_layer_9.mlp.3): input_col=34 -> output_neuron=679 (grad=0.0023)
  Warning: No gradients for layer encoder.layers.encoder_layer_10.self_attention.out_proj, skipping
  Layer 30 (encoder.layers.encoder_layer_10.mlp.0): input_col=7 -> output_neuron=914 (grad=0.0074)
  Layer 31 (encoder.layers.encoder_layer_10.mlp.3): input_col=2 -> output_neuron=261 (grad=0.0056)
  Warning: No gradients for layer encoder.layers.encoder_layer_11.self_attention.out_proj, skipping
  Layer 33 (encoder.layers.encoder_layer_11.mlp.0): input_col=21 -> output_neuron=2094 (grad=0.0050)
  Layer 34 (encoder.layers.encoder_layer_11.mlp.3): input_col=30 -> output_neuron=261 (grad=0.0051)

Chain 1: Starting from neuron 6
  Layer 0 (encoder.layers.encoder_layer_0.mlp.0): input_col=6 -> output_neuron=361 (grad=0.0002)
  Layer 1 (encoder.layers.encoder_layer_0.mlp.3): input_col=25 -> output_neuron=69 (grad=0.0024)
  Warning: No gradients for layer encoder.layers.encoder_layer_1.self_attention.out_proj, skipping
  Layer 3 (encoder.layers.encoder_layer_1.mlp.0): input_col=21 -> output_neuron=1817 (grad=0.0001)
  Layer 4 (encoder.layers.encoder_layer_1.mlp.3): input_col=41 -> output_neuron=400 (grad=0.0000)
  Warning: No gradients for layer encoder.layers.encoder_layer_2.self_attention.out_proj, skipping
  Layer 6 (encoder.layers.encoder_layer_2.mlp.0): input_col=16 -> output_neuron=293 (grad=0.0007)
  Layer 7 (encoder.layers.encoder_layer_2.mlp.3): input_col=5 -> output_neuron=40 (grad=0.0015)
  Warning: No gradients for layer encoder.layers.encoder_layer_3.self_attention.out_proj, skipping
  Layer 9 (encoder.layers.encoder_layer_3.mlp.0): input_col=40 -> output_neuron=184 (grad=0.0000)
  Layer 10 (encoder.layers.encoder_layer_3.mlp.3): input_col=40 -> output_neuron=124 (grad=0.0043)
  Warning: No gradients for layer encoder.layers.encoder_layer_4.self_attention.out_proj, skipping
  Layer 12 (encoder.layers.encoder_layer_4.mlp.0): input_col=28 -> output_neuron=791 (grad=0.0006)
  Layer 13 (encoder.layers.encoder_layer_4.mlp.3): input_col=23 -> output_neuron=261 (grad=0.0002)
  Warning: No gradients for layer encoder.layers.encoder_layer_5.self_attention.out_proj, skipping
  Layer 15 (encoder.layers.encoder_layer_5.mlp.0): input_col=21 -> output_neuron=763 (grad=0.0013)
  Layer 16 (encoder.layers.encoder_layer_5.mlp.3): input_col=43 -> output_neuron=438 (grad=0.0007)
  Warning: No gradients for layer encoder.layers.encoder_layer_6.self_attention.out_proj, skipping
  Layer 18 (encoder.layers.encoder_layer_6.mlp.0): input_col=6 -> output_neuron=411 (grad=0.0013)
  Layer 19 (encoder.layers.encoder_layer_6.mlp.3): input_col=27 -> output_neuron=592 (grad=0.0008)
  Warning: No gradients for layer encoder.layers.encoder_layer_7.self_attention.out_proj, skipping
  Layer 21 (encoder.layers.encoder_layer_7.mlp.0): input_col=16 -> output_neuron=1864 (grad=0.0014)
  Layer 22 (encoder.layers.encoder_layer_7.mlp.3): input_col=40 -> output_neuron=103 (grad=0.0007)
  Warning: No gradients for layer encoder.layers.encoder_layer_8.self_attention.out_proj, skipping
  Layer 24 (encoder.layers.encoder_layer_8.mlp.0): input_col=7 -> output_neuron=1641 (grad=0.0070)
  Layer 25 (encoder.layers.encoder_layer_8.mlp.3): input_col=9 -> output_neuron=621 (grad=0.0006)
  Warning: No gradients for layer encoder.layers.encoder_layer_9.self_attention.out_proj, skipping
  Layer 27 (encoder.layers.encoder_layer_9.mlp.0): input_col=45 -> output_neuron=370 (grad=0.0022)
  Layer 28 (encoder.layers.encoder_layer_9.mlp.3): input_col=34 -> output_neuron=679 (grad=0.0023)
  Warning: No gradients for layer encoder.layers.encoder_layer_10.self_attention.out_proj, skipping
  Layer 30 (encoder.layers.encoder_layer_10.mlp.0): input_col=7 -> output_neuron=914 (grad=0.0074)
  Layer 31 (encoder.layers.encoder_layer_10.mlp.3): input_col=2 -> output_neuron=261 (grad=0.0056)
  Warning: No gradients for layer encoder.layers.encoder_layer_11.self_attention.out_proj, skipping
  Layer 33 (encoder.layers.encoder_layer_11.mlp.0): input_col=21 -> output_neuron=2094 (grad=0.0050)
  Layer 34 (encoder.layers.encoder_layer_11.mlp.3): input_col=30 -> output_neuron=261 (grad=0.0051)

Chain 2: Starting from neuron 37
  Layer 0 (encoder.layers.encoder_layer_0.mlp.0): input_col=37 -> output_neuron=1943 (grad=0.0003)
  Layer 1 (encoder.layers.encoder_layer_0.mlp.3): input_col=23 -> output_neuron=689 (grad=0.0017)
  Warning: No gradients for layer encoder.layers.encoder_layer_1.self_attention.out_proj, skipping
  Layer 3 (encoder.layers.encoder_layer_1.mlp.0): input_col=17 -> output_neuron=2977 (grad=0.0005)
  Layer 4 (encoder.layers.encoder_layer_1.mlp.3): input_col=1 -> output_neuron=88 (grad=0.0002)
  Warning: No gradients for layer encoder.layers.encoder_layer_2.self_attention.out_proj, skipping
  Layer 6 (encoder.layers.encoder_layer_2.mlp.0): input_col=40 -> output_neuron=2699 (grad=0.0005)
  Layer 7 (encoder.layers.encoder_layer_2.mlp.3): input_col=11 -> output_neuron=124 (grad=0.0006)
  Warning: No gradients for layer encoder.layers.encoder_layer_3.self_attention.out_proj, skipping
  Layer 9 (encoder.layers.encoder_layer_3.mlp.0): input_col=28 -> output_neuron=184 (grad=0.0008)
  Layer 10 (encoder.layers.encoder_layer_3.mlp.3): input_col=40 -> output_neuron=124 (grad=0.0043)
  Warning: No gradients for layer encoder.layers.encoder_layer_4.self_attention.out_proj, skipping
  Layer 12 (encoder.layers.encoder_layer_4.mlp.0): input_col=28 -> output_neuron=791 (grad=0.0006)
  Layer 13 (encoder.layers.encoder_layer_4.mlp.3): input_col=23 -> output_neuron=261 (grad=0.0002)
  Warning: No gradients for layer encoder.layers.encoder_layer_5.self_attention.out_proj, skipping
  Layer 15 (encoder.layers.encoder_layer_5.mlp.0): input_col=21 -> output_neuron=763 (grad=0.0013)
  Layer 16 (encoder.layers.encoder_layer_5.mlp.3): input_col=43 -> output_neuron=438 (grad=0.0007)
  Warning: No gradients for layer encoder.layers.encoder_layer_6.self_attention.out_proj, skipping
  Layer 18 (encoder.layers.encoder_layer_6.mlp.0): input_col=6 -> output_neuron=411 (grad=0.0013)
  Layer 19 (encoder.layers.encoder_layer_6.mlp.3): input_col=27 -> output_neuron=592 (grad=0.0008)
  Warning: No gradients for layer encoder.layers.encoder_layer_7.self_attention.out_proj, skipping
  Layer 21 (encoder.layers.encoder_layer_7.mlp.0): input_col=16 -> output_neuron=1864 (grad=0.0014)
  Layer 22 (encoder.layers.encoder_layer_7.mlp.3): input_col=40 -> output_neuron=103 (grad=0.0007)
  Warning: No gradients for layer encoder.layers.encoder_layer_8.self_attention.out_proj, skipping
  Layer 24 (encoder.layers.encoder_layer_8.mlp.0): input_col=7 -> output_neuron=1641 (grad=0.0070)
  Layer 25 (encoder.layers.encoder_layer_8.mlp.3): input_col=9 -> output_neuron=621 (grad=0.0006)
  Warning: No gradients for layer encoder.layers.encoder_layer_9.self_attention.out_proj, skipping
  Layer 27 (encoder.layers.encoder_layer_9.mlp.0): input_col=45 -> output_neuron=370 (grad=0.0022)
  Layer 28 (encoder.layers.encoder_layer_9.mlp.3): input_col=34 -> output_neuron=679 (grad=0.0023)
  Warning: No gradients for layer encoder.layers.encoder_layer_10.self_attention.out_proj, skipping
  Layer 30 (encoder.layers.encoder_layer_10.mlp.0): input_col=7 -> output_neuron=914 (grad=0.0074)
  Layer 31 (encoder.layers.encoder_layer_10.mlp.3): input_col=2 -> output_neuron=261 (grad=0.0056)
  Warning: No gradients for layer encoder.layers.encoder_layer_11.self_attention.out_proj, skipping
  Layer 33 (encoder.layers.encoder_layer_11.mlp.0): input_col=21 -> output_neuron=2094 (grad=0.0050)
  Layer 34 (encoder.layers.encoder_layer_11.mlp.3): input_col=30 -> output_neuron=261 (grad=0.0051)

============================================================
✓ Successfully built 3 gradient chains
============================================================

Epoch 3/100 | LR: 0.000300 | Time: 213.20s
Train Loss: 1.0199 | Train Acc: 78.93%
Val Loss: 0.8550 | Val Acc: 81.13%

Gradient Chain Statistics:
[PacaGradientChainManager - Gradient Chain Logs]
  Chains Built: True
  Number of Chains: 3
  Current Epoch: 1
  Selected Arms: [2]
  Arm Means: [0.0, 0.0, 0.0]
  Arm Stds: [10.0, 10.0, 10.0]
  Arm Observation Counts: [0, 0, 0]
  Last Sampled Values: [-6.72896146774292, 2.5938990116119385, 10.49333381652832]
------------------------------------------------------------

Reward: 2.58% (normalized: 0.26)

Epoch 4/100 | LR: 0.000400 | Time: 211.82s
Train Loss: 0.6090 | Train Acc: 85.96%
Val Loss: 0.6514 | Val Acc: 83.71%

Gradient Chain Statistics:
[PacaGradientChainManager - Gradient Chain Logs]
  Chains Built: True
  Number of Chains: 3
  Current Epoch: 2
  Selected Arms: [1]
  Arm Means: [0.0, 0.0, 0.20640000700950623]
  Arm Stds: [10.0, 10.0, 4.4721360206604]
  Arm Observation Counts: [0, 0, 1]
  Last Sampled Values: [3.819201946258545, 19.152366638183594, -0.8010209798812866]
------------------------------------------------------------

Reward: 1.38% (normalized: 0.14)

Epoch 5/100 | LR: 0.000500 | Time: 211.66s
Train Loss: 0.4212 | Train Acc: 90.14%
Val Loss: 0.5836 | Val Acc: 85.09%

Gradient Chain Statistics:
[PacaGradientChainManager - Gradient Chain Logs]
  Chains Built: True
  Number of Chains: 3
  Current Epoch: 3
  Selected Arms: [1]
  Arm Means: [0.0, 0.1103999987244606, 0.20640000700950623]
  Arm Stds: [10.0, 4.4721360206604, 4.4721360206604]
  Arm Observation Counts: [0, 1, 1]
  Last Sampled Values: [-0.5846213698387146, -0.5411149859428406, -2.9086804389953613]
------------------------------------------------------------

Reward: 0.18% (normalized: 0.02)

Epoch 6/100 | LR: 0.000600 | Time: 211.68s
Train Loss: 0.3265 | Train Acc: 92.00%
Val Loss: 0.5668 | Val Acc: 85.27%

Gradient Chain Statistics:
[PacaGradientChainManager - Gradient Chain Logs]
  Chains Built: True
  Number of Chains: 3
  Current Epoch: 4
  Selected Arms: [0]
  Arm Means: [0.0, 0.06933332979679108, 0.20640000700950623]
  Arm Stds: [10.0, 3.3333334922790527, 4.4721360206604]
  Arm Observation Counts: [0, 2, 1]
  Last Sampled Values: [9.485334396362305, -4.585250377655029, -1.8720382452011108]
------------------------------------------------------------

Reward: -0.03% (normalized: -0.00)

Epoch 7/100 | LR: 0.000700 | Time: 211.79s
Train Loss: 0.2923 | Train Acc: 92.61%
Val Loss: 0.5735 | Val Acc: 85.24%

Gradient Chain Statistics:
[PacaGradientChainManager - Gradient Chain Logs]
  Chains Built: True
  Number of Chains: 3
  Current Epoch: 5
  Selected Arms: [1]
  Arm Means: [-0.002400000113993883, 0.06933332979679108, 0.20640000700950623]
  Arm Stds: [4.4721360206604, 3.3333334922790527, 4.4721360206604]
  Arm Observation Counts: [1, 2, 1]
  Last Sampled Values: [-0.5686386823654175, 3.9640583992004395, 1.9612329006195068]
------------------------------------------------------------
No improvement for 1 epoch(s)

Reward: -0.97% (normalized: -0.10)

Epoch 8/100 | LR: 0.000800 | Time: 211.88s
Train Loss: 0.2697 | Train Acc: 92.97%
Val Loss: 0.5950 | Val Acc: 84.27%

Gradient Chain Statistics:
[PacaGradientChainManager - Gradient Chain Logs]
  Chains Built: True
  Number of Chains: 3
  Current Epoch: 6
  Selected Arms: [2]
  Arm Means: [-0.002400000113993883, 0.01815384067595005, 0.20640000700950623]
  Arm Stds: [4.4721360206604, 2.77350115776062, 4.4721360206604]
  Arm Observation Counts: [1, 3, 1]
  Last Sampled Values: [-1.9542616605758667, 2.5457675457000732, 3.8502862453460693]
------------------------------------------------------------
No improvement for 2 epoch(s)

Reward: -0.13% (normalized: -0.01)

Epoch 9/100 | LR: 0.000900 | Time: 211.88s
Train Loss: 0.2614 | Train Acc: 93.10%
Val Loss: 0.6146 | Val Acc: 84.14%

Gradient Chain Statistics:
[PacaGradientChainManager - Gradient Chain Logs]
  Chains Built: True
  Number of Chains: 3
  Current Epoch: 7
  Selected Arms: [1]
  Arm Means: [-0.002400000113993883, 0.01815384067595005, 0.1088888943195343]
  Arm Stds: [4.4721360206604, 2.77350115776062, 3.3333334922790527]
  Arm Observation Counts: [1, 3, 2]
  Last Sampled Values: [-0.40784791111946106, 3.1758837699890137, 1.9100165367126465]
------------------------------------------------------------
No improvement for 3 epoch(s)

Reward: -0.78% (normalized: -0.08)

Epoch 10/100 | LR: 0.001000 | Time: 211.93s
Train Loss: 0.2441 | Train Acc: 93.36%
Val Loss: 0.6628 | Val Acc: 83.36%

Gradient Chain Statistics:
[PacaGradientChainManager - Gradient Chain Logs]
  Chains Built: True
  Number of Chains: 3
  Current Epoch: 8
  Selected Arms: [0]
  Arm Means: [-0.002400000113993883, -0.004470594692975283, 0.1088888943195343]
  Arm Stds: [4.4721360206604, 2.425356388092041, 3.3333334922790527]
  Arm Observation Counts: [1, 4, 2]
  Last Sampled Values: [3.507469892501831, -2.997084856033325, 3.3111677169799805]
------------------------------------------------------------
No improvement for 4 epoch(s)

Reward: -0.12% (normalized: -0.01)

Epoch 11/100 | LR: 0.001000 | Time: 213.29s
Train Loss: 0.2636 | Train Acc: 92.99%
Val Loss: 0.6556 | Val Acc: 83.24%

Gradient Chain Statistics:
[PacaGradientChainManager - Gradient Chain Logs]
  Chains Built: True
  Number of Chains: 3
  Current Epoch: 9
  Selected Arms: [0]
  Arm Means: [-0.006666666828095913, -0.004470594692975283, 0.1088888943195343]
  Arm Stds: [3.3333334922790527, 2.425356388092041, 3.3333334922790527]
  Arm Observation Counts: [2, 4, 2]
  Last Sampled Values: [5.336187839508057, -3.2831177711486816, 3.1379904747009277]
------------------------------------------------------------
No improvement for 5 epoch(s)

Reward: -0.68% (normalized: -0.07)

Epoch 12/100 | LR: 0.000999 | Time: 213.98s
Train Loss: 0.2575 | Train Acc: 93.04%
Val Loss: 0.6958 | Val Acc: 82.56%

Gradient Chain Statistics:
[PacaGradientChainManager - Gradient Chain Logs]
  Chains Built: True
  Number of Chains: 3
  Current Epoch: 10
  Selected Arms: [1]
  Arm Means: [-0.02553846314549446, -0.004470594692975283, 0.1088888943195343]
  Arm Stds: [2.77350115776062, 2.425356388092041, 3.3333334922790527]
  Arm Observation Counts: [3, 4, 2]
  Last Sampled Values: [-1.98179292678833, 1.1993653774261475, 0.33444565534591675]
------------------------------------------------------------
No improvement for 6 epoch(s)

Reward: -0.15% (normalized: -0.02)

Epoch 13/100 | LR: 0.000997 | Time: 213.49s
Train Loss: 0.2272 | Train Acc: 93.80%
Val Loss: 0.7002 | Val Acc: 82.41%

Gradient Chain Statistics:
[PacaGradientChainManager - Gradient Chain Logs]
  Chains Built: True
  Number of Chains: 3
  Current Epoch: 11
  Selected Arms: [1]
  Arm Means: [-0.02553846314549446, -0.006476195994764566, 0.1088888943195343]
  Arm Stds: [2.77350115776062, 2.1821789741516113, 3.3333334922790527]
  Arm Observation Counts: [3, 5, 2]
  Last Sampled Values: [-2.517270803451538, 1.0965405702590942, -1.7666701078414917]
------------------------------------------------------------
No improvement for 7 epoch(s)

Reward: 0.39% (normalized: 0.04)

Epoch 14/100 | LR: 0.000995 | Time: 213.87s
Train Loss: 0.2077 | Train Acc: 94.43%
Val Loss: 0.7070 | Val Acc: 82.80%

Gradient Chain Statistics:
[PacaGradientChainManager - Gradient Chain Logs]
  Chains Built: True
  Number of Chains: 3
  Current Epoch: 12
  Selected Arms: [2]
  Arm Means: [-0.02553846314549446, 0.0007999957888387144, 0.1088888943195343]
  Arm Stds: [2.77350115776062, 2.0, 3.3333334922790527]
  Arm Observation Counts: [3, 6, 2]
  Last Sampled Values: [-1.5905849933624268, -1.3617956638336182, 2.179922580718994]
------------------------------------------------------------
No improvement for 8 epoch(s)

Reward: -0.80% (normalized: -0.08)

Epoch 15/100 | LR: 0.000992 | Time: 214.43s
Train Loss: 0.2017 | Train Acc: 94.54%
Val Loss: 0.7531 | Val Acc: 82.00%

Gradient Chain Statistics:
[PacaGradientChainManager - Gradient Chain Logs]
  Chains Built: True
  Number of Chains: 3
  Current Epoch: 13
  Selected Arms: [1]
  Arm Means: [-0.02553846314549446, 0.0007999957888387144, 0.05076923221349716]
  Arm Stds: [2.77350115776062, 2.0, 2.77350115776062]
  Arm Observation Counts: [3, 6, 3]
  Last Sampled Values: [-0.7760503888130188, 4.575439453125, -2.013092041015625]
------------------------------------------------------------
No improvement for 9 epoch(s)

Reward: -0.62% (normalized: -0.06)

Epoch 16/100 | LR: 0.000989 | Time: 214.69s
Train Loss: 0.2003 | Train Acc: 94.59%
Val Loss: 0.7672 | Val Acc: 81.38%

Gradient Chain Statistics:
[PacaGradientChainManager - Gradient Chain Logs]
  Chains Built: True
  Number of Chains: 3
  Current Epoch: 14
  Selected Arms: [1]
  Arm Means: [-0.02553846314549446, -0.007862072438001633, 0.05076923221349716]
  Arm Stds: [2.77350115776062, 1.8569533824920654, 2.77350115776062]
  Arm Observation Counts: [3, 7, 3]
  Last Sampled Values: [-3.3056230545043945, 1.966628074645996, 0.6465972661972046]
------------------------------------------------------------
No improvement for 10 epoch(s)
Early stopping triggered after 16 epochs.
Total training time: 3401.74 seconds
Average time per epoch: 212.61 seconds

============================================================
Training completed!
============================================================
Using device: cuda
============================================================
Vision Transformer Fine-tuning on CIFAR-100
Using Gradient Chain Selection
============================================================
Using random seed: 2103

Loading dataset...
Files already downloaded and verified
Files already downloaded and verified
Dataset loaded: 50000 train samples, 10000 val samples
Number of classes: 100

Creating ViT model for 100 classes...

PEFT config: PacaConfig(peft_type=<PeftType.PACA: 'PACA'>, auto_mapping=None, base_model_name_or_path=None, revision=None, task_type=<TaskType.FEATURE_EXTRACTION: 'FEATURE_EXTRACTION'>, inference_mode=False, r=48, target_modules={'mlp.3', 'out_proj', 'mlp.0'}, paca_alpha=96, fan_in_fan_out=False, bias='all', modules_to_save=['head'], layers_to_transform=None, layers_pattern=None, rank_pattern={}, alpha_pattern={}, megatron_config=None, megatron_core='megatron.core', layer_replication=None, gradient_accumulation_steps=1, steps_per_epoch=782, arm_distribution='gradient_chain', num_arms=3, num_arms_to_select=1, ucb_alpha=0.5, use_fixed_indices=False, arm_selection_method='thompson', thompson_distribution='gaussian', thompson_alpha_prior=1.0, thompson_beta_prior=1.0, thompson_gaussian_prior_mean=0.0, thompson_gaussian_prior_std=10.0, thompson_gaussian_noise_std=5.0, gradient_chain_warmup_epochs=2, gradient_chain_num_samples=5)
Total parameters: 149,653,448
Trainable parameters: 2,757,320 (1.84%)
Frozen parameters: 146,896,128 (98.16%)

============================================================
Fine-tuning ViT using Gradient Chain Selection:
============================================================
Calculating initial validation accuracy...
Initial Val Acc: 0.58%

Reward: 0.00% (normalized: 0.00)
Gradient chain warmup: 1/2

Epoch 1/100 | LR: 0.000100 | Time: 212.44s
Train Loss: 4.6955 | Train Acc: 0.79%
Val Loss: 4.6925 | Val Acc: 0.58%

Gradient Chain Statistics:
[PacaGradientChainManager - Gradient Chain Logs]
  Chains Built: False
  Number of Chains: 0
  Current Epoch: 0
  Arm Means: [0.0, 0.0, 0.0]
  Arm Stds: [10.0, 10.0, 10.0]
  Arm Observation Counts: [0, 0, 0]
------------------------------------------------------------

Reward: 72.60% (normalized: 7.26)

============================================================
Building Gradient Chains...
============================================================
Sampling 5 batches to estimate gradients...
  Batch 1/5 processed
  Batch 2/5 processed
  Batch 3/5 processed
  Batch 4/5 processed
  Batch 5/5 processed

Averaging gradients across batches...

Building 3 gradient chains...

Chain 0: Starting from neuron 31
  Layer 0 (encoder.layers.encoder_layer_0.mlp.0): input_col=31 -> output_neuron=2517 (grad=0.0005)
  Layer 1 (encoder.layers.encoder_layer_0.mlp.3): input_col=21 -> output_neuron=532 (grad=0.0013)
  Warning: No gradients for layer encoder.layers.encoder_layer_1.self_attention.out_proj, skipping
  Layer 3 (encoder.layers.encoder_layer_1.mlp.0): input_col=4 -> output_neuron=1992 (grad=0.0003)
  Layer 4 (encoder.layers.encoder_layer_1.mlp.3): input_col=24 -> output_neuron=69 (grad=0.0003)
  Warning: No gradients for layer encoder.layers.encoder_layer_2.self_attention.out_proj, skipping
  Layer 6 (encoder.layers.encoder_layer_2.mlp.0): input_col=21 -> output_neuron=2155 (grad=0.0002)
  Layer 7 (encoder.layers.encoder_layer_2.mlp.3): input_col=43 -> output_neuron=614 (grad=0.0015)
  Warning: No gradients for layer encoder.layers.encoder_layer_3.self_attention.out_proj, skipping
  Layer 9 (encoder.layers.encoder_layer_3.mlp.0): input_col=38 -> output_neuron=2529 (grad=0.0032)
  Layer 10 (encoder.layers.encoder_layer_3.mlp.3): input_col=33 -> output_neuron=614 (grad=0.0028)
  Warning: No gradients for layer encoder.layers.encoder_layer_4.self_attention.out_proj, skipping
  Layer 12 (encoder.layers.encoder_layer_4.mlp.0): input_col=38 -> output_neuron=431 (grad=0.0025)
  Layer 13 (encoder.layers.encoder_layer_4.mlp.3): input_col=47 -> output_neuron=643 (grad=0.0012)
  Warning: No gradients for layer encoder.layers.encoder_layer_5.self_attention.out_proj, skipping
  Layer 15 (encoder.layers.encoder_layer_5.mlp.0): input_col=19 -> output_neuron=2261 (grad=0.0037)
  Layer 16 (encoder.layers.encoder_layer_5.mlp.3): input_col=5 -> output_neuron=387 (grad=0.0493)
  Warning: No gradients for layer encoder.layers.encoder_layer_6.self_attention.out_proj, skipping
  Layer 18 (encoder.layers.encoder_layer_6.mlp.0): input_col=3 -> output_neuron=2829 (grad=0.0024)
  Layer 19 (encoder.layers.encoder_layer_6.mlp.3): input_col=45 -> output_neuron=45 (grad=0.0011)
  Warning: No gradients for layer encoder.layers.encoder_layer_7.self_attention.out_proj, skipping
  Layer 21 (encoder.layers.encoder_layer_7.mlp.0): input_col=45 -> output_neuron=1710 (grad=0.0030)
  Layer 22 (encoder.layers.encoder_layer_7.mlp.3): input_col=30 -> output_neuron=149 (grad=0.0018)
  Warning: No gradients for layer encoder.layers.encoder_layer_8.self_attention.out_proj, skipping
  Layer 24 (encoder.layers.encoder_layer_8.mlp.0): input_col=5 -> output_neuron=1905 (grad=0.0040)
  Layer 25 (encoder.layers.encoder_layer_8.mlp.3): input_col=33 -> output_neuron=662 (grad=0.0005)
  Warning: No gradients for layer encoder.layers.encoder_layer_9.self_attention.out_proj, skipping
  Layer 27 (encoder.layers.encoder_layer_9.mlp.0): input_col=38 -> output_neuron=2161 (grad=0.0102)
  Layer 28 (encoder.layers.encoder_layer_9.mlp.3): input_col=1 -> output_neuron=342 (grad=0.0031)
  Warning: No gradients for layer encoder.layers.encoder_layer_10.self_attention.out_proj, skipping
  Layer 30 (encoder.layers.encoder_layer_10.mlp.0): input_col=6 -> output_neuron=774 (grad=0.0357)
  Layer 31 (encoder.layers.encoder_layer_10.mlp.3): input_col=6 -> output_neuron=342 (grad=0.0058)
  Warning: No gradients for layer encoder.layers.encoder_layer_11.self_attention.out_proj, skipping
  Layer 33 (encoder.layers.encoder_layer_11.mlp.0): input_col=6 -> output_neuron=916 (grad=0.0201)
  Layer 34 (encoder.layers.encoder_layer_11.mlp.3): input_col=4 -> output_neuron=758 (grad=0.0057)

Chain 1: Starting from neuron 33
  Layer 0 (encoder.layers.encoder_layer_0.mlp.0): input_col=33 -> output_neuron=2437 (grad=0.0004)
  Layer 1 (encoder.layers.encoder_layer_0.mlp.3): input_col=37 -> output_neuron=532 (grad=0.0004)
  Warning: No gradients for layer encoder.layers.encoder_layer_1.self_attention.out_proj, skipping
  Layer 3 (encoder.layers.encoder_layer_1.mlp.0): input_col=4 -> output_neuron=1992 (grad=0.0003)
  Layer 4 (encoder.layers.encoder_layer_1.mlp.3): input_col=24 -> output_neuron=69 (grad=0.0003)
  Warning: No gradients for layer encoder.layers.encoder_layer_2.self_attention.out_proj, skipping
  Layer 6 (encoder.layers.encoder_layer_2.mlp.0): input_col=21 -> output_neuron=2155 (grad=0.0002)
  Layer 7 (encoder.layers.encoder_layer_2.mlp.3): input_col=43 -> output_neuron=614 (grad=0.0015)
  Warning: No gradients for layer encoder.layers.encoder_layer_3.self_attention.out_proj, skipping
  Layer 9 (encoder.layers.encoder_layer_3.mlp.0): input_col=38 -> output_neuron=2529 (grad=0.0032)
  Layer 10 (encoder.layers.encoder_layer_3.mlp.3): input_col=33 -> output_neuron=614 (grad=0.0028)
  Warning: No gradients for layer encoder.layers.encoder_layer_4.self_attention.out_proj, skipping
  Layer 12 (encoder.layers.encoder_layer_4.mlp.0): input_col=38 -> output_neuron=431 (grad=0.0025)
  Layer 13 (encoder.layers.encoder_layer_4.mlp.3): input_col=47 -> output_neuron=643 (grad=0.0012)
  Warning: No gradients for layer encoder.layers.encoder_layer_5.self_attention.out_proj, skipping
  Layer 15 (encoder.layers.encoder_layer_5.mlp.0): input_col=19 -> output_neuron=2261 (grad=0.0037)
  Layer 16 (encoder.layers.encoder_layer_5.mlp.3): input_col=5 -> output_neuron=387 (grad=0.0493)
  Warning: No gradients for layer encoder.layers.encoder_layer_6.self_attention.out_proj, skipping
  Layer 18 (encoder.layers.encoder_layer_6.mlp.0): input_col=3 -> output_neuron=2829 (grad=0.0024)
  Layer 19 (encoder.layers.encoder_layer_6.mlp.3): input_col=45 -> output_neuron=45 (grad=0.0011)
  Warning: No gradients for layer encoder.layers.encoder_layer_7.self_attention.out_proj, skipping
  Layer 21 (encoder.layers.encoder_layer_7.mlp.0): input_col=45 -> output_neuron=1710 (grad=0.0030)
  Layer 22 (encoder.layers.encoder_layer_7.mlp.3): input_col=30 -> output_neuron=149 (grad=0.0018)
  Warning: No gradients for layer encoder.layers.encoder_layer_8.self_attention.out_proj, skipping
  Layer 24 (encoder.layers.encoder_layer_8.mlp.0): input_col=5 -> output_neuron=1905 (grad=0.0040)
  Layer 25 (encoder.layers.encoder_layer_8.mlp.3): input_col=33 -> output_neuron=662 (grad=0.0005)
  Warning: No gradients for layer encoder.layers.encoder_layer_9.self_attention.out_proj, skipping
  Layer 27 (encoder.layers.encoder_layer_9.mlp.0): input_col=38 -> output_neuron=2161 (grad=0.0102)
  Layer 28 (encoder.layers.encoder_layer_9.mlp.3): input_col=1 -> output_neuron=342 (grad=0.0031)
  Warning: No gradients for layer encoder.layers.encoder_layer_10.self_attention.out_proj, skipping
  Layer 30 (encoder.layers.encoder_layer_10.mlp.0): input_col=6 -> output_neuron=774 (grad=0.0357)
  Layer 31 (encoder.layers.encoder_layer_10.mlp.3): input_col=6 -> output_neuron=342 (grad=0.0058)
  Warning: No gradients for layer encoder.layers.encoder_layer_11.self_attention.out_proj, skipping
  Layer 33 (encoder.layers.encoder_layer_11.mlp.0): input_col=6 -> output_neuron=916 (grad=0.0201)
  Layer 34 (encoder.layers.encoder_layer_11.mlp.3): input_col=4 -> output_neuron=758 (grad=0.0057)

Chain 2: Starting from neuron 46
  Layer 0 (encoder.layers.encoder_layer_0.mlp.0): input_col=46 -> output_neuron=2378 (grad=0.0001)
  Layer 1 (encoder.layers.encoder_layer_0.mlp.3): input_col=26 -> output_neuron=532 (grad=0.0019)
  Warning: No gradients for layer encoder.layers.encoder_layer_1.self_attention.out_proj, skipping
  Layer 3 (encoder.layers.encoder_layer_1.mlp.0): input_col=4 -> output_neuron=1992 (grad=0.0003)
  Layer 4 (encoder.layers.encoder_layer_1.mlp.3): input_col=24 -> output_neuron=69 (grad=0.0003)
  Warning: No gradients for layer encoder.layers.encoder_layer_2.self_attention.out_proj, skipping
  Layer 6 (encoder.layers.encoder_layer_2.mlp.0): input_col=21 -> output_neuron=2155 (grad=0.0002)
  Layer 7 (encoder.layers.encoder_layer_2.mlp.3): input_col=43 -> output_neuron=614 (grad=0.0015)
  Warning: No gradients for layer encoder.layers.encoder_layer_3.self_attention.out_proj, skipping
  Layer 9 (encoder.layers.encoder_layer_3.mlp.0): input_col=38 -> output_neuron=2529 (grad=0.0032)
  Layer 10 (encoder.layers.encoder_layer_3.mlp.3): input_col=33 -> output_neuron=614 (grad=0.0028)
  Warning: No gradients for layer encoder.layers.encoder_layer_4.self_attention.out_proj, skipping
  Layer 12 (encoder.layers.encoder_layer_4.mlp.0): input_col=38 -> output_neuron=431 (grad=0.0025)
  Layer 13 (encoder.layers.encoder_layer_4.mlp.3): input_col=47 -> output_neuron=643 (grad=0.0012)
  Warning: No gradients for layer encoder.layers.encoder_layer_5.self_attention.out_proj, skipping
  Layer 15 (encoder.layers.encoder_layer_5.mlp.0): input_col=19 -> output_neuron=2261 (grad=0.0037)
  Layer 16 (encoder.layers.encoder_layer_5.mlp.3): input_col=5 -> output_neuron=387 (grad=0.0493)
  Warning: No gradients for layer encoder.layers.encoder_layer_6.self_attention.out_proj, skipping
  Layer 18 (encoder.layers.encoder_layer_6.mlp.0): input_col=3 -> output_neuron=2829 (grad=0.0024)
  Layer 19 (encoder.layers.encoder_layer_6.mlp.3): input_col=45 -> output_neuron=45 (grad=0.0011)
  Warning: No gradients for layer encoder.layers.encoder_layer_7.self_attention.out_proj, skipping
  Layer 21 (encoder.layers.encoder_layer_7.mlp.0): input_col=45 -> output_neuron=1710 (grad=0.0030)
  Layer 22 (encoder.layers.encoder_layer_7.mlp.3): input_col=30 -> output_neuron=149 (grad=0.0018)
  Warning: No gradients for layer encoder.layers.encoder_layer_8.self_attention.out_proj, skipping
  Layer 24 (encoder.layers.encoder_layer_8.mlp.0): input_col=5 -> output_neuron=1905 (grad=0.0040)
  Layer 25 (encoder.layers.encoder_layer_8.mlp.3): input_col=33 -> output_neuron=662 (grad=0.0005)
  Warning: No gradients for layer encoder.layers.encoder_layer_9.self_attention.out_proj, skipping
  Layer 27 (encoder.layers.encoder_layer_9.mlp.0): input_col=38 -> output_neuron=2161 (grad=0.0102)
  Layer 28 (encoder.layers.encoder_layer_9.mlp.3): input_col=1 -> output_neuron=342 (grad=0.0031)
  Warning: No gradients for layer encoder.layers.encoder_layer_10.self_attention.out_proj, skipping
  Layer 30 (encoder.layers.encoder_layer_10.mlp.0): input_col=6 -> output_neuron=774 (grad=0.0357)
  Layer 31 (encoder.layers.encoder_layer_10.mlp.3): input_col=6 -> output_neuron=342 (grad=0.0058)
  Warning: No gradients for layer encoder.layers.encoder_layer_11.self_attention.out_proj, skipping
  Layer 33 (encoder.layers.encoder_layer_11.mlp.0): input_col=6 -> output_neuron=916 (grad=0.0201)
  Layer 34 (encoder.layers.encoder_layer_11.mlp.3): input_col=4 -> output_neuron=758 (grad=0.0057)

============================================================
✓ Successfully built 3 gradient chains
============================================================

Epoch 2/100 | LR: 0.000200 | Time: 214.54s
Train Loss: 2.6300 | Train Acc: 49.44%
Val Loss: 1.4121 | Val Acc: 73.18%

Gradient Chain Statistics:
[PacaGradientChainManager - Gradient Chain Logs]
  Chains Built: True
  Number of Chains: 3
  Current Epoch: 1
  Selected Arms: [0]
  Arm Means: [0.0, 0.0, 0.0]
  Arm Stds: [10.0, 10.0, 10.0]
  Arm Observation Counts: [0, 0, 0]
  Last Sampled Values: [18.334558486938477, 11.971738815307617, 8.92481803894043]
------------------------------------------------------------

Reward: 7.16% (normalized: 0.72)

Epoch 3/100 | LR: 0.000300 | Time: 212.93s
Train Loss: 1.0465 | Train Acc: 78.77%
Val Loss: 0.8604 | Val Acc: 80.34%

Gradient Chain Statistics:
[PacaGradientChainManager - Gradient Chain Logs]
  Chains Built: True
  Number of Chains: 3
  Current Epoch: 2
  Selected Arms: [2]
  Arm Means: [0.5727999806404114, 0.0, 0.0]
  Arm Stds: [4.4721360206604, 10.0, 10.0]
  Arm Observation Counts: [1, 0, 0]
  Last Sampled Values: [-2.7485058307647705, -4.88092041015625, 7.720168113708496]
------------------------------------------------------------

Reward: 3.17% (normalized: 0.32)

Epoch 4/100 | LR: 0.000400 | Time: 212.60s
Train Loss: 0.6367 | Train Acc: 85.73%
Val Loss: 0.6674 | Val Acc: 83.51%

Gradient Chain Statistics:
[PacaGradientChainManager - Gradient Chain Logs]
  Chains Built: True
  Number of Chains: 3
  Current Epoch: 3
  Selected Arms: [0]
  Arm Means: [0.5727999806404114, 0.0, 0.25360000133514404]
  Arm Stds: [4.4721360206604, 10.0, 4.4721360206604]
  Arm Observation Counts: [1, 0, 1]
  Last Sampled Values: [3.616766929626465, -1.761028528213501, -5.486350059509277]
------------------------------------------------------------

Reward: 0.25% (normalized: 0.03)

Epoch 5/100 | LR: 0.000500 | Time: 212.66s
Train Loss: 0.4500 | Train Acc: 89.31%
Val Loss: 0.6292 | Val Acc: 83.76%

Gradient Chain Statistics:
[PacaGradientChainManager - Gradient Chain Logs]
  Chains Built: True
  Number of Chains: 3
  Current Epoch: 4
  Selected Arms: [1]
  Arm Means: [0.3293333053588867, 0.0, 0.25360000133514404]
  Arm Stds: [3.3333334922790527, 10.0, 4.4721360206604]
  Arm Observation Counts: [2, 0, 1]
  Last Sampled Values: [-2.8354039192199707, 3.732851505279541, -4.734013557434082]
------------------------------------------------------------

Reward: 0.06% (normalized: 0.01)

Epoch 6/100 | LR: 0.000600 | Time: 212.82s
Train Loss: 0.3316 | Train Acc: 92.10%
Val Loss: 0.6363 | Val Acc: 83.82%

Gradient Chain Statistics:
[PacaGradientChainManager - Gradient Chain Logs]
  Chains Built: True
  Number of Chains: 3
  Current Epoch: 5
  Selected Arms: [1]
  Arm Means: [0.3293333053588867, 0.004800000227987766, 0.25360000133514404]
  Arm Stds: [3.3333334922790527, 4.4721360206604, 4.4721360206604]
  Arm Observation Counts: [2, 1, 1]
  Last Sampled Values: [0.9936947822570801, 4.468272686004639, 1.486045002937317]
------------------------------------------------------------
No improvement for 1 epoch(s)

Reward: 0.06% (normalized: 0.01)

Epoch 7/100 | LR: 0.000700 | Time: 212.72s
Train Loss: 0.2888 | Train Acc: 92.95%
Val Loss: 0.6176 | Val Acc: 83.88%

Gradient Chain Statistics:
[PacaGradientChainManager - Gradient Chain Logs]
  Chains Built: True
  Number of Chains: 3
  Current Epoch: 6
  Selected Arms: [2]
  Arm Means: [0.3293333053588867, 0.005333333276212215, 0.25360000133514404]
  Arm Stds: [3.3333334922790527, 3.3333334922790527, 4.4721360206604]
  Arm Observation Counts: [2, 2, 1]
  Last Sampled Values: [2.4726908206939697, -2.28965163230896, 14.423088073730469]
------------------------------------------------------------

Reward: 0.50% (normalized: 0.05)

Epoch 8/100 | LR: 0.000800 | Time: 212.96s
Train Loss: 0.2787 | Train Acc: 93.00%
Val Loss: 0.6035 | Val Acc: 84.38%

Gradient Chain Statistics:
[PacaGradientChainManager - Gradient Chain Logs]
  Chains Built: True
  Number of Chains: 3
  Current Epoch: 7
  Selected Arms: [1]
  Arm Means: [0.3293333053588867, 0.005333333276212215, 0.1631111055612564]
  Arm Stds: [3.3333334922790527, 3.3333334922790527, 3.3333334922790527]
  Arm Observation Counts: [2, 2, 2]
  Last Sampled Values: [-0.8000286817550659, 2.4638824462890625, -3.2411201000213623]
------------------------------------------------------------

Reward: -0.44% (normalized: -0.04)

Epoch 9/100 | LR: 0.000900 | Time: 212.97s
Train Loss: 0.2825 | Train Acc: 92.74%
Val Loss: 0.6230 | Val Acc: 83.94%

Gradient Chain Statistics:
[PacaGradientChainManager - Gradient Chain Logs]
  Chains Built: True
  Number of Chains: 3
  Current Epoch: 8
  Selected Arms: [1]
  Arm Means: [0.3293333053588867, -0.009846154600381851, 0.1631111055612564]
  Arm Stds: [3.3333334922790527, 2.77350115776062, 3.3333334922790527]
  Arm Observation Counts: [2, 3, 2]
  Last Sampled Values: [-3.7250943183898926, -0.7620828151702881, -2.502126932144165]
------------------------------------------------------------
No improvement for 1 epoch(s)

Reward: -0.76% (normalized: -0.08)

Epoch 10/100 | LR: 0.001000 | Time: 213.14s
Train Loss: 0.2830 | Train Acc: 92.55%
Val Loss: 0.6599 | Val Acc: 83.18%

Gradient Chain Statistics:
[PacaGradientChainManager - Gradient Chain Logs]
  Chains Built: True
  Number of Chains: 3
  Current Epoch: 9
  Selected Arms: [2]
  Arm Means: [0.3293333053588867, -0.02541176602244377, 0.1631111055612564]
  Arm Stds: [3.3333334922790527, 2.425356388092041, 3.3333334922790527]
  Arm Observation Counts: [2, 4, 2]
  Last Sampled Values: [1.8759535551071167, 0.7560498118400574, 5.733227729797363]
------------------------------------------------------------
No improvement for 2 epoch(s)

Reward: 0.17% (normalized: 0.02)

Epoch 11/100 | LR: 0.001000 | Time: 214.52s
Train Loss: 0.2896 | Train Acc: 92.51%
Val Loss: 0.6517 | Val Acc: 83.35%

Gradient Chain Statistics:
[PacaGradientChainManager - Gradient Chain Logs]
  Chains Built: True
  Number of Chains: 3
  Current Epoch: 10
  Selected Arms: [0]
  Arm Means: [0.3293333053588867, -0.02541176602244377, 0.11815384030342102]
  Arm Stds: [3.3333334922790527, 2.425356388092041, 2.77350115776062]
  Arm Observation Counts: [2, 4, 3]
  Last Sampled Values: [5.020956993103027, -4.708532333374023, -3.52500581741333]
------------------------------------------------------------
No improvement for 3 epoch(s)

Reward: -0.30% (normalized: -0.03)

Epoch 12/100 | LR: 0.000999 | Time: 214.52s
Train Loss: 0.2584 | Train Acc: 93.15%
Val Loss: 0.6781 | Val Acc: 83.05%

Gradient Chain Statistics:
[PacaGradientChainManager - Gradient Chain Logs]
  Chains Built: True
  Number of Chains: 3
  Current Epoch: 11
  Selected Arms: [2]
  Arm Means: [0.21876920759677887, -0.02541176602244377, 0.11815384030342102]
  Arm Stds: [2.77350115776062, 2.425356388092041, 2.77350115776062]
  Arm Observation Counts: [3, 4, 3]
  Last Sampled Values: [2.800980567932129, 0.033907901495695114, 3.8504910469055176]
------------------------------------------------------------
No improvement for 4 epoch(s)

Reward: -0.47% (normalized: -0.05)

Epoch 13/100 | LR: 0.000997 | Time: 214.25s
Train Loss: 0.2421 | Train Acc: 93.50%
Val Loss: 0.6928 | Val Acc: 82.58%

Gradient Chain Statistics:
[PacaGradientChainManager - Gradient Chain Logs]
  Chains Built: True
  Number of Chains: 3
  Current Epoch: 12
  Selected Arms: [1]
  Arm Means: [0.21876920759677887, -0.02541176602244377, 0.0792941078543663]
  Arm Stds: [2.77350115776062, 2.425356388092041, 2.425356388092041]
  Arm Observation Counts: [3, 4, 4]
  Last Sampled Values: [0.18493247032165527, 0.5260167121887207, -5.79563570022583]
------------------------------------------------------------
No improvement for 5 epoch(s)

Reward: -0.02% (normalized: -0.00)

Epoch 14/100 | LR: 0.000995 | Time: 214.35s
Train Loss: 0.2251 | Train Acc: 94.03%
Val Loss: 0.7213 | Val Acc: 82.56%

Gradient Chain Statistics:
[PacaGradientChainManager - Gradient Chain Logs]
  Chains Built: True
  Number of Chains: 3
  Current Epoch: 13
  Selected Arms: [0]
  Arm Means: [0.21876920759677887, -0.020952381193637848, 0.0792941078543663]
  Arm Stds: [2.77350115776062, 2.1821789741516113, 2.425356388092041]
  Arm Observation Counts: [3, 5, 4]
  Last Sampled Values: [4.370584964752197, -2.1239676475524902, -3.7519283294677734]
------------------------------------------------------------
No improvement for 6 epoch(s)

Reward: -0.04% (normalized: -0.00)

Epoch 15/100 | LR: 0.000992 | Time: 214.28s
Train Loss: 0.2155 | Train Acc: 94.27%
Val Loss: 0.7147 | Val Acc: 82.52%

Gradient Chain Statistics:
[PacaGradientChainManager - Gradient Chain Logs]
  Chains Built: True
  Number of Chains: 3
  Current Epoch: 14
  Selected Arms: [1]
  Arm Means: [0.16635291278362274, -0.020952381193637848, 0.0792941078543663]
  Arm Stds: [2.425356388092041, 2.1821789741516113, 2.425356388092041]
  Arm Observation Counts: [4, 5, 4]
  Last Sampled Values: [-2.7526042461395264, 4.856848239898682, -1.670462965965271]
------------------------------------------------------------
No improvement for 7 epoch(s)

Reward: 0.21% (normalized: 0.02)

Epoch 16/100 | LR: 0.000989 | Time: 214.26s
Train Loss: 0.1905 | Train Acc: 95.07%
Val Loss: 0.7121 | Val Acc: 82.73%

Gradient Chain Statistics:
[PacaGradientChainManager - Gradient Chain Logs]
  Chains Built: True
  Number of Chains: 3
  Current Epoch: 15
  Selected Arms: [2]
  Arm Means: [0.16635291278362274, -0.01423999946564436, 0.0792941078543663]
  Arm Stds: [2.425356388092041, 2.0, 2.425356388092041]
  Arm Observation Counts: [4, 6, 4]
  Last Sampled Values: [-2.2548348903656006, -2.06345796585083, 0.8885927200317383]
------------------------------------------------------------
No improvement for 8 epoch(s)

Reward: -1.22% (normalized: -0.12)

Epoch 17/100 | LR: 0.000985 | Time: 214.40s
Train Loss: 0.2144 | Train Acc: 94.20%
Val Loss: 0.7884 | Val Acc: 81.51%

Gradient Chain Statistics:
[PacaGradientChainManager - Gradient Chain Logs]
  Chains Built: True
  Number of Chains: 3
  Current Epoch: 16
  Selected Arms: [1]
  Arm Means: [0.16635291278362274, -0.01423999946564436, 0.04095236957073212]
  Arm Stds: [2.425356388092041, 2.0, 2.1821789741516113]
  Arm Observation Counts: [4, 6, 5]
  Last Sampled Values: [-2.5044057369232178, 2.242671489715576, -1.7402623891830444]
------------------------------------------------------------
No improvement for 9 epoch(s)

Reward: 0.21% (normalized: 0.02)

Epoch 18/100 | LR: 0.000981 | Time: 214.30s
Train Loss: 0.1943 | Train Acc: 94.89%
Val Loss: 0.7710 | Val Acc: 81.72%

Gradient Chain Statistics:
[PacaGradientChainManager - Gradient Chain Logs]
  Chains Built: True
  Number of Chains: 3
  Current Epoch: 17
  Selected Arms: [0]
  Arm Means: [0.16635291278362274, -0.009379309602081776, 0.04095236957073212]
  Arm Stds: [2.425356388092041, 1.8569533824920654, 2.1821789741516113]
  Arm Observation Counts: [4, 7, 5]
  Last Sampled Values: [4.640946388244629, -1.32677161693573, -3.2355282306671143]
------------------------------------------------------------
No improvement for 10 epoch(s)
Early stopping triggered after 18 epochs.
Total training time: 3844.66 seconds
Average time per epoch: 213.59 seconds

============================================================
Training completed!



Job started at Fri Nov  7 14:44:16 IST 2025
Conda environment: mamba_paca
Python path: /export/home/achyut/miniconda3/envs/mamba_paca/bin/python
PyTorch: 2.4.0+cu121
CUDA available: True
Torchvision: 0.19.0+cu121
Using device: cuda
============================================================
Vision Transformer Fine-tuning on CIFAR-100
Using Gradient Chain Selection
============================================================
Using random seed: 7423

Loading dataset...
Files already downloaded and verified
Files already downloaded and verified
Dataset loaded: 50000 train samples, 10000 val samples
Number of classes: 100

Creating ViT model for 100 classes...

PEFT config: PacaConfig(peft_type=<PeftType.PACA: 'PACA'>, auto_mapping=None, base_model_name_or_path=None, revision=None, task_type=<TaskType.FEATURE_EXTRACTION: 'FEATURE_EXTRACTION'>, inference_mode=False, r=48, target_modules={'out_proj', 'mlp.3', 'mlp.0'}, paca_alpha=96, fan_in_fan_out=False, bias='all', modules_to_save=['head'], layers_to_transform=None, layers_pattern=None, rank_pattern={}, alpha_pattern={}, megatron_config=None, megatron_core='megatron.core', layer_replication=None, gradient_accumulation_steps=1, steps_per_epoch=782, arm_distribution='gradient_chain', num_arms=4, num_arms_to_select=1, ucb_alpha=0.5, use_fixed_indices=False, arm_selection_method='thompson', thompson_distribution='gaussian', thompson_alpha_prior=1.0, thompson_beta_prior=1.0, thompson_gaussian_prior_mean=0.0, thompson_gaussian_prior_std=10.0, thompson_gaussian_noise_std=5.0, gradient_chain_warmup_epochs=2, gradient_chain_num_samples=5)
Total parameters: 149,653,448
Trainable parameters: 2,757,320 (1.84%)
Frozen parameters: 146,896,128 (98.16%)

============================================================
Fine-tuning ViT using Gradient Chain Selection:
============================================================
Calculating initial validation accuracy...
Initial Val Acc: 1.24%

Reward: 0.00% (normalized: 0.00)
Gradient chain warmup: 1/2

Epoch 1/100 | LR: 0.000100 | Time: 211.68s
Train Loss: 4.6847 | Train Acc: 1.05%
Val Loss: 4.6817 | Val Acc: 1.24%

Gradient Chain Statistics:
[PacaGradientChainManager - Gradient Chain Logs]
  Chains Built: False
  Number of Chains: 0
  Current Epoch: 0
  Arm Means: [0.0, 0.0, 0.0, 0.0]
  Arm Stds: [10.0, 10.0, 10.0, 10.0]
  Arm Observation Counts: [0, 0, 0, 0]
------------------------------------------------------------

Reward: 73.70% (normalized: 7.37)

============================================================
Building Gradient Chains...
============================================================
Sampling 5 batches to estimate gradients...
  Batch 1/5 processed
  Batch 2/5 processed
  Batch 3/5 processed
  Batch 4/5 processed
  Batch 5/5 processed

Averaging gradients across batches...

Building 4 gradient chains...

Chain 0: Starting from neuron 25
  Layer 0 (encoder.layers.encoder_layer_0.mlp.0): input_col=25 -> output_neuron=2437 (grad=0.0001)
  Layer 1 (encoder.layers.encoder_layer_0.mlp.3): input_col=37 -> output_neuron=689 (grad=0.0014)
  Warning: No gradients for layer encoder.layers.encoder_layer_1.self_attention.out_proj, skipping
  Layer 3 (encoder.layers.encoder_layer_1.mlp.0): input_col=17 -> output_neuron=170 (grad=0.0011)
  Layer 4 (encoder.layers.encoder_layer_1.mlp.3): input_col=26 -> output_neuron=680 (grad=0.0006)
  Warning: No gradients for layer encoder.layers.encoder_layer_2.self_attention.out_proj, skipping
  Layer 6 (encoder.layers.encoder_layer_2.mlp.0): input_col=8 -> output_neuron=820 (grad=0.0007)
  Layer 7 (encoder.layers.encoder_layer_2.mlp.3): input_col=4 -> output_neuron=143 (grad=0.0014)
  Warning: No gradients for layer encoder.layers.encoder_layer_3.self_attention.out_proj, skipping
  Layer 9 (encoder.layers.encoder_layer_3.mlp.0): input_col=47 -> output_neuron=1679 (grad=0.0000)
  Layer 10 (encoder.layers.encoder_layer_3.mlp.3): input_col=47 -> output_neuron=95 (grad=0.0019)
  Warning: No gradients for layer encoder.layers.encoder_layer_4.self_attention.out_proj, skipping
  Layer 12 (encoder.layers.encoder_layer_4.mlp.0): input_col=47 -> output_neuron=878 (grad=0.0031)
  Layer 13 (encoder.layers.encoder_layer_4.mlp.3): input_col=14 -> output_neuron=741 (grad=0.0023)
  Warning: No gradients for layer encoder.layers.encoder_layer_5.self_attention.out_proj, skipping
  Layer 15 (encoder.layers.encoder_layer_5.mlp.0): input_col=21 -> output_neuron=1038 (grad=0.0064)
  Layer 16 (encoder.layers.encoder_layer_5.mlp.3): input_col=30 -> output_neuron=95 (grad=0.0048)
  Warning: No gradients for layer encoder.layers.encoder_layer_6.self_attention.out_proj, skipping
  Layer 18 (encoder.layers.encoder_layer_6.mlp.0): input_col=47 -> output_neuron=411 (grad=0.0013)
  Layer 19 (encoder.layers.encoder_layer_6.mlp.3): input_col=27 -> output_neuron=95 (grad=0.0021)
  Warning: No gradients for layer encoder.layers.encoder_layer_7.self_attention.out_proj, skipping
  Layer 21 (encoder.layers.encoder_layer_7.mlp.0): input_col=47 -> output_neuron=1864 (grad=0.0012)
  Layer 22 (encoder.layers.encoder_layer_7.mlp.3): input_col=40 -> output_neuron=95 (grad=0.0019)
  Warning: No gradients for layer encoder.layers.encoder_layer_8.self_attention.out_proj, skipping
  Layer 24 (encoder.layers.encoder_layer_8.mlp.0): input_col=47 -> output_neuron=1641 (grad=0.0014)
  Layer 25 (encoder.layers.encoder_layer_8.mlp.3): input_col=9 -> output_neuron=95 (grad=0.0015)
  Warning: No gradients for layer encoder.layers.encoder_layer_9.self_attention.out_proj, skipping
  Layer 27 (encoder.layers.encoder_layer_9.mlp.0): input_col=47 -> output_neuron=2842 (grad=0.0262)
  Layer 28 (encoder.layers.encoder_layer_9.mlp.3): input_col=10 -> output_neuron=271 (grad=0.0022)
  Warning: No gradients for layer encoder.layers.encoder_layer_10.self_attention.out_proj, skipping
  Layer 30 (encoder.layers.encoder_layer_10.mlp.0): input_col=31 -> output_neuron=1307 (grad=0.0183)
  Layer 31 (encoder.layers.encoder_layer_10.mlp.3): input_col=11 -> output_neuron=190 (grad=0.0120)
  Warning: No gradients for layer encoder.layers.encoder_layer_11.self_attention.out_proj, skipping
  Layer 33 (encoder.layers.encoder_layer_11.mlp.0): input_col=46 -> output_neuron=2347 (grad=0.0104)
  Layer 34 (encoder.layers.encoder_layer_11.mlp.3): input_col=43 -> output_neuron=749 (grad=0.0046)

Chain 1: Starting from neuron 4
  Layer 0 (encoder.layers.encoder_layer_0.mlp.0): input_col=4 -> output_neuron=2437 (grad=0.0018)
  Layer 1 (encoder.layers.encoder_layer_0.mlp.3): input_col=37 -> output_neuron=689 (grad=0.0014)
  Warning: No gradients for layer encoder.layers.encoder_layer_1.self_attention.out_proj, skipping
  Layer 3 (encoder.layers.encoder_layer_1.mlp.0): input_col=17 -> output_neuron=170 (grad=0.0011)
  Layer 4 (encoder.layers.encoder_layer_1.mlp.3): input_col=26 -> output_neuron=680 (grad=0.0006)
  Warning: No gradients for layer encoder.layers.encoder_layer_2.self_attention.out_proj, skipping
  Layer 6 (encoder.layers.encoder_layer_2.mlp.0): input_col=8 -> output_neuron=820 (grad=0.0007)
  Layer 7 (encoder.layers.encoder_layer_2.mlp.3): input_col=4 -> output_neuron=143 (grad=0.0014)
  Warning: No gradients for layer encoder.layers.encoder_layer_3.self_attention.out_proj, skipping
  Layer 9 (encoder.layers.encoder_layer_3.mlp.0): input_col=47 -> output_neuron=1679 (grad=0.0000)
  Layer 10 (encoder.layers.encoder_layer_3.mlp.3): input_col=47 -> output_neuron=95 (grad=0.0019)
  Warning: No gradients for layer encoder.layers.encoder_layer_4.self_attention.out_proj, skipping
  Layer 12 (encoder.layers.encoder_layer_4.mlp.0): input_col=47 -> output_neuron=878 (grad=0.0031)
  Layer 13 (encoder.layers.encoder_layer_4.mlp.3): input_col=14 -> output_neuron=741 (grad=0.0023)
  Warning: No gradients for layer encoder.layers.encoder_layer_5.self_attention.out_proj, skipping
  Layer 15 (encoder.layers.encoder_layer_5.mlp.0): input_col=21 -> output_neuron=1038 (grad=0.0064)
  Layer 16 (encoder.layers.encoder_layer_5.mlp.3): input_col=30 -> output_neuron=95 (grad=0.0048)
  Warning: No gradients for layer encoder.layers.encoder_layer_6.self_attention.out_proj, skipping
  Layer 18 (encoder.layers.encoder_layer_6.mlp.0): input_col=47 -> output_neuron=411 (grad=0.0013)
  Layer 19 (encoder.layers.encoder_layer_6.mlp.3): input_col=27 -> output_neuron=95 (grad=0.0021)
  Warning: No gradients for layer encoder.layers.encoder_layer_7.self_attention.out_proj, skipping
  Layer 21 (encoder.layers.encoder_layer_7.mlp.0): input_col=47 -> output_neuron=1864 (grad=0.0012)
  Layer 22 (encoder.layers.encoder_layer_7.mlp.3): input_col=40 -> output_neuron=95 (grad=0.0019)
  Warning: No gradients for layer encoder.layers.encoder_layer_8.self_attention.out_proj, skipping
  Layer 24 (encoder.layers.encoder_layer_8.mlp.0): input_col=47 -> output_neuron=1641 (grad=0.0014)
  Layer 25 (encoder.layers.encoder_layer_8.mlp.3): input_col=9 -> output_neuron=95 (grad=0.0015)
  Warning: No gradients for layer encoder.layers.encoder_layer_9.self_attention.out_proj, skipping
  Layer 27 (encoder.layers.encoder_layer_9.mlp.0): input_col=47 -> output_neuron=2842 (grad=0.0262)
  Layer 28 (encoder.layers.encoder_layer_9.mlp.3): input_col=10 -> output_neuron=271 (grad=0.0022)
  Warning: No gradients for layer encoder.layers.encoder_layer_10.self_attention.out_proj, skipping
  Layer 30 (encoder.layers.encoder_layer_10.mlp.0): input_col=31 -> output_neuron=1307 (grad=0.0183)
  Layer 31 (encoder.layers.encoder_layer_10.mlp.3): input_col=11 -> output_neuron=190 (grad=0.0120)
  Warning: No gradients for layer encoder.layers.encoder_layer_11.self_attention.out_proj, skipping
  Layer 33 (encoder.layers.encoder_layer_11.mlp.0): input_col=46 -> output_neuron=2347 (grad=0.0104)
  Layer 34 (encoder.layers.encoder_layer_11.mlp.3): input_col=43 -> output_neuron=749 (grad=0.0046)

Chain 2: Starting from neuron 14
  Layer 0 (encoder.layers.encoder_layer_0.mlp.0): input_col=14 -> output_neuron=2437 (grad=0.0003)
  Layer 1 (encoder.layers.encoder_layer_0.mlp.3): input_col=37 -> output_neuron=689 (grad=0.0014)
  Warning: No gradients for layer encoder.layers.encoder_layer_1.self_attention.out_proj, skipping
  Layer 3 (encoder.layers.encoder_layer_1.mlp.0): input_col=17 -> output_neuron=170 (grad=0.0011)
  Layer 4 (encoder.layers.encoder_layer_1.mlp.3): input_col=26 -> output_neuron=680 (grad=0.0006)
  Warning: No gradients for layer encoder.layers.encoder_layer_2.self_attention.out_proj, skipping
  Layer 6 (encoder.layers.encoder_layer_2.mlp.0): input_col=8 -> output_neuron=820 (grad=0.0007)
  Layer 7 (encoder.layers.encoder_layer_2.mlp.3): input_col=4 -> output_neuron=143 (grad=0.0014)
  Warning: No gradients for layer encoder.layers.encoder_layer_3.self_attention.out_proj, skipping
  Layer 9 (encoder.layers.encoder_layer_3.mlp.0): input_col=47 -> output_neuron=1679 (grad=0.0000)
  Layer 10 (encoder.layers.encoder_layer_3.mlp.3): input_col=47 -> output_neuron=95 (grad=0.0019)
  Warning: No gradients for layer encoder.layers.encoder_layer_4.self_attention.out_proj, skipping
  Layer 12 (encoder.layers.encoder_layer_4.mlp.0): input_col=47 -> output_neuron=878 (grad=0.0031)
  Layer 13 (encoder.layers.encoder_layer_4.mlp.3): input_col=14 -> output_neuron=741 (grad=0.0023)
  Warning: No gradients for layer encoder.layers.encoder_layer_5.self_attention.out_proj, skipping
  Layer 15 (encoder.layers.encoder_layer_5.mlp.0): input_col=21 -> output_neuron=1038 (grad=0.0064)
  Layer 16 (encoder.layers.encoder_layer_5.mlp.3): input_col=30 -> output_neuron=95 (grad=0.0048)
  Warning: No gradients for layer encoder.layers.encoder_layer_6.self_attention.out_proj, skipping
  Layer 18 (encoder.layers.encoder_layer_6.mlp.0): input_col=47 -> output_neuron=411 (grad=0.0013)
  Layer 19 (encoder.layers.encoder_layer_6.mlp.3): input_col=27 -> output_neuron=95 (grad=0.0021)
  Warning: No gradients for layer encoder.layers.encoder_layer_7.self_attention.out_proj, skipping
  Layer 21 (encoder.layers.encoder_layer_7.mlp.0): input_col=47 -> output_neuron=1864 (grad=0.0012)
  Layer 22 (encoder.layers.encoder_layer_7.mlp.3): input_col=40 -> output_neuron=95 (grad=0.0019)
  Warning: No gradients for layer encoder.layers.encoder_layer_8.self_attention.out_proj, skipping
  Layer 24 (encoder.layers.encoder_layer_8.mlp.0): input_col=47 -> output_neuron=1641 (grad=0.0014)
  Layer 25 (encoder.layers.encoder_layer_8.mlp.3): input_col=9 -> output_neuron=95 (grad=0.0015)
  Warning: No gradients for layer encoder.layers.encoder_layer_9.self_attention.out_proj, skipping
  Layer 27 (encoder.layers.encoder_layer_9.mlp.0): input_col=47 -> output_neuron=2842 (grad=0.0262)
  Layer 28 (encoder.layers.encoder_layer_9.mlp.3): input_col=10 -> output_neuron=271 (grad=0.0022)
  Warning: No gradients for layer encoder.layers.encoder_layer_10.self_attention.out_proj, skipping
  Layer 30 (encoder.layers.encoder_layer_10.mlp.0): input_col=31 -> output_neuron=1307 (grad=0.0183)
  Layer 31 (encoder.layers.encoder_layer_10.mlp.3): input_col=11 -> output_neuron=190 (grad=0.0120)
  Warning: No gradients for layer encoder.layers.encoder_layer_11.self_attention.out_proj, skipping
  Layer 33 (encoder.layers.encoder_layer_11.mlp.0): input_col=46 -> output_neuron=2347 (grad=0.0104)
  Layer 34 (encoder.layers.encoder_layer_11.mlp.3): input_col=43 -> output_neuron=749 (grad=0.0046)

Chain 3: Starting from neuron 47
  Layer 0 (encoder.layers.encoder_layer_0.mlp.0): input_col=47 -> output_neuron=2437 (grad=0.0002)
  Layer 1 (encoder.layers.encoder_layer_0.mlp.3): input_col=37 -> output_neuron=689 (grad=0.0014)
  Warning: No gradients for layer encoder.layers.encoder_layer_1.self_attention.out_proj, skipping
  Layer 3 (encoder.layers.encoder_layer_1.mlp.0): input_col=17 -> output_neuron=170 (grad=0.0011)
  Layer 4 (encoder.layers.encoder_layer_1.mlp.3): input_col=26 -> output_neuron=680 (grad=0.0006)
  Warning: No gradients for layer encoder.layers.encoder_layer_2.self_attention.out_proj, skipping
  Layer 6 (encoder.layers.encoder_layer_2.mlp.0): input_col=8 -> output_neuron=820 (grad=0.0007)
  Layer 7 (encoder.layers.encoder_layer_2.mlp.3): input_col=4 -> output_neuron=143 (grad=0.0014)
  Warning: No gradients for layer encoder.layers.encoder_layer_3.self_attention.out_proj, skipping
  Layer 9 (encoder.layers.encoder_layer_3.mlp.0): input_col=47 -> output_neuron=1679 (grad=0.0000)
  Layer 10 (encoder.layers.encoder_layer_3.mlp.3): input_col=47 -> output_neuron=95 (grad=0.0019)
  Warning: No gradients for layer encoder.layers.encoder_layer_4.self_attention.out_proj, skipping
  Layer 12 (encoder.layers.encoder_layer_4.mlp.0): input_col=47 -> output_neuron=878 (grad=0.0031)
  Layer 13 (encoder.layers.encoder_layer_4.mlp.3): input_col=14 -> output_neuron=741 (grad=0.0023)
  Warning: No gradients for layer encoder.layers.encoder_layer_5.self_attention.out_proj, skipping
  Layer 15 (encoder.layers.encoder_layer_5.mlp.0): input_col=21 -> output_neuron=1038 (grad=0.0064)
  Layer 16 (encoder.layers.encoder_layer_5.mlp.3): input_col=30 -> output_neuron=95 (grad=0.0048)
  Warning: No gradients for layer encoder.layers.encoder_layer_6.self_attention.out_proj, skipping
  Layer 18 (encoder.layers.encoder_layer_6.mlp.0): input_col=47 -> output_neuron=411 (grad=0.0013)
  Layer 19 (encoder.layers.encoder_layer_6.mlp.3): input_col=27 -> output_neuron=95 (grad=0.0021)
  Warning: No gradients for layer encoder.layers.encoder_layer_7.self_attention.out_proj, skipping
  Layer 21 (encoder.layers.encoder_layer_7.mlp.0): input_col=47 -> output_neuron=1864 (grad=0.0012)
  Layer 22 (encoder.layers.encoder_layer_7.mlp.3): input_col=40 -> output_neuron=95 (grad=0.0019)
  Warning: No gradients for layer encoder.layers.encoder_layer_8.self_attention.out_proj, skipping
  Layer 24 (encoder.layers.encoder_layer_8.mlp.0): input_col=47 -> output_neuron=1641 (grad=0.0014)
  Layer 25 (encoder.layers.encoder_layer_8.mlp.3): input_col=9 -> output_neuron=95 (grad=0.0015)
  Warning: No gradients for layer encoder.layers.encoder_layer_9.self_attention.out_proj, skipping
  Layer 27 (encoder.layers.encoder_layer_9.mlp.0): input_col=47 -> output_neuron=2842 (grad=0.0262)
  Layer 28 (encoder.layers.encoder_layer_9.mlp.3): input_col=10 -> output_neuron=271 (grad=0.0022)
  Warning: No gradients for layer encoder.layers.encoder_layer_10.self_attention.out_proj, skipping
  Layer 30 (encoder.layers.encoder_layer_10.mlp.0): input_col=31 -> output_neuron=1307 (grad=0.0183)
  Layer 31 (encoder.layers.encoder_layer_10.mlp.3): input_col=11 -> output_neuron=190 (grad=0.0120)
  Warning: No gradients for layer encoder.layers.encoder_layer_11.self_attention.out_proj, skipping
  Layer 33 (encoder.layers.encoder_layer_11.mlp.0): input_col=46 -> output_neuron=2347 (grad=0.0104)
  Layer 34 (encoder.layers.encoder_layer_11.mlp.3): input_col=43 -> output_neuron=749 (grad=0.0046)

============================================================
✓ Successfully built 4 gradient chains
============================================================

Epoch 2/100 | LR: 0.000200 | Time: 214.22s
Train Loss: 2.3948 | Train Acc: 53.13%
Val Loss: 1.2625 | Val Acc: 74.94%

Gradient Chain Statistics:
[PacaGradientChainManager - Gradient Chain Logs]
  Chains Built: True
  Number of Chains: 4
  Current Epoch: 1
  Selected Arms: [3]
  Arm Means: [0.0, 0.0, 0.0, 0.0]
  Arm Stds: [10.0, 10.0, 10.0, 10.0]
  Arm Observation Counts: [0, 0, 0, 0]
  Last Sampled Values: [8.131638526916504, -7.520026206970215, -7.8988447189331055, 22.661685943603516]
------------------------------------------------------------

Reward: 7.25% (normalized: 0.72)

Epoch 3/100 | LR: 0.000300 | Time: 213.05s
Train Loss: 0.9359 | Train Acc: 80.44%
Val Loss: 0.7761 | Val Acc: 82.19%

Gradient Chain Statistics:
[PacaGradientChainManager - Gradient Chain Logs]
  Chains Built: True
  Number of Chains: 4
  Current Epoch: 2
  Selected Arms: [2]
  Arm Means: [0.0, 0.0, 0.0, 0.5799999833106995]
  Arm Stds: [10.0, 10.0, 10.0, 4.4721360206604]
  Arm Observation Counts: [0, 0, 0, 1]
  Last Sampled Values: [-1.7770220041275024, -9.795133590698242, 18.736736297607422, -6.075527191162109]
------------------------------------------------------------

Reward: 2.20% (normalized: 0.22)

Epoch 4/100 | LR: 0.000400 | Time: 212.97s
Train Loss: 0.5979 | Train Acc: 86.30%
Val Loss: 0.6250 | Val Acc: 84.39%

Gradient Chain Statistics:
[PacaGradientChainManager - Gradient Chain Logs]
  Chains Built: True
  Number of Chains: 4
  Current Epoch: 3
  Selected Arms: [0]
  Arm Means: [0.0, 0.0, 0.17599999904632568, 0.5799999833106995]
  Arm Stds: [10.0, 10.0, 4.4721360206604, 4.4721360206604]
  Arm Observation Counts: [0, 0, 1, 1]
  Last Sampled Values: [4.292720794677734, 1.339868187904358, -4.394010543823242, -6.370088577270508]
------------------------------------------------------------

Reward: 0.27% (normalized: 0.03)

Epoch 5/100 | LR: 0.000500 | Time: 212.87s
Train Loss: 0.4230 | Train Acc: 89.77%
Val Loss: 0.5756 | Val Acc: 84.66%

Gradient Chain Statistics:
[PacaGradientChainManager - Gradient Chain Logs]
  Chains Built: True
  Number of Chains: 4
  Current Epoch: 4
  Selected Arms: [3]
  Arm Means: [0.02160000056028366, 0.0, 0.17599999904632568, 0.5799999833106995]
  Arm Stds: [4.4721360206604, 10.0, 4.4721360206604, 4.4721360206604]
  Arm Observation Counts: [1, 0, 1, 1]
  Last Sampled Values: [0.4929838180541992, -9.116783142089844, 1.2192171812057495, 6.991685390472412]
------------------------------------------------------------

Reward: 0.05% (normalized: 0.00)

Epoch 6/100 | LR: 0.000600 | Time: 213.03s
Train Loss: 0.3362 | Train Acc: 91.71%
Val Loss: 0.5760 | Val Acc: 84.71%

Gradient Chain Statistics:
[PacaGradientChainManager - Gradient Chain Logs]
  Chains Built: True
  Number of Chains: 4
  Current Epoch: 5
  Selected Arms: [1]
  Arm Means: [0.02160000056028366, 0.0, 0.17599999904632568, 0.324444442987442]
  Arm Stds: [4.4721360206604, 10.0, 4.4721360206604, 3.3333334922790527]
  Arm Observation Counts: [1, 0, 1, 2]
  Last Sampled Values: [-4.500789165496826, 21.614852905273438, 3.87186861038208, 7.336616516113281]
------------------------------------------------------------
No improvement for 1 epoch(s)

Reward: 0.43% (normalized: 0.04)

Epoch 7/100 | LR: 0.000700 | Time: 213.09s
Train Loss: 0.2737 | Train Acc: 93.21%
Val Loss: 0.5675 | Val Acc: 85.14%

Gradient Chain Statistics:
[PacaGradientChainManager - Gradient Chain Logs]
  Chains Built: True
  Number of Chains: 4
  Current Epoch: 6
  Selected Arms: [0]
  Arm Means: [0.02160000056028366, 0.03440000116825104, 0.17599999904632568, 0.324444442987442]
  Arm Stds: [4.4721360206604, 4.4721360206604, 4.4721360206604, 3.3333334922790527]
  Arm Observation Counts: [1, 1, 1, 2]
  Last Sampled Values: [-2.7933807373046875, -4.518302917480469, -3.771697521209717, -3.2885539531707764]
------------------------------------------------------------

Reward: -0.83% (normalized: -0.08)

Epoch 8/100 | LR: 0.000800 | Time: 212.99s
Train Loss: 0.2552 | Train Acc: 93.39%
Val Loss: 0.6025 | Val Acc: 84.31%

Gradient Chain Statistics:
[PacaGradientChainManager - Gradient Chain Logs]
  Chains Built: True
  Number of Chains: 4
  Current Epoch: 7
  Selected Arms: [1]
  Arm Means: [-0.024888889864087105, 0.03440000116825104, 0.17599999904632568, 0.324444442987442]
  Arm Stds: [3.3333334922790527, 4.4721360206604, 4.4721360206604, 3.3333334922790527]
  Arm Observation Counts: [2, 1, 1, 2]
  Last Sampled Values: [-0.6303333044052124, 3.7217273712158203, 0.5694282054901123, 2.7506814002990723]
------------------------------------------------------------
No improvement for 1 epoch(s)

Reward: 0.16% (normalized: 0.02)

Epoch 9/100 | LR: 0.000900 | Time: 213.06s
Train Loss: 0.2536 | Train Acc: 93.25%
Val Loss: 0.6051 | Val Acc: 84.47%

Gradient Chain Statistics:
[PacaGradientChainManager - Gradient Chain Logs]
  Chains Built: True
  Number of Chains: 4
  Current Epoch: 8
  Selected Arms: [2]
  Arm Means: [-0.024888889864087105, 0.026222223415970802, 0.17599999904632568, 0.324444442987442]
  Arm Stds: [3.3333334922790527, 3.3333334922790527, 4.4721360206604, 3.3333334922790527]
  Arm Observation Counts: [2, 2, 1, 2]
  Last Sampled Values: [3.789167881011963, -0.15885686874389648, 9.438705444335938, 1.8969409465789795]
------------------------------------------------------------
No improvement for 2 epoch(s)

Reward: -0.64% (normalized: -0.06)

Epoch 10/100 | LR: 0.001000 | Time: 212.91s
Train Loss: 0.2403 | Train Acc: 93.58%
Val Loss: 0.6411 | Val Acc: 83.83%

Gradient Chain Statistics:
[PacaGradientChainManager - Gradient Chain Logs]
  Chains Built: True
  Number of Chains: 4
  Current Epoch: 9
  Selected Arms: [3]
  Arm Means: [-0.024888889864087105, 0.026222223415970802, 0.06933332979679108, 0.324444442987442]
  Arm Stds: [3.3333334922790527, 3.3333334922790527, 3.3333334922790527, 3.3333334922790527]
  Arm Observation Counts: [2, 2, 2, 2]
  Last Sampled Values: [-5.874141216278076, -2.9178662300109863, -2.120450973510742, -1.7936352491378784]
------------------------------------------------------------
No improvement for 3 epoch(s)

Reward: -0.62% (normalized: -0.06)

Epoch 11/100 | LR: 0.001000 | Time: 214.23s
Train Loss: 0.2495 | Train Acc: 93.29%
Val Loss: 0.6620 | Val Acc: 83.21%

Gradient Chain Statistics:
[PacaGradientChainManager - Gradient Chain Logs]
  Chains Built: True
  Number of Chains: 4
  Current Epoch: 10
  Selected Arms: [2]
  Arm Means: [-0.024888889864087105, 0.026222223415970802, 0.06933332979679108, 0.20553845167160034]
  Arm Stds: [3.3333334922790527, 3.3333334922790527, 3.3333334922790527, 2.77350115776062]
  Arm Observation Counts: [2, 2, 2, 3]
  Last Sampled Values: [-0.2873198091983795, 0.6343386769294739, 1.521422266960144, -1.2588326930999756]
------------------------------------------------------------
No improvement for 4 epoch(s)

Reward: 0.26% (normalized: 0.03)

Epoch 12/100 | LR: 0.000999 | Time: 214.36s
Train Loss: 0.2352 | Train Acc: 93.63%
Val Loss: 0.6579 | Val Acc: 83.47%

Gradient Chain Statistics:
[PacaGradientChainManager - Gradient Chain Logs]
  Chains Built: True
  Number of Chains: 4
  Current Epoch: 11
  Selected Arms: [1]
  Arm Means: [-0.024888889864087105, 0.026222223415970802, 0.0559999980032444, 0.20553845167160034]
  Arm Stds: [3.3333334922790527, 3.3333334922790527, 2.77350115776062, 2.77350115776062]
  Arm Observation Counts: [2, 2, 3, 3]
  Last Sampled Values: [0.5506718158721924, 1.8474456071853638, 1.312820315361023, -0.8230294585227966]
------------------------------------------------------------
No improvement for 5 epoch(s)

Reward: 0.07% (normalized: 0.01)

Epoch 13/100 | LR: 0.000997 | Time: 214.26s
Train Loss: 0.2405 | Train Acc: 93.55%
Val Loss: 0.6609 | Val Acc: 83.54%

Gradient Chain Statistics:
[PacaGradientChainManager - Gradient Chain Logs]
  Chains Built: True
  Number of Chains: 4
  Current Epoch: 12
  Selected Arms: [2]
  Arm Means: [-0.024888889864087105, 0.020307693630456924, 0.0559999980032444, 0.20553845167160034]
  Arm Stds: [3.3333334922790527, 2.77350115776062, 2.77350115776062, 2.77350115776062]
  Arm Observation Counts: [2, 3, 3, 3]
  Last Sampled Values: [-5.631856441497803, -0.5719112157821655, 0.4281119108200073, -5.21872091293335]
------------------------------------------------------------
No improvement for 6 epoch(s)

Reward: -1.05% (normalized: -0.11)

Epoch 14/100 | LR: 0.000995 | Time: 214.51s
Train Loss: 0.2287 | Train Acc: 93.72%
Val Loss: 0.6996 | Val Acc: 82.49%

Gradient Chain Statistics:
[PacaGradientChainManager - Gradient Chain Logs]
  Chains Built: True
  Number of Chains: 4
  Current Epoch: 13
  Selected Arms: [1]
  Arm Means: [-0.024888889864087105, 0.020307693630456924, 0.018117642030119896, 0.20553845167160034]
  Arm Stds: [3.3333334922790527, 2.77350115776062, 2.425356388092041, 2.77350115776062]
  Arm Observation Counts: [2, 3, 4, 3]
  Last Sampled Values: [-1.3097705841064453, 1.5660065412521362, -4.508578300476074, -1.1924567222595215]
------------------------------------------------------------
No improvement for 7 epoch(s)
Early stopping triggered after 14 epochs.
Total training time: 2987.24 seconds
Average time per epoch: 213.37 seconds

============================================================
Training completed!
============================================================
Using device: cuda
============================================================
Vision Transformer Fine-tuning on CIFAR-100
Using Gradient Chain Selection
============================================================
Using random seed: 2587

Loading dataset...
Files already downloaded and verified
Files already downloaded and verified
Dataset loaded: 50000 train samples, 10000 val samples
Number of classes: 100

Creating ViT model for 100 classes...

PEFT config: PacaConfig(peft_type=<PeftType.PACA: 'PACA'>, auto_mapping=None, base_model_name_or_path=None, revision=None, task_type=<TaskType.FEATURE_EXTRACTION: 'FEATURE_EXTRACTION'>, inference_mode=False, r=48, target_modules={'mlp.0', 'out_proj', 'mlp.3'}, paca_alpha=96, fan_in_fan_out=False, bias='all', modules_to_save=['head'], layers_to_transform=None, layers_pattern=None, rank_pattern={}, alpha_pattern={}, megatron_config=None, megatron_core='megatron.core', layer_replication=None, gradient_accumulation_steps=1, steps_per_epoch=782, arm_distribution='gradient_chain', num_arms=5, num_arms_to_select=1, ucb_alpha=0.5, use_fixed_indices=False, arm_selection_method='thompson', thompson_distribution='gaussian', thompson_alpha_prior=1.0, thompson_beta_prior=1.0, thompson_gaussian_prior_mean=0.0, thompson_gaussian_prior_std=10.0, thompson_gaussian_noise_std=5.0, gradient_chain_warmup_epochs=2, gradient_chain_num_samples=5)
Total parameters: 149,653,448
Trainable parameters: 2,757,320 (1.84%)
Frozen parameters: 146,896,128 (98.16%)

============================================================
Fine-tuning ViT using Gradient Chain Selection:
============================================================
Calculating initial validation accuracy...
Initial Val Acc: 0.96%

Reward: 0.00% (normalized: 0.00)
Gradient chain warmup: 1/2

Epoch 1/100 | LR: 0.000100 | Time: 212.64s
Train Loss: 4.6688 | Train Acc: 1.00%
Val Loss: 4.6665 | Val Acc: 0.96%

Gradient Chain Statistics:
[PacaGradientChainManager - Gradient Chain Logs]
  Chains Built: False
  Number of Chains: 0
  Current Epoch: 0
  Arm Means: [0.0, 0.0, 0.0, 0.0, 0.0]
  Arm Stds: [10.0, 10.0, 10.0, 10.0, 10.0]
  Arm Observation Counts: [0, 0, 0, 0, 0]
------------------------------------------------------------

Reward: 73.21% (normalized: 7.32)

============================================================
Building Gradient Chains...
============================================================
Sampling 5 batches to estimate gradients...
  Batch 1/5 processed
  Batch 2/5 processed
  Batch 3/5 processed
  Batch 4/5 processed
  Batch 5/5 processed

Averaging gradients across batches...

Building 5 gradient chains...

Chain 0: Starting from neuron 28
  Layer 0 (encoder.layers.encoder_layer_0.mlp.0): input_col=28 -> output_neuron=1387 (grad=0.0000)
  Layer 1 (encoder.layers.encoder_layer_0.mlp.3): input_col=43 -> output_neuron=571 (grad=0.0026)
  Warning: No gradients for layer encoder.layers.encoder_layer_1.self_attention.out_proj, skipping
  Layer 3 (encoder.layers.encoder_layer_1.mlp.0): input_col=43 -> output_neuron=2627 (grad=0.0001)
  Layer 4 (encoder.layers.encoder_layer_1.mlp.3): input_col=35 -> output_neuron=679 (grad=0.0000)
  Warning: No gradients for layer encoder.layers.encoder_layer_2.self_attention.out_proj, skipping
  Layer 6 (encoder.layers.encoder_layer_2.mlp.0): input_col=7 -> output_neuron=1713 (grad=0.0001)
  Layer 7 (encoder.layers.encoder_layer_2.mlp.3): input_col=33 -> output_neuron=571 (grad=0.0020)
  Warning: No gradients for layer encoder.layers.encoder_layer_3.self_attention.out_proj, skipping
  Layer 9 (encoder.layers.encoder_layer_3.mlp.0): input_col=43 -> output_neuron=1962 (grad=0.0012)
  Layer 10 (encoder.layers.encoder_layer_3.mlp.3): input_col=42 -> output_neuron=656 (grad=0.0007)
  Warning: No gradients for layer encoder.layers.encoder_layer_4.self_attention.out_proj, skipping
  Layer 12 (encoder.layers.encoder_layer_4.mlp.0): input_col=32 -> output_neuron=1348 (grad=0.0026)
  Layer 13 (encoder.layers.encoder_layer_4.mlp.3): input_col=4 -> output_neuron=52 (grad=0.0021)
  Warning: No gradients for layer encoder.layers.encoder_layer_5.self_attention.out_proj, skipping
  Layer 15 (encoder.layers.encoder_layer_5.mlp.0): input_col=4 -> output_neuron=2726 (grad=0.0005)
  Layer 16 (encoder.layers.encoder_layer_5.mlp.3): input_col=38 -> output_neuron=527 (grad=0.0010)
  Warning: No gradients for layer encoder.layers.encoder_layer_6.self_attention.out_proj, skipping
  Layer 18 (encoder.layers.encoder_layer_6.mlp.0): input_col=47 -> output_neuron=24 (grad=0.0011)
  Layer 19 (encoder.layers.encoder_layer_6.mlp.3): input_col=24 -> output_neuron=364 (grad=0.0013)
  Warning: No gradients for layer encoder.layers.encoder_layer_7.self_attention.out_proj, skipping
  Layer 21 (encoder.layers.encoder_layer_7.mlp.0): input_col=28 -> output_neuron=1168 (grad=0.0013)
  Layer 22 (encoder.layers.encoder_layer_7.mlp.3): input_col=16 -> output_neuron=571 (grad=0.0012)
  Warning: No gradients for layer encoder.layers.encoder_layer_8.self_attention.out_proj, skipping
  Layer 24 (encoder.layers.encoder_layer_8.mlp.0): input_col=43 -> output_neuron=1706 (grad=0.0036)
  Layer 25 (encoder.layers.encoder_layer_8.mlp.3): input_col=26 -> output_neuron=571 (grad=0.0018)
  Warning: No gradients for layer encoder.layers.encoder_layer_9.self_attention.out_proj, skipping
  Layer 27 (encoder.layers.encoder_layer_9.mlp.0): input_col=43 -> output_neuron=1564 (grad=0.0188)
  Layer 28 (encoder.layers.encoder_layer_9.mlp.3): input_col=28 -> output_neuron=52 (grad=0.0124)
  Warning: No gradients for layer encoder.layers.encoder_layer_10.self_attention.out_proj, skipping
  Layer 30 (encoder.layers.encoder_layer_10.mlp.0): input_col=4 -> output_neuron=1806 (grad=0.0298)
  Layer 31 (encoder.layers.encoder_layer_10.mlp.3): input_col=30 -> output_neuron=282 (grad=0.0041)
  Warning: No gradients for layer encoder.layers.encoder_layer_11.self_attention.out_proj, skipping
  Layer 33 (encoder.layers.encoder_layer_11.mlp.0): input_col=42 -> output_neuron=874 (grad=0.0105)
  Layer 34 (encoder.layers.encoder_layer_11.mlp.3): input_col=10 -> output_neuron=282 (grad=0.0054)

Chain 1: Starting from neuron 22
  Layer 0 (encoder.layers.encoder_layer_0.mlp.0): input_col=22 -> output_neuron=1064 (grad=0.0001)
  Layer 1 (encoder.layers.encoder_layer_0.mlp.3): input_col=8 -> output_neuron=52 (grad=0.0018)
  Warning: No gradients for layer encoder.layers.encoder_layer_1.self_attention.out_proj, skipping
  Layer 3 (encoder.layers.encoder_layer_1.mlp.0): input_col=4 -> output_neuron=3045 (grad=0.0003)
  Layer 4 (encoder.layers.encoder_layer_1.mlp.3): input_col=21 -> output_neuron=571 (grad=0.0019)
  Warning: No gradients for layer encoder.layers.encoder_layer_2.self_attention.out_proj, skipping
  Layer 6 (encoder.layers.encoder_layer_2.mlp.0): input_col=43 -> output_neuron=1713 (grad=0.0013)
  Layer 7 (encoder.layers.encoder_layer_2.mlp.3): input_col=33 -> output_neuron=571 (grad=0.0020)
  Warning: No gradients for layer encoder.layers.encoder_layer_3.self_attention.out_proj, skipping
  Layer 9 (encoder.layers.encoder_layer_3.mlp.0): input_col=43 -> output_neuron=1962 (grad=0.0012)
  Layer 10 (encoder.layers.encoder_layer_3.mlp.3): input_col=42 -> output_neuron=656 (grad=0.0007)
  Warning: No gradients for layer encoder.layers.encoder_layer_4.self_attention.out_proj, skipping
  Layer 12 (encoder.layers.encoder_layer_4.mlp.0): input_col=32 -> output_neuron=1348 (grad=0.0026)
  Layer 13 (encoder.layers.encoder_layer_4.mlp.3): input_col=4 -> output_neuron=52 (grad=0.0021)
  Warning: No gradients for layer encoder.layers.encoder_layer_5.self_attention.out_proj, skipping
  Layer 15 (encoder.layers.encoder_layer_5.mlp.0): input_col=4 -> output_neuron=2726 (grad=0.0005)
  Layer 16 (encoder.layers.encoder_layer_5.mlp.3): input_col=38 -> output_neuron=527 (grad=0.0010)
  Warning: No gradients for layer encoder.layers.encoder_layer_6.self_attention.out_proj, skipping
  Layer 18 (encoder.layers.encoder_layer_6.mlp.0): input_col=47 -> output_neuron=24 (grad=0.0011)
  Layer 19 (encoder.layers.encoder_layer_6.mlp.3): input_col=24 -> output_neuron=364 (grad=0.0013)
  Warning: No gradients for layer encoder.layers.encoder_layer_7.self_attention.out_proj, skipping
  Layer 21 (encoder.layers.encoder_layer_7.mlp.0): input_col=28 -> output_neuron=1168 (grad=0.0013)
  Layer 22 (encoder.layers.encoder_layer_7.mlp.3): input_col=16 -> output_neuron=571 (grad=0.0012)
  Warning: No gradients for layer encoder.layers.encoder_layer_8.self_attention.out_proj, skipping
  Layer 24 (encoder.layers.encoder_layer_8.mlp.0): input_col=43 -> output_neuron=1706 (grad=0.0036)
  Layer 25 (encoder.layers.encoder_layer_8.mlp.3): input_col=26 -> output_neuron=571 (grad=0.0018)
  Warning: No gradients for layer encoder.layers.encoder_layer_9.self_attention.out_proj, skipping
  Layer 27 (encoder.layers.encoder_layer_9.mlp.0): input_col=43 -> output_neuron=1564 (grad=0.0188)
  Layer 28 (encoder.layers.encoder_layer_9.mlp.3): input_col=28 -> output_neuron=52 (grad=0.0124)
  Warning: No gradients for layer encoder.layers.encoder_layer_10.self_attention.out_proj, skipping
  Layer 30 (encoder.layers.encoder_layer_10.mlp.0): input_col=4 -> output_neuron=1806 (grad=0.0298)
  Layer 31 (encoder.layers.encoder_layer_10.mlp.3): input_col=30 -> output_neuron=282 (grad=0.0041)
  Warning: No gradients for layer encoder.layers.encoder_layer_11.self_attention.out_proj, skipping
  Layer 33 (encoder.layers.encoder_layer_11.mlp.0): input_col=42 -> output_neuron=874 (grad=0.0105)
  Layer 34 (encoder.layers.encoder_layer_11.mlp.3): input_col=10 -> output_neuron=282 (grad=0.0054)

Chain 2: Starting from neuron 42
  Layer 0 (encoder.layers.encoder_layer_0.mlp.0): input_col=42 -> output_neuron=1387 (grad=0.0001)
  Layer 1 (encoder.layers.encoder_layer_0.mlp.3): input_col=43 -> output_neuron=571 (grad=0.0026)
  Warning: No gradients for layer encoder.layers.encoder_layer_1.self_attention.out_proj, skipping
  Layer 3 (encoder.layers.encoder_layer_1.mlp.0): input_col=43 -> output_neuron=2627 (grad=0.0001)
  Layer 4 (encoder.layers.encoder_layer_1.mlp.3): input_col=35 -> output_neuron=679 (grad=0.0000)
  Warning: No gradients for layer encoder.layers.encoder_layer_2.self_attention.out_proj, skipping
  Layer 6 (encoder.layers.encoder_layer_2.mlp.0): input_col=7 -> output_neuron=1713 (grad=0.0001)
  Layer 7 (encoder.layers.encoder_layer_2.mlp.3): input_col=33 -> output_neuron=571 (grad=0.0020)
  Warning: No gradients for layer encoder.layers.encoder_layer_3.self_attention.out_proj, skipping
  Layer 9 (encoder.layers.encoder_layer_3.mlp.0): input_col=43 -> output_neuron=1962 (grad=0.0012)
  Layer 10 (encoder.layers.encoder_layer_3.mlp.3): input_col=42 -> output_neuron=656 (grad=0.0007)
  Warning: No gradients for layer encoder.layers.encoder_layer_4.self_attention.out_proj, skipping
  Layer 12 (encoder.layers.encoder_layer_4.mlp.0): input_col=32 -> output_neuron=1348 (grad=0.0026)
  Layer 13 (encoder.layers.encoder_layer_4.mlp.3): input_col=4 -> output_neuron=52 (grad=0.0021)
  Warning: No gradients for layer encoder.layers.encoder_layer_5.self_attention.out_proj, skipping
  Layer 15 (encoder.layers.encoder_layer_5.mlp.0): input_col=4 -> output_neuron=2726 (grad=0.0005)
  Layer 16 (encoder.layers.encoder_layer_5.mlp.3): input_col=38 -> output_neuron=527 (grad=0.0010)
  Warning: No gradients for layer encoder.layers.encoder_layer_6.self_attention.out_proj, skipping
  Layer 18 (encoder.layers.encoder_layer_6.mlp.0): input_col=47 -> output_neuron=24 (grad=0.0011)
  Layer 19 (encoder.layers.encoder_layer_6.mlp.3): input_col=24 -> output_neuron=364 (grad=0.0013)
  Warning: No gradients for layer encoder.layers.encoder_layer_7.self_attention.out_proj, skipping
  Layer 21 (encoder.layers.encoder_layer_7.mlp.0): input_col=28 -> output_neuron=1168 (grad=0.0013)
  Layer 22 (encoder.layers.encoder_layer_7.mlp.3): input_col=16 -> output_neuron=571 (grad=0.0012)
  Warning: No gradients for layer encoder.layers.encoder_layer_8.self_attention.out_proj, skipping
  Layer 24 (encoder.layers.encoder_layer_8.mlp.0): input_col=43 -> output_neuron=1706 (grad=0.0036)
  Layer 25 (encoder.layers.encoder_layer_8.mlp.3): input_col=26 -> output_neuron=571 (grad=0.0018)
  Warning: No gradients for layer encoder.layers.encoder_layer_9.self_attention.out_proj, skipping
  Layer 27 (encoder.layers.encoder_layer_9.mlp.0): input_col=43 -> output_neuron=1564 (grad=0.0188)
  Layer 28 (encoder.layers.encoder_layer_9.mlp.3): input_col=28 -> output_neuron=52 (grad=0.0124)
  Warning: No gradients for layer encoder.layers.encoder_layer_10.self_attention.out_proj, skipping
  Layer 30 (encoder.layers.encoder_layer_10.mlp.0): input_col=4 -> output_neuron=1806 (grad=0.0298)
  Layer 31 (encoder.layers.encoder_layer_10.mlp.3): input_col=30 -> output_neuron=282 (grad=0.0041)
  Warning: No gradients for layer encoder.layers.encoder_layer_11.self_attention.out_proj, skipping
  Layer 33 (encoder.layers.encoder_layer_11.mlp.0): input_col=42 -> output_neuron=874 (grad=0.0105)
  Layer 34 (encoder.layers.encoder_layer_11.mlp.3): input_col=10 -> output_neuron=282 (grad=0.0054)

Chain 3: Starting from neuron 30
  Layer 0 (encoder.layers.encoder_layer_0.mlp.0): input_col=30 -> output_neuron=1387 (grad=0.0001)
  Layer 1 (encoder.layers.encoder_layer_0.mlp.3): input_col=43 -> output_neuron=571 (grad=0.0026)
  Warning: No gradients for layer encoder.layers.encoder_layer_1.self_attention.out_proj, skipping
  Layer 3 (encoder.layers.encoder_layer_1.mlp.0): input_col=43 -> output_neuron=2627 (grad=0.0001)
  Layer 4 (encoder.layers.encoder_layer_1.mlp.3): input_col=35 -> output_neuron=679 (grad=0.0000)
  Warning: No gradients for layer encoder.layers.encoder_layer_2.self_attention.out_proj, skipping
  Layer 6 (encoder.layers.encoder_layer_2.mlp.0): input_col=7 -> output_neuron=1713 (grad=0.0001)
  Layer 7 (encoder.layers.encoder_layer_2.mlp.3): input_col=33 -> output_neuron=571 (grad=0.0020)
  Warning: No gradients for layer encoder.layers.encoder_layer_3.self_attention.out_proj, skipping
  Layer 9 (encoder.layers.encoder_layer_3.mlp.0): input_col=43 -> output_neuron=1962 (grad=0.0012)
  Layer 10 (encoder.layers.encoder_layer_3.mlp.3): input_col=42 -> output_neuron=656 (grad=0.0007)
  Warning: No gradients for layer encoder.layers.encoder_layer_4.self_attention.out_proj, skipping
  Layer 12 (encoder.layers.encoder_layer_4.mlp.0): input_col=32 -> output_neuron=1348 (grad=0.0026)
  Layer 13 (encoder.layers.encoder_layer_4.mlp.3): input_col=4 -> output_neuron=52 (grad=0.0021)
  Warning: No gradients for layer encoder.layers.encoder_layer_5.self_attention.out_proj, skipping
  Layer 15 (encoder.layers.encoder_layer_5.mlp.0): input_col=4 -> output_neuron=2726 (grad=0.0005)
  Layer 16 (encoder.layers.encoder_layer_5.mlp.3): input_col=38 -> output_neuron=527 (grad=0.0010)
  Warning: No gradients for layer encoder.layers.encoder_layer_6.self_attention.out_proj, skipping
  Layer 18 (encoder.layers.encoder_layer_6.mlp.0): input_col=47 -> output_neuron=24 (grad=0.0011)
  Layer 19 (encoder.layers.encoder_layer_6.mlp.3): input_col=24 -> output_neuron=364 (grad=0.0013)
  Warning: No gradients for layer encoder.layers.encoder_layer_7.self_attention.out_proj, skipping
  Layer 21 (encoder.layers.encoder_layer_7.mlp.0): input_col=28 -> output_neuron=1168 (grad=0.0013)
  Layer 22 (encoder.layers.encoder_layer_7.mlp.3): input_col=16 -> output_neuron=571 (grad=0.0012)
  Warning: No gradients for layer encoder.layers.encoder_layer_8.self_attention.out_proj, skipping
  Layer 24 (encoder.layers.encoder_layer_8.mlp.0): input_col=43 -> output_neuron=1706 (grad=0.0036)
  Layer 25 (encoder.layers.encoder_layer_8.mlp.3): input_col=26 -> output_neuron=571 (grad=0.0018)
  Warning: No gradients for layer encoder.layers.encoder_layer_9.self_attention.out_proj, skipping
  Layer 27 (encoder.layers.encoder_layer_9.mlp.0): input_col=43 -> output_neuron=1564 (grad=0.0188)
  Layer 28 (encoder.layers.encoder_layer_9.mlp.3): input_col=28 -> output_neuron=52 (grad=0.0124)
  Warning: No gradients for layer encoder.layers.encoder_layer_10.self_attention.out_proj, skipping
  Layer 30 (encoder.layers.encoder_layer_10.mlp.0): input_col=4 -> output_neuron=1806 (grad=0.0298)
  Layer 31 (encoder.layers.encoder_layer_10.mlp.3): input_col=30 -> output_neuron=282 (grad=0.0041)
  Warning: No gradients for layer encoder.layers.encoder_layer_11.self_attention.out_proj, skipping
  Layer 33 (encoder.layers.encoder_layer_11.mlp.0): input_col=42 -> output_neuron=874 (grad=0.0105)
  Layer 34 (encoder.layers.encoder_layer_11.mlp.3): input_col=10 -> output_neuron=282 (grad=0.0054)

Chain 4: Starting from neuron 39
  Layer 0 (encoder.layers.encoder_layer_0.mlp.0): input_col=39 -> output_neuron=1387 (grad=0.0005)
  Layer 1 (encoder.layers.encoder_layer_0.mlp.3): input_col=43 -> output_neuron=571 (grad=0.0026)
  Warning: No gradients for layer encoder.layers.encoder_layer_1.self_attention.out_proj, skipping
  Layer 3 (encoder.layers.encoder_layer_1.mlp.0): input_col=43 -> output_neuron=2627 (grad=0.0001)
  Layer 4 (encoder.layers.encoder_layer_1.mlp.3): input_col=35 -> output_neuron=679 (grad=0.0000)
  Warning: No gradients for layer encoder.layers.encoder_layer_2.self_attention.out_proj, skipping
  Layer 6 (encoder.layers.encoder_layer_2.mlp.0): input_col=7 -> output_neuron=1713 (grad=0.0001)
  Layer 7 (encoder.layers.encoder_layer_2.mlp.3): input_col=33 -> output_neuron=571 (grad=0.0020)
  Warning: No gradients for layer encoder.layers.encoder_layer_3.self_attention.out_proj, skipping
  Layer 9 (encoder.layers.encoder_layer_3.mlp.0): input_col=43 -> output_neuron=1962 (grad=0.0012)
  Layer 10 (encoder.layers.encoder_layer_3.mlp.3): input_col=42 -> output_neuron=656 (grad=0.0007)
  Warning: No gradients for layer encoder.layers.encoder_layer_4.self_attention.out_proj, skipping
  Layer 12 (encoder.layers.encoder_layer_4.mlp.0): input_col=32 -> output_neuron=1348 (grad=0.0026)
  Layer 13 (encoder.layers.encoder_layer_4.mlp.3): input_col=4 -> output_neuron=52 (grad=0.0021)
  Warning: No gradients for layer encoder.layers.encoder_layer_5.self_attention.out_proj, skipping
  Layer 15 (encoder.layers.encoder_layer_5.mlp.0): input_col=4 -> output_neuron=2726 (grad=0.0005)
  Layer 16 (encoder.layers.encoder_layer_5.mlp.3): input_col=38 -> output_neuron=527 (grad=0.0010)
  Warning: No gradients for layer encoder.layers.encoder_layer_6.self_attention.out_proj, skipping
  Layer 18 (encoder.layers.encoder_layer_6.mlp.0): input_col=47 -> output_neuron=24 (grad=0.0011)
  Layer 19 (encoder.layers.encoder_layer_6.mlp.3): input_col=24 -> output_neuron=364 (grad=0.0013)
  Warning: No gradients for layer encoder.layers.encoder_layer_7.self_attention.out_proj, skipping
  Layer 21 (encoder.layers.encoder_layer_7.mlp.0): input_col=28 -> output_neuron=1168 (grad=0.0013)
  Layer 22 (encoder.layers.encoder_layer_7.mlp.3): input_col=16 -> output_neuron=571 (grad=0.0012)
  Warning: No gradients for layer encoder.layers.encoder_layer_8.self_attention.out_proj, skipping
  Layer 24 (encoder.layers.encoder_layer_8.mlp.0): input_col=43 -> output_neuron=1706 (grad=0.0036)
  Layer 25 (encoder.layers.encoder_layer_8.mlp.3): input_col=26 -> output_neuron=571 (grad=0.0018)
  Warning: No gradients for layer encoder.layers.encoder_layer_9.self_attention.out_proj, skipping
  Layer 27 (encoder.layers.encoder_layer_9.mlp.0): input_col=43 -> output_neuron=1564 (grad=0.0188)
  Layer 28 (encoder.layers.encoder_layer_9.mlp.3): input_col=28 -> output_neuron=52 (grad=0.0124)
  Warning: No gradients for layer encoder.layers.encoder_layer_10.self_attention.out_proj, skipping
  Layer 30 (encoder.layers.encoder_layer_10.mlp.0): input_col=4 -> output_neuron=1806 (grad=0.0298)
  Layer 31 (encoder.layers.encoder_layer_10.mlp.3): input_col=30 -> output_neuron=282 (grad=0.0041)
  Warning: No gradients for layer encoder.layers.encoder_layer_11.self_attention.out_proj, skipping
  Layer 33 (encoder.layers.encoder_layer_11.mlp.0): input_col=42 -> output_neuron=874 (grad=0.0105)
  Layer 34 (encoder.layers.encoder_layer_11.mlp.3): input_col=10 -> output_neuron=282 (grad=0.0054)

============================================================
✓ Successfully built 5 gradient chains
============================================================

Epoch 2/100 | LR: 0.000200 | Time: 214.74s
Train Loss: 2.3827 | Train Acc: 53.46%
Val Loss: 1.2668 | Val Acc: 74.17%

Gradient Chain Statistics:
[PacaGradientChainManager - Gradient Chain Logs]
  Chains Built: True
  Number of Chains: 5
  Current Epoch: 1
  Selected Arms: [1]
  Arm Means: [0.0, 0.0, 0.0, 0.0, 0.0]
  Arm Stds: [10.0, 10.0, 10.0, 10.0, 10.0]
  Arm Observation Counts: [0, 0, 0, 0, 0]
  Last Sampled Values: [-18.046157836914062, 7.724414825439453, 5.413720607757568, -10.974777221679688, -2.057342052459717]
------------------------------------------------------------

Reward: 7.49% (normalized: 0.75)

Epoch 3/100 | LR: 0.000300 | Time: 213.36s
Train Loss: 0.9183 | Train Acc: 80.73%
Val Loss: 0.7823 | Val Acc: 81.66%

Gradient Chain Statistics:
[PacaGradientChainManager - Gradient Chain Logs]
  Chains Built: True
  Number of Chains: 5
  Current Epoch: 2
  Selected Arms: [3]
  Arm Means: [0.0, 0.5992000102996826, 0.0, 0.0, 0.0]
  Arm Stds: [10.0, 4.4721360206604, 10.0, 10.0, 10.0]
  Arm Observation Counts: [0, 1, 0, 0, 0]
  Last Sampled Values: [-7.924575328826904, -8.860865592956543, -4.5645647048950195, -4.058631896972656, -8.094645500183105]
------------------------------------------------------------

Reward: 2.39% (normalized: 0.24)

Epoch 4/100 | LR: 0.000400 | Time: 213.61s
Train Loss: 0.5810 | Train Acc: 86.74%
Val Loss: 0.6405 | Val Acc: 84.05%

Gradient Chain Statistics:
[PacaGradientChainManager - Gradient Chain Logs]
  Chains Built: True
  Number of Chains: 5
  Current Epoch: 3
  Selected Arms: [1]
  Arm Means: [0.0, 0.5992000102996826, 0.0, 0.19120000302791595, 0.0]
  Arm Stds: [10.0, 4.4721360206604, 10.0, 4.4721360206604, 10.0]
  Arm Observation Counts: [0, 1, 0, 1, 0]
  Last Sampled Values: [-3.6075334548950195, 4.352225303649902, -1.2982347011566162, 0.1349553018808365, 1.612985372543335]
------------------------------------------------------------

Reward: 0.90% (normalized: 0.09)

Epoch 5/100 | LR: 0.000500 | Time: 214.25s
Train Loss: 0.4093 | Train Acc: 90.13%
Val Loss: 0.5711 | Val Acc: 84.95%

Gradient Chain Statistics:
[PacaGradientChainManager - Gradient Chain Logs]
  Chains Built: True
  Number of Chains: 5
  Current Epoch: 4
  Selected Arms: [2]
  Arm Means: [0.0, 0.3728888928890228, 0.0, 0.19120000302791595, 0.0]
  Arm Stds: [10.0, 3.3333334922790527, 10.0, 4.4721360206604, 10.0]
  Arm Observation Counts: [0, 2, 0, 1, 0]
  Last Sampled Values: [-2.4345204830169678, -3.2194440364837646, 15.084197998046875, -0.5459335446357727, -5.062385082244873]
------------------------------------------------------------

Reward: 0.43% (normalized: 0.04)

Epoch 6/100 | LR: 0.000600 | Time: 268.13s
Train Loss: 0.3044 | Train Acc: 92.50%
Val Loss: 0.5566 | Val Acc: 85.38%

Gradient Chain Statistics:
[PacaGradientChainManager - Gradient Chain Logs]
  Chains Built: True
  Number of Chains: 5
  Current Epoch: 5
  Selected Arms: [0]
  Arm Means: [0.0, 0.3728888928890228, 0.03440000116825104, 0.19120000302791595, 0.0]
  Arm Stds: [10.0, 3.3333334922790527, 4.4721360206604, 4.4721360206604, 10.0]
  Arm Observation Counts: [0, 2, 1, 1, 0]
  Last Sampled Values: [8.207357406616211, 5.231853008270264, -2.240992784500122, 4.580430507659912, 0.776605486869812]
------------------------------------------------------------

Reward: -0.53% (normalized: -0.05)

Epoch 7/100 | LR: 0.000700 | Time: 213.35s
Train Loss: 0.2664 | Train Acc: 93.25%
Val Loss: 0.5738 | Val Acc: 84.85%

Gradient Chain Statistics:
[PacaGradientChainManager - Gradient Chain Logs]
  Chains Built: True
  Number of Chains: 5
  Current Epoch: 6
  Selected Arms: [4]
  Arm Means: [-0.042399998754262924, 0.3728888928890228, 0.03440000116825104, 0.19120000302791595, 0.0]
  Arm Stds: [4.4721360206604, 3.3333334922790527, 4.4721360206604, 4.4721360206604, 10.0]
  Arm Observation Counts: [1, 2, 1, 1, 0]
  Last Sampled Values: [-2.980001449584961, -0.5670361518859863, 3.590440511703491, -1.0004249811172485, 6.130827903747559]
------------------------------------------------------------
No improvement for 1 epoch(s)

Reward: -0.28% (normalized: -0.03)

Epoch 8/100 | LR: 0.000800 | Time: 213.31s
Train Loss: 0.2580 | Train Acc: 93.31%
Val Loss: 0.5927 | Val Acc: 84.57%

Gradient Chain Statistics:
[PacaGradientChainManager - Gradient Chain Logs]
  Chains Built: True
  Number of Chains: 5
  Current Epoch: 7
  Selected Arms: [0]
  Arm Means: [-0.042399998754262924, 0.3728888928890228, 0.03440000116825104, 0.19120000302791595, -0.02239999920129776]
  Arm Stds: [4.4721360206604, 3.3333334922790527, 4.4721360206604, 4.4721360206604, 4.4721360206604]
  Arm Observation Counts: [1, 2, 1, 1, 1]
  Last Sampled Values: [4.099577903747559, -1.037617564201355, -2.1344730854034424, -7.032538890838623, -2.251769781112671]
------------------------------------------------------------
No improvement for 2 epoch(s)

Reward: -0.63% (normalized: -0.06)

Epoch 9/100 | LR: 0.000900 | Time: 213.33s
Train Loss: 0.2374 | Train Acc: 93.74%
Val Loss: 0.6047 | Val Acc: 83.94%

Gradient Chain Statistics:
[PacaGradientChainManager - Gradient Chain Logs]
  Chains Built: True
  Number of Chains: 5
  Current Epoch: 8
  Selected Arms: [3]
  Arm Means: [-0.05155555531382561, 0.3728888928890228, 0.03440000116825104, 0.19120000302791595, -0.02239999920129776]
  Arm Stds: [3.3333334922790527, 3.3333334922790527, 4.4721360206604, 4.4721360206604, 4.4721360206604]
  Arm Observation Counts: [2, 2, 1, 1, 1]
  Last Sampled Values: [-3.0112407207489014, -4.398399353027344, -0.22280581295490265, 3.6589605808258057, -3.2855849266052246]
------------------------------------------------------------
No improvement for 3 epoch(s)

Reward: -0.20% (normalized: -0.02)

Epoch 10/100 | LR: 0.001000 | Time: 213.98s
Train Loss: 0.2469 | Train Acc: 93.46%
Val Loss: 0.6533 | Val Acc: 83.74%

Gradient Chain Statistics:
[PacaGradientChainManager - Gradient Chain Logs]
  Chains Built: True
  Number of Chains: 5
  Current Epoch: 9
  Selected Arms: [1]
  Arm Means: [-0.05155555531382561, 0.3728888928890228, 0.03440000116825104, 0.09733333438634872, -0.02239999920129776]
  Arm Stds: [3.3333334922790527, 3.3333334922790527, 4.4721360206604, 3.3333334922790527, 4.4721360206604]
  Arm Observation Counts: [2, 2, 1, 2, 1]
  Last Sampled Values: [1.758887767791748, 4.2119622230529785, 3.2158401012420654, 0.0013816282153129578, -5.291236400604248]
------------------------------------------------------------
No improvement for 4 epoch(s)

Reward: -0.31% (normalized: -0.03)

Epoch 11/100 | LR: 0.001000 | Time: 215.30s
Train Loss: 0.2706 | Train Acc: 92.84%
Val Loss: 0.6645 | Val Acc: 83.43%

Gradient Chain Statistics:
[PacaGradientChainManager - Gradient Chain Logs]
  Chains Built: True
  Number of Chains: 5
  Current Epoch: 10
  Selected Arms: [3]
  Arm Means: [-0.05155555531382561, 0.24861538410186768, 0.03440000116825104, 0.09733333438634872, -0.02239999920129776]
  Arm Stds: [3.3333334922790527, 2.77350115776062, 4.4721360206604, 3.3333334922790527, 4.4721360206604]
  Arm Observation Counts: [2, 3, 1, 2, 1]
  Last Sampled Values: [0.8368250727653503, 0.21079067885875702, 1.672354817390442, 5.774597644805908, 1.4994561672210693]
------------------------------------------------------------
No improvement for 5 epoch(s)

Reward: 0.13% (normalized: 0.01)

Epoch 12/100 | LR: 0.000999 | Time: 214.91s
Train Loss: 0.2333 | Train Acc: 93.75%
Val Loss: 0.6439 | Val Acc: 83.56%

Gradient Chain Statistics:
[PacaGradientChainManager - Gradient Chain Logs]
  Chains Built: True
  Number of Chains: 5
  Current Epoch: 11
  Selected Arms: [4]
  Arm Means: [-0.05155555531382561, 0.24861538410186768, 0.03440000116825104, 0.07138461619615555, -0.02239999920129776]
  Arm Stds: [3.3333334922790527, 2.77350115776062, 4.4721360206604, 2.77350115776062, 4.4721360206604]
  Arm Observation Counts: [2, 3, 1, 3, 1]
  Last Sampled Values: [1.667100191116333, 0.4808145761489868, 0.6073858737945557, 2.13822078704834, 6.018096923828125]
------------------------------------------------------------
No improvement for 6 epoch(s)

Reward: -1.55% (normalized: -0.15)

Epoch 13/100 | LR: 0.000997 | Time: 215.49s
Train Loss: 0.2144 | Train Acc: 94.27%
Val Loss: 0.7461 | Val Acc: 82.01%

Gradient Chain Statistics:
[PacaGradientChainManager - Gradient Chain Logs]
  Chains Built: True
  Number of Chains: 5
  Current Epoch: 12
  Selected Arms: [2]
  Arm Means: [-0.05155555531382561, 0.24861538410186768, 0.03440000116825104, 0.07138461619615555, -0.08133333176374435]
  Arm Stds: [3.3333334922790527, 2.77350115776062, 4.4721360206604, 2.77350115776062, 3.3333334922790527]
  Arm Observation Counts: [2, 3, 1, 3, 2]
  Last Sampled Values: [-1.1380858421325684, 2.5579757690429688, 4.782137870788574, 2.1797447204589844, 3.740668296813965]
------------------------------------------------------------
No improvement for 7 epoch(s)
Early stopping triggered after 13 epochs.
Total training time: 2836.39 seconds
Average time per epoch: 218.18 seconds

============================================================
Training completed!
============================================================
Using device: cuda
============================================================
Vision Transformer Fine-tuning on CIFAR-100
Using Gradient Chain Selection
============================================================
Using random seed: 5121

Loading dataset...
Files already downloaded and verified
Files already downloaded and verified
Dataset loaded: 50000 train samples, 10000 val samples
Number of classes: 100

Creating ViT model for 100 classes...

PEFT config: PacaConfig(peft_type=<PeftType.PACA: 'PACA'>, auto_mapping=None, base_model_name_or_path=None, revision=None, task_type=<TaskType.FEATURE_EXTRACTION: 'FEATURE_EXTRACTION'>, inference_mode=False, r=48, target_modules={'out_proj', 'mlp.0', 'mlp.3'}, paca_alpha=96, fan_in_fan_out=False, bias='all', modules_to_save=['head'], layers_to_transform=None, layers_pattern=None, rank_pattern={}, alpha_pattern={}, megatron_config=None, megatron_core='megatron.core', layer_replication=None, gradient_accumulation_steps=1, steps_per_epoch=782, arm_distribution='gradient_chain', num_arms=16, num_arms_to_select=8, ucb_alpha=0.5, use_fixed_indices=False, arm_selection_method='thompson', thompson_distribution='gaussian', thompson_alpha_prior=1.0, thompson_beta_prior=1.0, thompson_gaussian_prior_mean=0.0, thompson_gaussian_prior_std=10.0, thompson_gaussian_noise_std=5.0, gradient_chain_warmup_epochs=2, gradient_chain_num_samples=5)
Total parameters: 149,653,448
Trainable parameters: 2,757,320 (1.84%)
Frozen parameters: 146,896,128 (98.16%)

============================================================
Fine-tuning ViT using Gradient Chain Selection:
============================================================
Calculating initial validation accuracy...
Initial Val Acc: 0.76%

Reward: 0.00% (normalized: 0.00)
Gradient chain warmup: 1/2

Epoch 1/100 | LR: 0.000100 | Time: 213.18s
Train Loss: 4.6825 | Train Acc: 0.77%
Val Loss: 4.6776 | Val Acc: 0.76%

Gradient Chain Statistics:
[PacaGradientChainManager - Gradient Chain Logs]
  Chains Built: False
  Number of Chains: 0
  Current Epoch: 0
  Arm Means: [0.0, 0.0, 0.0, 0.0, 0.0, 0.0, 0.0, 0.0, 0.0, 0.0, 0.0, 0.0, 0.0, 0.0, 0.0, 0.0]
  Arm Stds: [10.0, 10.0, 10.0, 10.0, 10.0, 10.0, 10.0, 10.0, 10.0, 10.0, 10.0, 10.0, 10.0, 10.0, 10.0, 10.0]
  Arm Observation Counts: [0, 0, 0, 0, 0, 0, 0, 0, 0, 0, 0, 0, 0, 0, 0, 0]
------------------------------------------------------------

Reward: 73.97% (normalized: 7.40)

============================================================
Building Gradient Chains...
============================================================
Sampling 5 batches to estimate gradients...
  Batch 1/5 processed
  Batch 2/5 processed
  Batch 3/5 processed
  Batch 4/5 processed
  Batch 5/5 processed

Averaging gradients across batches...

Building 16 gradient chains...

Chain 0: Starting from neuron 2
  Layer 0 (encoder.layers.encoder_layer_0.mlp.0): input_col=2 -> output_neuron=2437 (grad=0.0000)
  Layer 1 (encoder.layers.encoder_layer_0.mlp.3): input_col=37 -> output_neuron=527 (grad=0.0004)
  Warning: No gradients for layer encoder.layers.encoder_layer_1.self_attention.out_proj, skipping
  Layer 3 (encoder.layers.encoder_layer_1.mlp.0): input_col=47 -> output_neuron=1495 (grad=0.0001)
  Layer 4 (encoder.layers.encoder_layer_1.mlp.3): input_col=7 -> output_neuron=505 (grad=0.0008)
  Warning: No gradients for layer encoder.layers.encoder_layer_2.self_attention.out_proj, skipping
  Layer 6 (encoder.layers.encoder_layer_2.mlp.0): input_col=25 -> output_neuron=432 (grad=0.0001)
  Layer 7 (encoder.layers.encoder_layer_2.mlp.3): input_col=0 -> output_neuron=601 (grad=0.0015)
  Warning: No gradients for layer encoder.layers.encoder_layer_3.self_attention.out_proj, skipping
  Layer 9 (encoder.layers.encoder_layer_3.mlp.0): input_col=25 -> output_neuron=373 (grad=0.0002)
  Layer 10 (encoder.layers.encoder_layer_3.mlp.3): input_col=37 -> output_neuron=679 (grad=0.0045)
  Warning: No gradients for layer encoder.layers.encoder_layer_4.self_attention.out_proj, skipping
  Layer 12 (encoder.layers.encoder_layer_4.mlp.0): input_col=7 -> output_neuron=2976 (grad=0.0015)
  Layer 13 (encoder.layers.encoder_layer_4.mlp.3): input_col=0 -> output_neuron=736 (grad=0.0012)
  Warning: No gradients for layer encoder.layers.encoder_layer_5.self_attention.out_proj, skipping
  Layer 15 (encoder.layers.encoder_layer_5.mlp.0): input_col=16 -> output_neuron=607 (grad=0.0048)
  Layer 16 (encoder.layers.encoder_layer_5.mlp.3): input_col=31 -> output_neuron=159 (grad=0.0013)
  Warning: No gradients for layer encoder.layers.encoder_layer_6.self_attention.out_proj, skipping
  Layer 18 (encoder.layers.encoder_layer_6.mlp.0): input_col=15 -> output_neuron=1189 (grad=0.0025)
  Layer 19 (encoder.layers.encoder_layer_6.mlp.3): input_col=37 -> output_neuron=556 (grad=0.0008)
  Warning: No gradients for layer encoder.layers.encoder_layer_7.self_attention.out_proj, skipping
  Layer 21 (encoder.layers.encoder_layer_7.mlp.0): input_col=28 -> output_neuron=565 (grad=0.0014)
  Layer 22 (encoder.layers.encoder_layer_7.mlp.3): input_col=37 -> output_neuron=142 (grad=0.0009)
  Warning: No gradients for layer encoder.layers.encoder_layer_8.self_attention.out_proj, skipping
  Layer 24 (encoder.layers.encoder_layer_8.mlp.0): input_col=46 -> output_neuron=1410 (grad=0.0020)
  Layer 25 (encoder.layers.encoder_layer_8.mlp.3): input_col=18 -> output_neuron=253 (grad=0.0024)
  Warning: No gradients for layer encoder.layers.encoder_layer_9.self_attention.out_proj, skipping
  Layer 27 (encoder.layers.encoder_layer_9.mlp.0): input_col=13 -> output_neuron=797 (grad=0.0105)
  Layer 28 (encoder.layers.encoder_layer_9.mlp.3): input_col=29 -> output_neuron=125 (grad=0.0032)
  Warning: No gradients for layer encoder.layers.encoder_layer_10.self_attention.out_proj, skipping
  Layer 30 (encoder.layers.encoder_layer_10.mlp.0): input_col=29 -> output_neuron=739 (grad=0.0159)
  Layer 31 (encoder.layers.encoder_layer_10.mlp.3): input_col=19 -> output_neuron=114 (grad=0.0066)
  Warning: No gradients for layer encoder.layers.encoder_layer_11.self_attention.out_proj, skipping
  Layer 33 (encoder.layers.encoder_layer_11.mlp.0): input_col=18 -> output_neuron=2006 (grad=0.0085)
  Layer 34 (encoder.layers.encoder_layer_11.mlp.3): input_col=38 -> output_neuron=154 (grad=0.0061)

Chain 1: Starting from neuron 13
  Layer 0 (encoder.layers.encoder_layer_0.mlp.0): input_col=13 -> output_neuron=1751 (grad=0.0001)
  Layer 1 (encoder.layers.encoder_layer_0.mlp.3): input_col=23 -> output_neuron=527 (grad=0.0020)
  Warning: No gradients for layer encoder.layers.encoder_layer_1.self_attention.out_proj, skipping
  Layer 3 (encoder.layers.encoder_layer_1.mlp.0): input_col=47 -> output_neuron=1495 (grad=0.0001)
  Layer 4 (encoder.layers.encoder_layer_1.mlp.3): input_col=7 -> output_neuron=505 (grad=0.0008)
  Warning: No gradients for layer encoder.layers.encoder_layer_2.self_attention.out_proj, skipping
  Layer 6 (encoder.layers.encoder_layer_2.mlp.0): input_col=25 -> output_neuron=432 (grad=0.0001)
  Layer 7 (encoder.layers.encoder_layer_2.mlp.3): input_col=0 -> output_neuron=601 (grad=0.0015)
  Warning: No gradients for layer encoder.layers.encoder_layer_3.self_attention.out_proj, skipping
  Layer 9 (encoder.layers.encoder_layer_3.mlp.0): input_col=25 -> output_neuron=373 (grad=0.0002)
  Layer 10 (encoder.layers.encoder_layer_3.mlp.3): input_col=37 -> output_neuron=679 (grad=0.0045)
  Warning: No gradients for layer encoder.layers.encoder_layer_4.self_attention.out_proj, skipping
  Layer 12 (encoder.layers.encoder_layer_4.mlp.0): input_col=7 -> output_neuron=2976 (grad=0.0015)
  Layer 13 (encoder.layers.encoder_layer_4.mlp.3): input_col=0 -> output_neuron=736 (grad=0.0012)
  Warning: No gradients for layer encoder.layers.encoder_layer_5.self_attention.out_proj, skipping
  Layer 15 (encoder.layers.encoder_layer_5.mlp.0): input_col=16 -> output_neuron=607 (grad=0.0048)
  Layer 16 (encoder.layers.encoder_layer_5.mlp.3): input_col=31 -> output_neuron=159 (grad=0.0013)
  Warning: No gradients for layer encoder.layers.encoder_layer_6.self_attention.out_proj, skipping
  Layer 18 (encoder.layers.encoder_layer_6.mlp.0): input_col=15 -> output_neuron=1189 (grad=0.0025)
  Layer 19 (encoder.layers.encoder_layer_6.mlp.3): input_col=37 -> output_neuron=556 (grad=0.0008)
  Warning: No gradients for layer encoder.layers.encoder_layer_7.self_attention.out_proj, skipping
  Layer 21 (encoder.layers.encoder_layer_7.mlp.0): input_col=28 -> output_neuron=565 (grad=0.0014)
  Layer 22 (encoder.layers.encoder_layer_7.mlp.3): input_col=37 -> output_neuron=142 (grad=0.0009)
  Warning: No gradients for layer encoder.layers.encoder_layer_8.self_attention.out_proj, skipping
  Layer 24 (encoder.layers.encoder_layer_8.mlp.0): input_col=46 -> output_neuron=1410 (grad=0.0020)
  Layer 25 (encoder.layers.encoder_layer_8.mlp.3): input_col=18 -> output_neuron=253 (grad=0.0024)
  Warning: No gradients for layer encoder.layers.encoder_layer_9.self_attention.out_proj, skipping
  Layer 27 (encoder.layers.encoder_layer_9.mlp.0): input_col=13 -> output_neuron=797 (grad=0.0105)
  Layer 28 (encoder.layers.encoder_layer_9.mlp.3): input_col=29 -> output_neuron=125 (grad=0.0032)
  Warning: No gradients for layer encoder.layers.encoder_layer_10.self_attention.out_proj, skipping
  Layer 30 (encoder.layers.encoder_layer_10.mlp.0): input_col=29 -> output_neuron=739 (grad=0.0159)
  Layer 31 (encoder.layers.encoder_layer_10.mlp.3): input_col=19 -> output_neuron=114 (grad=0.0066)
  Warning: No gradients for layer encoder.layers.encoder_layer_11.self_attention.out_proj, skipping
  Layer 33 (encoder.layers.encoder_layer_11.mlp.0): input_col=18 -> output_neuron=2006 (grad=0.0085)
  Layer 34 (encoder.layers.encoder_layer_11.mlp.3): input_col=38 -> output_neuron=154 (grad=0.0061)

Chain 2: Starting from neuron 35
  Layer 0 (encoder.layers.encoder_layer_0.mlp.0): input_col=35 -> output_neuron=766 (grad=0.0007)
  Layer 1 (encoder.layers.encoder_layer_0.mlp.3): input_col=46 -> output_neuron=527 (grad=0.0018)
  Warning: No gradients for layer encoder.layers.encoder_layer_1.self_attention.out_proj, skipping
  Layer 3 (encoder.layers.encoder_layer_1.mlp.0): input_col=47 -> output_neuron=1495 (grad=0.0001)
  Layer 4 (encoder.layers.encoder_layer_1.mlp.3): input_col=7 -> output_neuron=505 (grad=0.0008)
  Warning: No gradients for layer encoder.layers.encoder_layer_2.self_attention.out_proj, skipping
  Layer 6 (encoder.layers.encoder_layer_2.mlp.0): input_col=25 -> output_neuron=432 (grad=0.0001)
  Layer 7 (encoder.layers.encoder_layer_2.mlp.3): input_col=0 -> output_neuron=601 (grad=0.0015)
  Warning: No gradients for layer encoder.layers.encoder_layer_3.self_attention.out_proj, skipping
  Layer 9 (encoder.layers.encoder_layer_3.mlp.0): input_col=25 -> output_neuron=373 (grad=0.0002)
  Layer 10 (encoder.layers.encoder_layer_3.mlp.3): input_col=37 -> output_neuron=679 (grad=0.0045)
  Warning: No gradients for layer encoder.layers.encoder_layer_4.self_attention.out_proj, skipping
  Layer 12 (encoder.layers.encoder_layer_4.mlp.0): input_col=7 -> output_neuron=2976 (grad=0.0015)
  Layer 13 (encoder.layers.encoder_layer_4.mlp.3): input_col=0 -> output_neuron=736 (grad=0.0012)
  Warning: No gradients for layer encoder.layers.encoder_layer_5.self_attention.out_proj, skipping
  Layer 15 (encoder.layers.encoder_layer_5.mlp.0): input_col=16 -> output_neuron=607 (grad=0.0048)
  Layer 16 (encoder.layers.encoder_layer_5.mlp.3): input_col=31 -> output_neuron=159 (grad=0.0013)
  Warning: No gradients for layer encoder.layers.encoder_layer_6.self_attention.out_proj, skipping
  Layer 18 (encoder.layers.encoder_layer_6.mlp.0): input_col=15 -> output_neuron=1189 (grad=0.0025)
  Layer 19 (encoder.layers.encoder_layer_6.mlp.3): input_col=37 -> output_neuron=556 (grad=0.0008)
  Warning: No gradients for layer encoder.layers.encoder_layer_7.self_attention.out_proj, skipping
  Layer 21 (encoder.layers.encoder_layer_7.mlp.0): input_col=28 -> output_neuron=565 (grad=0.0014)
  Layer 22 (encoder.layers.encoder_layer_7.mlp.3): input_col=37 -> output_neuron=142 (grad=0.0009)
  Warning: No gradients for layer encoder.layers.encoder_layer_8.self_attention.out_proj, skipping
  Layer 24 (encoder.layers.encoder_layer_8.mlp.0): input_col=46 -> output_neuron=1410 (grad=0.0020)
  Layer 25 (encoder.layers.encoder_layer_8.mlp.3): input_col=18 -> output_neuron=253 (grad=0.0024)
  Warning: No gradients for layer encoder.layers.encoder_layer_9.self_attention.out_proj, skipping
  Layer 27 (encoder.layers.encoder_layer_9.mlp.0): input_col=13 -> output_neuron=797 (grad=0.0105)
  Layer 28 (encoder.layers.encoder_layer_9.mlp.3): input_col=29 -> output_neuron=125 (grad=0.0032)
  Warning: No gradients for layer encoder.layers.encoder_layer_10.self_attention.out_proj, skipping
  Layer 30 (encoder.layers.encoder_layer_10.mlp.0): input_col=29 -> output_neuron=739 (grad=0.0159)
  Layer 31 (encoder.layers.encoder_layer_10.mlp.3): input_col=19 -> output_neuron=114 (grad=0.0066)
  Warning: No gradients for layer encoder.layers.encoder_layer_11.self_attention.out_proj, skipping
  Layer 33 (encoder.layers.encoder_layer_11.mlp.0): input_col=18 -> output_neuron=2006 (grad=0.0085)
  Layer 34 (encoder.layers.encoder_layer_11.mlp.3): input_col=38 -> output_neuron=154 (grad=0.0061)

Chain 3: Starting from neuron 20
  Layer 0 (encoder.layers.encoder_layer_0.mlp.0): input_col=20 -> output_neuron=1751 (grad=0.0001)
  Layer 1 (encoder.layers.encoder_layer_0.mlp.3): input_col=23 -> output_neuron=527 (grad=0.0020)
  Warning: No gradients for layer encoder.layers.encoder_layer_1.self_attention.out_proj, skipping
  Layer 3 (encoder.layers.encoder_layer_1.mlp.0): input_col=47 -> output_neuron=1495 (grad=0.0001)
  Layer 4 (encoder.layers.encoder_layer_1.mlp.3): input_col=7 -> output_neuron=505 (grad=0.0008)
  Warning: No gradients for layer encoder.layers.encoder_layer_2.self_attention.out_proj, skipping
  Layer 6 (encoder.layers.encoder_layer_2.mlp.0): input_col=25 -> output_neuron=432 (grad=0.0001)
  Layer 7 (encoder.layers.encoder_layer_2.mlp.3): input_col=0 -> output_neuron=601 (grad=0.0015)
  Warning: No gradients for layer encoder.layers.encoder_layer_3.self_attention.out_proj, skipping
  Layer 9 (encoder.layers.encoder_layer_3.mlp.0): input_col=25 -> output_neuron=373 (grad=0.0002)
  Layer 10 (encoder.layers.encoder_layer_3.mlp.3): input_col=37 -> output_neuron=679 (grad=0.0045)
  Warning: No gradients for layer encoder.layers.encoder_layer_4.self_attention.out_proj, skipping
  Layer 12 (encoder.layers.encoder_layer_4.mlp.0): input_col=7 -> output_neuron=2976 (grad=0.0015)
  Layer 13 (encoder.layers.encoder_layer_4.mlp.3): input_col=0 -> output_neuron=736 (grad=0.0012)
  Warning: No gradients for layer encoder.layers.encoder_layer_5.self_attention.out_proj, skipping
  Layer 15 (encoder.layers.encoder_layer_5.mlp.0): input_col=16 -> output_neuron=607 (grad=0.0048)
  Layer 16 (encoder.layers.encoder_layer_5.mlp.3): input_col=31 -> output_neuron=159 (grad=0.0013)
  Warning: No gradients for layer encoder.layers.encoder_layer_6.self_attention.out_proj, skipping
  Layer 18 (encoder.layers.encoder_layer_6.mlp.0): input_col=15 -> output_neuron=1189 (grad=0.0025)
  Layer 19 (encoder.layers.encoder_layer_6.mlp.3): input_col=37 -> output_neuron=556 (grad=0.0008)
  Warning: No gradients for layer encoder.layers.encoder_layer_7.self_attention.out_proj, skipping
  Layer 21 (encoder.layers.encoder_layer_7.mlp.0): input_col=28 -> output_neuron=565 (grad=0.0014)
  Layer 22 (encoder.layers.encoder_layer_7.mlp.3): input_col=37 -> output_neuron=142 (grad=0.0009)
  Warning: No gradients for layer encoder.layers.encoder_layer_8.self_attention.out_proj, skipping
  Layer 24 (encoder.layers.encoder_layer_8.mlp.0): input_col=46 -> output_neuron=1410 (grad=0.0020)
  Layer 25 (encoder.layers.encoder_layer_8.mlp.3): input_col=18 -> output_neuron=253 (grad=0.0024)
  Warning: No gradients for layer encoder.layers.encoder_layer_9.self_attention.out_proj, skipping
  Layer 27 (encoder.layers.encoder_layer_9.mlp.0): input_col=13 -> output_neuron=797 (grad=0.0105)
  Layer 28 (encoder.layers.encoder_layer_9.mlp.3): input_col=29 -> output_neuron=125 (grad=0.0032)
  Warning: No gradients for layer encoder.layers.encoder_layer_10.self_attention.out_proj, skipping
  Layer 30 (encoder.layers.encoder_layer_10.mlp.0): input_col=29 -> output_neuron=739 (grad=0.0159)
  Layer 31 (encoder.layers.encoder_layer_10.mlp.3): input_col=19 -> output_neuron=114 (grad=0.0066)
  Warning: No gradients for layer encoder.layers.encoder_layer_11.self_attention.out_proj, skipping
  Layer 33 (encoder.layers.encoder_layer_11.mlp.0): input_col=18 -> output_neuron=2006 (grad=0.0085)
  Layer 34 (encoder.layers.encoder_layer_11.mlp.3): input_col=38 -> output_neuron=154 (grad=0.0061)

Chain 4: Starting from neuron 6
  Layer 0 (encoder.layers.encoder_layer_0.mlp.0): input_col=6 -> output_neuron=2538 (grad=0.0030)
  Layer 1 (encoder.layers.encoder_layer_0.mlp.3): input_col=42 -> output_neuron=527 (grad=0.0004)
  Warning: No gradients for layer encoder.layers.encoder_layer_1.self_attention.out_proj, skipping
  Layer 3 (encoder.layers.encoder_layer_1.mlp.0): input_col=47 -> output_neuron=1495 (grad=0.0001)
  Layer 4 (encoder.layers.encoder_layer_1.mlp.3): input_col=7 -> output_neuron=505 (grad=0.0008)
  Warning: No gradients for layer encoder.layers.encoder_layer_2.self_attention.out_proj, skipping
  Layer 6 (encoder.layers.encoder_layer_2.mlp.0): input_col=25 -> output_neuron=432 (grad=0.0001)
  Layer 7 (encoder.layers.encoder_layer_2.mlp.3): input_col=0 -> output_neuron=601 (grad=0.0015)
  Warning: No gradients for layer encoder.layers.encoder_layer_3.self_attention.out_proj, skipping
  Layer 9 (encoder.layers.encoder_layer_3.mlp.0): input_col=25 -> output_neuron=373 (grad=0.0002)
  Layer 10 (encoder.layers.encoder_layer_3.mlp.3): input_col=37 -> output_neuron=679 (grad=0.0045)
  Warning: No gradients for layer encoder.layers.encoder_layer_4.self_attention.out_proj, skipping
  Layer 12 (encoder.layers.encoder_layer_4.mlp.0): input_col=7 -> output_neuron=2976 (grad=0.0015)
  Layer 13 (encoder.layers.encoder_layer_4.mlp.3): input_col=0 -> output_neuron=736 (grad=0.0012)
  Warning: No gradients for layer encoder.layers.encoder_layer_5.self_attention.out_proj, skipping
  Layer 15 (encoder.layers.encoder_layer_5.mlp.0): input_col=16 -> output_neuron=607 (grad=0.0048)
  Layer 16 (encoder.layers.encoder_layer_5.mlp.3): input_col=31 -> output_neuron=159 (grad=0.0013)
  Warning: No gradients for layer encoder.layers.encoder_layer_6.self_attention.out_proj, skipping
  Layer 18 (encoder.layers.encoder_layer_6.mlp.0): input_col=15 -> output_neuron=1189 (grad=0.0025)
  Layer 19 (encoder.layers.encoder_layer_6.mlp.3): input_col=37 -> output_neuron=556 (grad=0.0008)
  Warning: No gradients for layer encoder.layers.encoder_layer_7.self_attention.out_proj, skipping
  Layer 21 (encoder.layers.encoder_layer_7.mlp.0): input_col=28 -> output_neuron=565 (grad=0.0014)
  Layer 22 (encoder.layers.encoder_layer_7.mlp.3): input_col=37 -> output_neuron=142 (grad=0.0009)
  Warning: No gradients for layer encoder.layers.encoder_layer_8.self_attention.out_proj, skipping
  Layer 24 (encoder.layers.encoder_layer_8.mlp.0): input_col=46 -> output_neuron=1410 (grad=0.0020)
  Layer 25 (encoder.layers.encoder_layer_8.mlp.3): input_col=18 -> output_neuron=253 (grad=0.0024)
  Warning: No gradients for layer encoder.layers.encoder_layer_9.self_attention.out_proj, skipping
  Layer 27 (encoder.layers.encoder_layer_9.mlp.0): input_col=13 -> output_neuron=797 (grad=0.0105)
  Layer 28 (encoder.layers.encoder_layer_9.mlp.3): input_col=29 -> output_neuron=125 (grad=0.0032)
  Warning: No gradients for layer encoder.layers.encoder_layer_10.self_attention.out_proj, skipping
  Layer 30 (encoder.layers.encoder_layer_10.mlp.0): input_col=29 -> output_neuron=739 (grad=0.0159)
  Layer 31 (encoder.layers.encoder_layer_10.mlp.3): input_col=19 -> output_neuron=114 (grad=0.0066)
  Warning: No gradients for layer encoder.layers.encoder_layer_11.self_attention.out_proj, skipping
  Layer 33 (encoder.layers.encoder_layer_11.mlp.0): input_col=18 -> output_neuron=2006 (grad=0.0085)
  Layer 34 (encoder.layers.encoder_layer_11.mlp.3): input_col=38 -> output_neuron=154 (grad=0.0061)

Chain 5: Starting from neuron 23
  Layer 0 (encoder.layers.encoder_layer_0.mlp.0): input_col=23 -> output_neuron=1762 (grad=0.0002)
  Layer 1 (encoder.layers.encoder_layer_0.mlp.3): input_col=34 -> output_neuron=505 (grad=0.0003)
  Warning: No gradients for layer encoder.layers.encoder_layer_1.self_attention.out_proj, skipping
  Layer 3 (encoder.layers.encoder_layer_1.mlp.0): input_col=25 -> output_neuron=1495 (grad=0.0001)
  Layer 4 (encoder.layers.encoder_layer_1.mlp.3): input_col=7 -> output_neuron=505 (grad=0.0008)
  Warning: No gradients for layer encoder.layers.encoder_layer_2.self_attention.out_proj, skipping
  Layer 6 (encoder.layers.encoder_layer_2.mlp.0): input_col=25 -> output_neuron=432 (grad=0.0001)
  Layer 7 (encoder.layers.encoder_layer_2.mlp.3): input_col=0 -> output_neuron=601 (grad=0.0015)
  Warning: No gradients for layer encoder.layers.encoder_layer_3.self_attention.out_proj, skipping
  Layer 9 (encoder.layers.encoder_layer_3.mlp.0): input_col=25 -> output_neuron=373 (grad=0.0002)
  Layer 10 (encoder.layers.encoder_layer_3.mlp.3): input_col=37 -> output_neuron=679 (grad=0.0045)
  Warning: No gradients for layer encoder.layers.encoder_layer_4.self_attention.out_proj, skipping
  Layer 12 (encoder.layers.encoder_layer_4.mlp.0): input_col=7 -> output_neuron=2976 (grad=0.0015)
  Layer 13 (encoder.layers.encoder_layer_4.mlp.3): input_col=0 -> output_neuron=736 (grad=0.0012)
  Warning: No gradients for layer encoder.layers.encoder_layer_5.self_attention.out_proj, skipping
  Layer 15 (encoder.layers.encoder_layer_5.mlp.0): input_col=16 -> output_neuron=607 (grad=0.0048)
  Layer 16 (encoder.layers.encoder_layer_5.mlp.3): input_col=31 -> output_neuron=159 (grad=0.0013)
  Warning: No gradients for layer encoder.layers.encoder_layer_6.self_attention.out_proj, skipping
  Layer 18 (encoder.layers.encoder_layer_6.mlp.0): input_col=15 -> output_neuron=1189 (grad=0.0025)
  Layer 19 (encoder.layers.encoder_layer_6.mlp.3): input_col=37 -> output_neuron=556 (grad=0.0008)
  Warning: No gradients for layer encoder.layers.encoder_layer_7.self_attention.out_proj, skipping
  Layer 21 (encoder.layers.encoder_layer_7.mlp.0): input_col=28 -> output_neuron=565 (grad=0.0014)
  Layer 22 (encoder.layers.encoder_layer_7.mlp.3): input_col=37 -> output_neuron=142 (grad=0.0009)
  Warning: No gradients for layer encoder.layers.encoder_layer_8.self_attention.out_proj, skipping
  Layer 24 (encoder.layers.encoder_layer_8.mlp.0): input_col=46 -> output_neuron=1410 (grad=0.0020)
  Layer 25 (encoder.layers.encoder_layer_8.mlp.3): input_col=18 -> output_neuron=253 (grad=0.0024)
  Warning: No gradients for layer encoder.layers.encoder_layer_9.self_attention.out_proj, skipping
  Layer 27 (encoder.layers.encoder_layer_9.mlp.0): input_col=13 -> output_neuron=797 (grad=0.0105)
  Layer 28 (encoder.layers.encoder_layer_9.mlp.3): input_col=29 -> output_neuron=125 (grad=0.0032)
  Warning: No gradients for layer encoder.layers.encoder_layer_10.self_attention.out_proj, skipping
  Layer 30 (encoder.layers.encoder_layer_10.mlp.0): input_col=29 -> output_neuron=739 (grad=0.0159)
  Layer 31 (encoder.layers.encoder_layer_10.mlp.3): input_col=19 -> output_neuron=114 (grad=0.0066)
  Warning: No gradients for layer encoder.layers.encoder_layer_11.self_attention.out_proj, skipping
  Layer 33 (encoder.layers.encoder_layer_11.mlp.0): input_col=18 -> output_neuron=2006 (grad=0.0085)
  Layer 34 (encoder.layers.encoder_layer_11.mlp.3): input_col=38 -> output_neuron=154 (grad=0.0061)

Chain 6: Starting from neuron 19
  Layer 0 (encoder.layers.encoder_layer_0.mlp.0): input_col=19 -> output_neuron=1751 (grad=0.0004)
  Layer 1 (encoder.layers.encoder_layer_0.mlp.3): input_col=23 -> output_neuron=527 (grad=0.0020)
  Warning: No gradients for layer encoder.layers.encoder_layer_1.self_attention.out_proj, skipping
  Layer 3 (encoder.layers.encoder_layer_1.mlp.0): input_col=47 -> output_neuron=1495 (grad=0.0001)
  Layer 4 (encoder.layers.encoder_layer_1.mlp.3): input_col=7 -> output_neuron=505 (grad=0.0008)
  Warning: No gradients for layer encoder.layers.encoder_layer_2.self_attention.out_proj, skipping
  Layer 6 (encoder.layers.encoder_layer_2.mlp.0): input_col=25 -> output_neuron=432 (grad=0.0001)
  Layer 7 (encoder.layers.encoder_layer_2.mlp.3): input_col=0 -> output_neuron=601 (grad=0.0015)
  Warning: No gradients for layer encoder.layers.encoder_layer_3.self_attention.out_proj, skipping
  Layer 9 (encoder.layers.encoder_layer_3.mlp.0): input_col=25 -> output_neuron=373 (grad=0.0002)
  Layer 10 (encoder.layers.encoder_layer_3.mlp.3): input_col=37 -> output_neuron=679 (grad=0.0045)
  Warning: No gradients for layer encoder.layers.encoder_layer_4.self_attention.out_proj, skipping
  Layer 12 (encoder.layers.encoder_layer_4.mlp.0): input_col=7 -> output_neuron=2976 (grad=0.0015)
  Layer 13 (encoder.layers.encoder_layer_4.mlp.3): input_col=0 -> output_neuron=736 (grad=0.0012)
  Warning: No gradients for layer encoder.layers.encoder_layer_5.self_attention.out_proj, skipping
  Layer 15 (encoder.layers.encoder_layer_5.mlp.0): input_col=16 -> output_neuron=607 (grad=0.0048)
  Layer 16 (encoder.layers.encoder_layer_5.mlp.3): input_col=31 -> output_neuron=159 (grad=0.0013)
  Warning: No gradients for layer encoder.layers.encoder_layer_6.self_attention.out_proj, skipping
  Layer 18 (encoder.layers.encoder_layer_6.mlp.0): input_col=15 -> output_neuron=1189 (grad=0.0025)
  Layer 19 (encoder.layers.encoder_layer_6.mlp.3): input_col=37 -> output_neuron=556 (grad=0.0008)
  Warning: No gradients for layer encoder.layers.encoder_layer_7.self_attention.out_proj, skipping
  Layer 21 (encoder.layers.encoder_layer_7.mlp.0): input_col=28 -> output_neuron=565 (grad=0.0014)
  Layer 22 (encoder.layers.encoder_layer_7.mlp.3): input_col=37 -> output_neuron=142 (grad=0.0009)
  Warning: No gradients for layer encoder.layers.encoder_layer_8.self_attention.out_proj, skipping
  Layer 24 (encoder.layers.encoder_layer_8.mlp.0): input_col=46 -> output_neuron=1410 (grad=0.0020)
  Layer 25 (encoder.layers.encoder_layer_8.mlp.3): input_col=18 -> output_neuron=253 (grad=0.0024)
  Warning: No gradients for layer encoder.layers.encoder_layer_9.self_attention.out_proj, skipping
  Layer 27 (encoder.layers.encoder_layer_9.mlp.0): input_col=13 -> output_neuron=797 (grad=0.0105)
  Layer 28 (encoder.layers.encoder_layer_9.mlp.3): input_col=29 -> output_neuron=125 (grad=0.0032)
  Warning: No gradients for layer encoder.layers.encoder_layer_10.self_attention.out_proj, skipping
  Layer 30 (encoder.layers.encoder_layer_10.mlp.0): input_col=29 -> output_neuron=739 (grad=0.0159)
  Layer 31 (encoder.layers.encoder_layer_10.mlp.3): input_col=19 -> output_neuron=114 (grad=0.0066)
  Warning: No gradients for layer encoder.layers.encoder_layer_11.self_attention.out_proj, skipping
  Layer 33 (encoder.layers.encoder_layer_11.mlp.0): input_col=18 -> output_neuron=2006 (grad=0.0085)
  Layer 34 (encoder.layers.encoder_layer_11.mlp.3): input_col=38 -> output_neuron=154 (grad=0.0061)

Chain 7: Starting from neuron 1
  Layer 0 (encoder.layers.encoder_layer_0.mlp.0): input_col=1 -> output_neuron=1751 (grad=0.0004)
  Layer 1 (encoder.layers.encoder_layer_0.mlp.3): input_col=23 -> output_neuron=527 (grad=0.0020)
  Warning: No gradients for layer encoder.layers.encoder_layer_1.self_attention.out_proj, skipping
  Layer 3 (encoder.layers.encoder_layer_1.mlp.0): input_col=47 -> output_neuron=1495 (grad=0.0001)
  Layer 4 (encoder.layers.encoder_layer_1.mlp.3): input_col=7 -> output_neuron=505 (grad=0.0008)
  Warning: No gradients for layer encoder.layers.encoder_layer_2.self_attention.out_proj, skipping
  Layer 6 (encoder.layers.encoder_layer_2.mlp.0): input_col=25 -> output_neuron=432 (grad=0.0001)
  Layer 7 (encoder.layers.encoder_layer_2.mlp.3): input_col=0 -> output_neuron=601 (grad=0.0015)
  Warning: No gradients for layer encoder.layers.encoder_layer_3.self_attention.out_proj, skipping
  Layer 9 (encoder.layers.encoder_layer_3.mlp.0): input_col=25 -> output_neuron=373 (grad=0.0002)
  Layer 10 (encoder.layers.encoder_layer_3.mlp.3): input_col=37 -> output_neuron=679 (grad=0.0045)
  Warning: No gradients for layer encoder.layers.encoder_layer_4.self_attention.out_proj, skipping
  Layer 12 (encoder.layers.encoder_layer_4.mlp.0): input_col=7 -> output_neuron=2976 (grad=0.0015)
  Layer 13 (encoder.layers.encoder_layer_4.mlp.3): input_col=0 -> output_neuron=736 (grad=0.0012)
  Warning: No gradients for layer encoder.layers.encoder_layer_5.self_attention.out_proj, skipping
  Layer 15 (encoder.layers.encoder_layer_5.mlp.0): input_col=16 -> output_neuron=607 (grad=0.0048)
  Layer 16 (encoder.layers.encoder_layer_5.mlp.3): input_col=31 -> output_neuron=159 (grad=0.0013)
  Warning: No gradients for layer encoder.layers.encoder_layer_6.self_attention.out_proj, skipping
  Layer 18 (encoder.layers.encoder_layer_6.mlp.0): input_col=15 -> output_neuron=1189 (grad=0.0025)
  Layer 19 (encoder.layers.encoder_layer_6.mlp.3): input_col=37 -> output_neuron=556 (grad=0.0008)
  Warning: No gradients for layer encoder.layers.encoder_layer_7.self_attention.out_proj, skipping
  Layer 21 (encoder.layers.encoder_layer_7.mlp.0): input_col=28 -> output_neuron=565 (grad=0.0014)
  Layer 22 (encoder.layers.encoder_layer_7.mlp.3): input_col=37 -> output_neuron=142 (grad=0.0009)
  Warning: No gradients for layer encoder.layers.encoder_layer_8.self_attention.out_proj, skipping
  Layer 24 (encoder.layers.encoder_layer_8.mlp.0): input_col=46 -> output_neuron=1410 (grad=0.0020)
  Layer 25 (encoder.layers.encoder_layer_8.mlp.3): input_col=18 -> output_neuron=253 (grad=0.0024)
  Warning: No gradients for layer encoder.layers.encoder_layer_9.self_attention.out_proj, skipping
  Layer 27 (encoder.layers.encoder_layer_9.mlp.0): input_col=13 -> output_neuron=797 (grad=0.0105)
  Layer 28 (encoder.layers.encoder_layer_9.mlp.3): input_col=29 -> output_neuron=125 (grad=0.0032)
  Warning: No gradients for layer encoder.layers.encoder_layer_10.self_attention.out_proj, skipping
  Layer 30 (encoder.layers.encoder_layer_10.mlp.0): input_col=29 -> output_neuron=739 (grad=0.0159)
  Layer 31 (encoder.layers.encoder_layer_10.mlp.3): input_col=19 -> output_neuron=114 (grad=0.0066)
  Warning: No gradients for layer encoder.layers.encoder_layer_11.self_attention.out_proj, skipping
  Layer 33 (encoder.layers.encoder_layer_11.mlp.0): input_col=18 -> output_neuron=2006 (grad=0.0085)
  Layer 34 (encoder.layers.encoder_layer_11.mlp.3): input_col=38 -> output_neuron=154 (grad=0.0061)

Chain 8: Starting from neuron 44
  Layer 0 (encoder.layers.encoder_layer_0.mlp.0): input_col=44 -> output_neuron=2437 (grad=0.0006)
  Layer 1 (encoder.layers.encoder_layer_0.mlp.3): input_col=37 -> output_neuron=527 (grad=0.0004)
  Warning: No gradients for layer encoder.layers.encoder_layer_1.self_attention.out_proj, skipping
  Layer 3 (encoder.layers.encoder_layer_1.mlp.0): input_col=47 -> output_neuron=1495 (grad=0.0001)
  Layer 4 (encoder.layers.encoder_layer_1.mlp.3): input_col=7 -> output_neuron=505 (grad=0.0008)
  Warning: No gradients for layer encoder.layers.encoder_layer_2.self_attention.out_proj, skipping
  Layer 6 (encoder.layers.encoder_layer_2.mlp.0): input_col=25 -> output_neuron=432 (grad=0.0001)
  Layer 7 (encoder.layers.encoder_layer_2.mlp.3): input_col=0 -> output_neuron=601 (grad=0.0015)
  Warning: No gradients for layer encoder.layers.encoder_layer_3.self_attention.out_proj, skipping
  Layer 9 (encoder.layers.encoder_layer_3.mlp.0): input_col=25 -> output_neuron=373 (grad=0.0002)
  Layer 10 (encoder.layers.encoder_layer_3.mlp.3): input_col=37 -> output_neuron=679 (grad=0.0045)
  Warning: No gradients for layer encoder.layers.encoder_layer_4.self_attention.out_proj, skipping
  Layer 12 (encoder.layers.encoder_layer_4.mlp.0): input_col=7 -> output_neuron=2976 (grad=0.0015)
  Layer 13 (encoder.layers.encoder_layer_4.mlp.3): input_col=0 -> output_neuron=736 (grad=0.0012)
  Warning: No gradients for layer encoder.layers.encoder_layer_5.self_attention.out_proj, skipping
  Layer 15 (encoder.layers.encoder_layer_5.mlp.0): input_col=16 -> output_neuron=607 (grad=0.0048)
  Layer 16 (encoder.layers.encoder_layer_5.mlp.3): input_col=31 -> output_neuron=159 (grad=0.0013)
  Warning: No gradients for layer encoder.layers.encoder_layer_6.self_attention.out_proj, skipping
  Layer 18 (encoder.layers.encoder_layer_6.mlp.0): input_col=15 -> output_neuron=1189 (grad=0.0025)
  Layer 19 (encoder.layers.encoder_layer_6.mlp.3): input_col=37 -> output_neuron=556 (grad=0.0008)
  Warning: No gradients for layer encoder.layers.encoder_layer_7.self_attention.out_proj, skipping
  Layer 21 (encoder.layers.encoder_layer_7.mlp.0): input_col=28 -> output_neuron=565 (grad=0.0014)
  Layer 22 (encoder.layers.encoder_layer_7.mlp.3): input_col=37 -> output_neuron=142 (grad=0.0009)
  Warning: No gradients for layer encoder.layers.encoder_layer_8.self_attention.out_proj, skipping
  Layer 24 (encoder.layers.encoder_layer_8.mlp.0): input_col=46 -> output_neuron=1410 (grad=0.0020)
  Layer 25 (encoder.layers.encoder_layer_8.mlp.3): input_col=18 -> output_neuron=253 (grad=0.0024)
  Warning: No gradients for layer encoder.layers.encoder_layer_9.self_attention.out_proj, skipping
  Layer 27 (encoder.layers.encoder_layer_9.mlp.0): input_col=13 -> output_neuron=797 (grad=0.0105)
  Layer 28 (encoder.layers.encoder_layer_9.mlp.3): input_col=29 -> output_neuron=125 (grad=0.0032)
  Warning: No gradients for layer encoder.layers.encoder_layer_10.self_attention.out_proj, skipping
  Layer 30 (encoder.layers.encoder_layer_10.mlp.0): input_col=29 -> output_neuron=739 (grad=0.0159)
  Layer 31 (encoder.layers.encoder_layer_10.mlp.3): input_col=19 -> output_neuron=114 (grad=0.0066)
  Warning: No gradients for layer encoder.layers.encoder_layer_11.self_attention.out_proj, skipping
  Layer 33 (encoder.layers.encoder_layer_11.mlp.0): input_col=18 -> output_neuron=2006 (grad=0.0085)
  Layer 34 (encoder.layers.encoder_layer_11.mlp.3): input_col=38 -> output_neuron=154 (grad=0.0061)

Chain 9: Starting from neuron 27
  Layer 0 (encoder.layers.encoder_layer_0.mlp.0): input_col=27 -> output_neuron=2538 (grad=0.0031)
  Layer 1 (encoder.layers.encoder_layer_0.mlp.3): input_col=42 -> output_neuron=527 (grad=0.0004)
  Warning: No gradients for layer encoder.layers.encoder_layer_1.self_attention.out_proj, skipping
  Layer 3 (encoder.layers.encoder_layer_1.mlp.0): input_col=47 -> output_neuron=1495 (grad=0.0001)
  Layer 4 (encoder.layers.encoder_layer_1.mlp.3): input_col=7 -> output_neuron=505 (grad=0.0008)
  Warning: No gradients for layer encoder.layers.encoder_layer_2.self_attention.out_proj, skipping
  Layer 6 (encoder.layers.encoder_layer_2.mlp.0): input_col=25 -> output_neuron=432 (grad=0.0001)
  Layer 7 (encoder.layers.encoder_layer_2.mlp.3): input_col=0 -> output_neuron=601 (grad=0.0015)
  Warning: No gradients for layer encoder.layers.encoder_layer_3.self_attention.out_proj, skipping
  Layer 9 (encoder.layers.encoder_layer_3.mlp.0): input_col=25 -> output_neuron=373 (grad=0.0002)
  Layer 10 (encoder.layers.encoder_layer_3.mlp.3): input_col=37 -> output_neuron=679 (grad=0.0045)
  Warning: No gradients for layer encoder.layers.encoder_layer_4.self_attention.out_proj, skipping
  Layer 12 (encoder.layers.encoder_layer_4.mlp.0): input_col=7 -> output_neuron=2976 (grad=0.0015)
  Layer 13 (encoder.layers.encoder_layer_4.mlp.3): input_col=0 -> output_neuron=736 (grad=0.0012)
  Warning: No gradients for layer encoder.layers.encoder_layer_5.self_attention.out_proj, skipping
  Layer 15 (encoder.layers.encoder_layer_5.mlp.0): input_col=16 -> output_neuron=607 (grad=0.0048)
  Layer 16 (encoder.layers.encoder_layer_5.mlp.3): input_col=31 -> output_neuron=159 (grad=0.0013)
  Warning: No gradients for layer encoder.layers.encoder_layer_6.self_attention.out_proj, skipping
  Layer 18 (encoder.layers.encoder_layer_6.mlp.0): input_col=15 -> output_neuron=1189 (grad=0.0025)
  Layer 19 (encoder.layers.encoder_layer_6.mlp.3): input_col=37 -> output_neuron=556 (grad=0.0008)
  Warning: No gradients for layer encoder.layers.encoder_layer_7.self_attention.out_proj, skipping
  Layer 21 (encoder.layers.encoder_layer_7.mlp.0): input_col=28 -> output_neuron=565 (grad=0.0014)
  Layer 22 (encoder.layers.encoder_layer_7.mlp.3): input_col=37 -> output_neuron=142 (grad=0.0009)
  Warning: No gradients for layer encoder.layers.encoder_layer_8.self_attention.out_proj, skipping
  Layer 24 (encoder.layers.encoder_layer_8.mlp.0): input_col=46 -> output_neuron=1410 (grad=0.0020)
  Layer 25 (encoder.layers.encoder_layer_8.mlp.3): input_col=18 -> output_neuron=253 (grad=0.0024)
  Warning: No gradients for layer encoder.layers.encoder_layer_9.self_attention.out_proj, skipping
  Layer 27 (encoder.layers.encoder_layer_9.mlp.0): input_col=13 -> output_neuron=797 (grad=0.0105)
  Layer 28 (encoder.layers.encoder_layer_9.mlp.3): input_col=29 -> output_neuron=125 (grad=0.0032)
  Warning: No gradients for layer encoder.layers.encoder_layer_10.self_attention.out_proj, skipping
  Layer 30 (encoder.layers.encoder_layer_10.mlp.0): input_col=29 -> output_neuron=739 (grad=0.0159)
  Layer 31 (encoder.layers.encoder_layer_10.mlp.3): input_col=19 -> output_neuron=114 (grad=0.0066)
  Warning: No gradients for layer encoder.layers.encoder_layer_11.self_attention.out_proj, skipping
  Layer 33 (encoder.layers.encoder_layer_11.mlp.0): input_col=18 -> output_neuron=2006 (grad=0.0085)
  Layer 34 (encoder.layers.encoder_layer_11.mlp.3): input_col=38 -> output_neuron=154 (grad=0.0061)

Chain 10: Starting from neuron 12
  Layer 0 (encoder.layers.encoder_layer_0.mlp.0): input_col=12 -> output_neuron=1762 (grad=0.0002)
  Layer 1 (encoder.layers.encoder_layer_0.mlp.3): input_col=34 -> output_neuron=505 (grad=0.0003)
  Warning: No gradients for layer encoder.layers.encoder_layer_1.self_attention.out_proj, skipping
  Layer 3 (encoder.layers.encoder_layer_1.mlp.0): input_col=25 -> output_neuron=1495 (grad=0.0001)
  Layer 4 (encoder.layers.encoder_layer_1.mlp.3): input_col=7 -> output_neuron=505 (grad=0.0008)
  Warning: No gradients for layer encoder.layers.encoder_layer_2.self_attention.out_proj, skipping
  Layer 6 (encoder.layers.encoder_layer_2.mlp.0): input_col=25 -> output_neuron=432 (grad=0.0001)
  Layer 7 (encoder.layers.encoder_layer_2.mlp.3): input_col=0 -> output_neuron=601 (grad=0.0015)
  Warning: No gradients for layer encoder.layers.encoder_layer_3.self_attention.out_proj, skipping
  Layer 9 (encoder.layers.encoder_layer_3.mlp.0): input_col=25 -> output_neuron=373 (grad=0.0002)
  Layer 10 (encoder.layers.encoder_layer_3.mlp.3): input_col=37 -> output_neuron=679 (grad=0.0045)
  Warning: No gradients for layer encoder.layers.encoder_layer_4.self_attention.out_proj, skipping
  Layer 12 (encoder.layers.encoder_layer_4.mlp.0): input_col=7 -> output_neuron=2976 (grad=0.0015)
  Layer 13 (encoder.layers.encoder_layer_4.mlp.3): input_col=0 -> output_neuron=736 (grad=0.0012)
  Warning: No gradients for layer encoder.layers.encoder_layer_5.self_attention.out_proj, skipping
  Layer 15 (encoder.layers.encoder_layer_5.mlp.0): input_col=16 -> output_neuron=607 (grad=0.0048)
  Layer 16 (encoder.layers.encoder_layer_5.mlp.3): input_col=31 -> output_neuron=159 (grad=0.0013)
  Warning: No gradients for layer encoder.layers.encoder_layer_6.self_attention.out_proj, skipping
  Layer 18 (encoder.layers.encoder_layer_6.mlp.0): input_col=15 -> output_neuron=1189 (grad=0.0025)
  Layer 19 (encoder.layers.encoder_layer_6.mlp.3): input_col=37 -> output_neuron=556 (grad=0.0008)
  Warning: No gradients for layer encoder.layers.encoder_layer_7.self_attention.out_proj, skipping
  Layer 21 (encoder.layers.encoder_layer_7.mlp.0): input_col=28 -> output_neuron=565 (grad=0.0014)
  Layer 22 (encoder.layers.encoder_layer_7.mlp.3): input_col=37 -> output_neuron=142 (grad=0.0009)
  Warning: No gradients for layer encoder.layers.encoder_layer_8.self_attention.out_proj, skipping
  Layer 24 (encoder.layers.encoder_layer_8.mlp.0): input_col=46 -> output_neuron=1410 (grad=0.0020)
  Layer 25 (encoder.layers.encoder_layer_8.mlp.3): input_col=18 -> output_neuron=253 (grad=0.0024)
  Warning: No gradients for layer encoder.layers.encoder_layer_9.self_attention.out_proj, skipping
  Layer 27 (encoder.layers.encoder_layer_9.mlp.0): input_col=13 -> output_neuron=797 (grad=0.0105)
  Layer 28 (encoder.layers.encoder_layer_9.mlp.3): input_col=29 -> output_neuron=125 (grad=0.0032)
  Warning: No gradients for layer encoder.layers.encoder_layer_10.self_attention.out_proj, skipping
  Layer 30 (encoder.layers.encoder_layer_10.mlp.0): input_col=29 -> output_neuron=739 (grad=0.0159)
  Layer 31 (encoder.layers.encoder_layer_10.mlp.3): input_col=19 -> output_neuron=114 (grad=0.0066)
  Warning: No gradients for layer encoder.layers.encoder_layer_11.self_attention.out_proj, skipping
  Layer 33 (encoder.layers.encoder_layer_11.mlp.0): input_col=18 -> output_neuron=2006 (grad=0.0085)
  Layer 34 (encoder.layers.encoder_layer_11.mlp.3): input_col=38 -> output_neuron=154 (grad=0.0061)

Chain 11: Starting from neuron 11
  Layer 0 (encoder.layers.encoder_layer_0.mlp.0): input_col=11 -> output_neuron=1751 (grad=0.0001)
  Layer 1 (encoder.layers.encoder_layer_0.mlp.3): input_col=23 -> output_neuron=527 (grad=0.0020)
  Warning: No gradients for layer encoder.layers.encoder_layer_1.self_attention.out_proj, skipping
  Layer 3 (encoder.layers.encoder_layer_1.mlp.0): input_col=47 -> output_neuron=1495 (grad=0.0001)
  Layer 4 (encoder.layers.encoder_layer_1.mlp.3): input_col=7 -> output_neuron=505 (grad=0.0008)
  Warning: No gradients for layer encoder.layers.encoder_layer_2.self_attention.out_proj, skipping
  Layer 6 (encoder.layers.encoder_layer_2.mlp.0): input_col=25 -> output_neuron=432 (grad=0.0001)
  Layer 7 (encoder.layers.encoder_layer_2.mlp.3): input_col=0 -> output_neuron=601 (grad=0.0015)
  Warning: No gradients for layer encoder.layers.encoder_layer_3.self_attention.out_proj, skipping
  Layer 9 (encoder.layers.encoder_layer_3.mlp.0): input_col=25 -> output_neuron=373 (grad=0.0002)
  Layer 10 (encoder.layers.encoder_layer_3.mlp.3): input_col=37 -> output_neuron=679 (grad=0.0045)
  Warning: No gradients for layer encoder.layers.encoder_layer_4.self_attention.out_proj, skipping
  Layer 12 (encoder.layers.encoder_layer_4.mlp.0): input_col=7 -> output_neuron=2976 (grad=0.0015)
  Layer 13 (encoder.layers.encoder_layer_4.mlp.3): input_col=0 -> output_neuron=736 (grad=0.0012)
  Warning: No gradients for layer encoder.layers.encoder_layer_5.self_attention.out_proj, skipping
  Layer 15 (encoder.layers.encoder_layer_5.mlp.0): input_col=16 -> output_neuron=607 (grad=0.0048)
  Layer 16 (encoder.layers.encoder_layer_5.mlp.3): input_col=31 -> output_neuron=159 (grad=0.0013)
  Warning: No gradients for layer encoder.layers.encoder_layer_6.self_attention.out_proj, skipping
  Layer 18 (encoder.layers.encoder_layer_6.mlp.0): input_col=15 -> output_neuron=1189 (grad=0.0025)
  Layer 19 (encoder.layers.encoder_layer_6.mlp.3): input_col=37 -> output_neuron=556 (grad=0.0008)
  Warning: No gradients for layer encoder.layers.encoder_layer_7.self_attention.out_proj, skipping
  Layer 21 (encoder.layers.encoder_layer_7.mlp.0): input_col=28 -> output_neuron=565 (grad=0.0014)
  Layer 22 (encoder.layers.encoder_layer_7.mlp.3): input_col=37 -> output_neuron=142 (grad=0.0009)
  Warning: No gradients for layer encoder.layers.encoder_layer_8.self_attention.out_proj, skipping
  Layer 24 (encoder.layers.encoder_layer_8.mlp.0): input_col=46 -> output_neuron=1410 (grad=0.0020)
  Layer 25 (encoder.layers.encoder_layer_8.mlp.3): input_col=18 -> output_neuron=253 (grad=0.0024)
  Warning: No gradients for layer encoder.layers.encoder_layer_9.self_attention.out_proj, skipping
  Layer 27 (encoder.layers.encoder_layer_9.mlp.0): input_col=13 -> output_neuron=797 (grad=0.0105)
  Layer 28 (encoder.layers.encoder_layer_9.mlp.3): input_col=29 -> output_neuron=125 (grad=0.0032)
  Warning: No gradients for layer encoder.layers.encoder_layer_10.self_attention.out_proj, skipping
  Layer 30 (encoder.layers.encoder_layer_10.mlp.0): input_col=29 -> output_neuron=739 (grad=0.0159)
  Layer 31 (encoder.layers.encoder_layer_10.mlp.3): input_col=19 -> output_neuron=114 (grad=0.0066)
  Warning: No gradients for layer encoder.layers.encoder_layer_11.self_attention.out_proj, skipping
  Layer 33 (encoder.layers.encoder_layer_11.mlp.0): input_col=18 -> output_neuron=2006 (grad=0.0085)
  Layer 34 (encoder.layers.encoder_layer_11.mlp.3): input_col=38 -> output_neuron=154 (grad=0.0061)

Chain 12: Starting from neuron 41
  Layer 0 (encoder.layers.encoder_layer_0.mlp.0): input_col=41 -> output_neuron=541 (grad=0.0010)
  Layer 1 (encoder.layers.encoder_layer_0.mlp.3): input_col=13 -> output_neuron=527 (grad=0.0004)
  Warning: No gradients for layer encoder.layers.encoder_layer_1.self_attention.out_proj, skipping
  Layer 3 (encoder.layers.encoder_layer_1.mlp.0): input_col=47 -> output_neuron=1495 (grad=0.0001)
  Layer 4 (encoder.layers.encoder_layer_1.mlp.3): input_col=7 -> output_neuron=505 (grad=0.0008)
  Warning: No gradients for layer encoder.layers.encoder_layer_2.self_attention.out_proj, skipping
  Layer 6 (encoder.layers.encoder_layer_2.mlp.0): input_col=25 -> output_neuron=432 (grad=0.0001)
  Layer 7 (encoder.layers.encoder_layer_2.mlp.3): input_col=0 -> output_neuron=601 (grad=0.0015)
  Warning: No gradients for layer encoder.layers.encoder_layer_3.self_attention.out_proj, skipping
  Layer 9 (encoder.layers.encoder_layer_3.mlp.0): input_col=25 -> output_neuron=373 (grad=0.0002)
  Layer 10 (encoder.layers.encoder_layer_3.mlp.3): input_col=37 -> output_neuron=679 (grad=0.0045)
  Warning: No gradients for layer encoder.layers.encoder_layer_4.self_attention.out_proj, skipping
  Layer 12 (encoder.layers.encoder_layer_4.mlp.0): input_col=7 -> output_neuron=2976 (grad=0.0015)
  Layer 13 (encoder.layers.encoder_layer_4.mlp.3): input_col=0 -> output_neuron=736 (grad=0.0012)
  Warning: No gradients for layer encoder.layers.encoder_layer_5.self_attention.out_proj, skipping
  Layer 15 (encoder.layers.encoder_layer_5.mlp.0): input_col=16 -> output_neuron=607 (grad=0.0048)
  Layer 16 (encoder.layers.encoder_layer_5.mlp.3): input_col=31 -> output_neuron=159 (grad=0.0013)
  Warning: No gradients for layer encoder.layers.encoder_layer_6.self_attention.out_proj, skipping
  Layer 18 (encoder.layers.encoder_layer_6.mlp.0): input_col=15 -> output_neuron=1189 (grad=0.0025)
  Layer 19 (encoder.layers.encoder_layer_6.mlp.3): input_col=37 -> output_neuron=556 (grad=0.0008)
  Warning: No gradients for layer encoder.layers.encoder_layer_7.self_attention.out_proj, skipping
  Layer 21 (encoder.layers.encoder_layer_7.mlp.0): input_col=28 -> output_neuron=565 (grad=0.0014)
  Layer 22 (encoder.layers.encoder_layer_7.mlp.3): input_col=37 -> output_neuron=142 (grad=0.0009)
  Warning: No gradients for layer encoder.layers.encoder_layer_8.self_attention.out_proj, skipping
  Layer 24 (encoder.layers.encoder_layer_8.mlp.0): input_col=46 -> output_neuron=1410 (grad=0.0020)
  Layer 25 (encoder.layers.encoder_layer_8.mlp.3): input_col=18 -> output_neuron=253 (grad=0.0024)
  Warning: No gradients for layer encoder.layers.encoder_layer_9.self_attention.out_proj, skipping
  Layer 27 (encoder.layers.encoder_layer_9.mlp.0): input_col=13 -> output_neuron=797 (grad=0.0105)
  Layer 28 (encoder.layers.encoder_layer_9.mlp.3): input_col=29 -> output_neuron=125 (grad=0.0032)
  Warning: No gradients for layer encoder.layers.encoder_layer_10.self_attention.out_proj, skipping
  Layer 30 (encoder.layers.encoder_layer_10.mlp.0): input_col=29 -> output_neuron=739 (grad=0.0159)
  Layer 31 (encoder.layers.encoder_layer_10.mlp.3): input_col=19 -> output_neuron=114 (grad=0.0066)
  Warning: No gradients for layer encoder.layers.encoder_layer_11.self_attention.out_proj, skipping
  Layer 33 (encoder.layers.encoder_layer_11.mlp.0): input_col=18 -> output_neuron=2006 (grad=0.0085)
  Layer 34 (encoder.layers.encoder_layer_11.mlp.3): input_col=38 -> output_neuron=154 (grad=0.0061)

Chain 13: Starting from neuron 46
  Layer 0 (encoder.layers.encoder_layer_0.mlp.0): input_col=46 -> output_neuron=1762 (grad=0.0009)
  Layer 1 (encoder.layers.encoder_layer_0.mlp.3): input_col=34 -> output_neuron=505 (grad=0.0003)
  Warning: No gradients for layer encoder.layers.encoder_layer_1.self_attention.out_proj, skipping
  Layer 3 (encoder.layers.encoder_layer_1.mlp.0): input_col=25 -> output_neuron=1495 (grad=0.0001)
  Layer 4 (encoder.layers.encoder_layer_1.mlp.3): input_col=7 -> output_neuron=505 (grad=0.0008)
  Warning: No gradients for layer encoder.layers.encoder_layer_2.self_attention.out_proj, skipping
  Layer 6 (encoder.layers.encoder_layer_2.mlp.0): input_col=25 -> output_neuron=432 (grad=0.0001)
  Layer 7 (encoder.layers.encoder_layer_2.mlp.3): input_col=0 -> output_neuron=601 (grad=0.0015)
  Warning: No gradients for layer encoder.layers.encoder_layer_3.self_attention.out_proj, skipping
  Layer 9 (encoder.layers.encoder_layer_3.mlp.0): input_col=25 -> output_neuron=373 (grad=0.0002)
  Layer 10 (encoder.layers.encoder_layer_3.mlp.3): input_col=37 -> output_neuron=679 (grad=0.0045)
  Warning: No gradients for layer encoder.layers.encoder_layer_4.self_attention.out_proj, skipping
  Layer 12 (encoder.layers.encoder_layer_4.mlp.0): input_col=7 -> output_neuron=2976 (grad=0.0015)
  Layer 13 (encoder.layers.encoder_layer_4.mlp.3): input_col=0 -> output_neuron=736 (grad=0.0012)
  Warning: No gradients for layer encoder.layers.encoder_layer_5.self_attention.out_proj, skipping
  Layer 15 (encoder.layers.encoder_layer_5.mlp.0): input_col=16 -> output_neuron=607 (grad=0.0048)
  Layer 16 (encoder.layers.encoder_layer_5.mlp.3): input_col=31 -> output_neuron=159 (grad=0.0013)
  Warning: No gradients for layer encoder.layers.encoder_layer_6.self_attention.out_proj, skipping
  Layer 18 (encoder.layers.encoder_layer_6.mlp.0): input_col=15 -> output_neuron=1189 (grad=0.0025)
  Layer 19 (encoder.layers.encoder_layer_6.mlp.3): input_col=37 -> output_neuron=556 (grad=0.0008)
  Warning: No gradients for layer encoder.layers.encoder_layer_7.self_attention.out_proj, skipping
  Layer 21 (encoder.layers.encoder_layer_7.mlp.0): input_col=28 -> output_neuron=565 (grad=0.0014)
  Layer 22 (encoder.layers.encoder_layer_7.mlp.3): input_col=37 -> output_neuron=142 (grad=0.0009)
  Warning: No gradients for layer encoder.layers.encoder_layer_8.self_attention.out_proj, skipping
  Layer 24 (encoder.layers.encoder_layer_8.mlp.0): input_col=46 -> output_neuron=1410 (grad=0.0020)
  Layer 25 (encoder.layers.encoder_layer_8.mlp.3): input_col=18 -> output_neuron=253 (grad=0.0024)
  Warning: No gradients for layer encoder.layers.encoder_layer_9.self_attention.out_proj, skipping
  Layer 27 (encoder.layers.encoder_layer_9.mlp.0): input_col=13 -> output_neuron=797 (grad=0.0105)
  Layer 28 (encoder.layers.encoder_layer_9.mlp.3): input_col=29 -> output_neuron=125 (grad=0.0032)
  Warning: No gradients for layer encoder.layers.encoder_layer_10.self_attention.out_proj, skipping
  Layer 30 (encoder.layers.encoder_layer_10.mlp.0): input_col=29 -> output_neuron=739 (grad=0.0159)
  Layer 31 (encoder.layers.encoder_layer_10.mlp.3): input_col=19 -> output_neuron=114 (grad=0.0066)
  Warning: No gradients for layer encoder.layers.encoder_layer_11.self_attention.out_proj, skipping
  Layer 33 (encoder.layers.encoder_layer_11.mlp.0): input_col=18 -> output_neuron=2006 (grad=0.0085)
  Layer 34 (encoder.layers.encoder_layer_11.mlp.3): input_col=38 -> output_neuron=154 (grad=0.0061)

Chain 14: Starting from neuron 37
  Layer 0 (encoder.layers.encoder_layer_0.mlp.0): input_col=37 -> output_neuron=2437 (grad=0.0005)
  Layer 1 (encoder.layers.encoder_layer_0.mlp.3): input_col=37 -> output_neuron=527 (grad=0.0004)
  Warning: No gradients for layer encoder.layers.encoder_layer_1.self_attention.out_proj, skipping
  Layer 3 (encoder.layers.encoder_layer_1.mlp.0): input_col=47 -> output_neuron=1495 (grad=0.0001)
  Layer 4 (encoder.layers.encoder_layer_1.mlp.3): input_col=7 -> output_neuron=505 (grad=0.0008)
  Warning: No gradients for layer encoder.layers.encoder_layer_2.self_attention.out_proj, skipping
  Layer 6 (encoder.layers.encoder_layer_2.mlp.0): input_col=25 -> output_neuron=432 (grad=0.0001)
  Layer 7 (encoder.layers.encoder_layer_2.mlp.3): input_col=0 -> output_neuron=601 (grad=0.0015)
  Warning: No gradients for layer encoder.layers.encoder_layer_3.self_attention.out_proj, skipping
  Layer 9 (encoder.layers.encoder_layer_3.mlp.0): input_col=25 -> output_neuron=373 (grad=0.0002)
  Layer 10 (encoder.layers.encoder_layer_3.mlp.3): input_col=37 -> output_neuron=679 (grad=0.0045)
  Warning: No gradients for layer encoder.layers.encoder_layer_4.self_attention.out_proj, skipping
  Layer 12 (encoder.layers.encoder_layer_4.mlp.0): input_col=7 -> output_neuron=2976 (grad=0.0015)
  Layer 13 (encoder.layers.encoder_layer_4.mlp.3): input_col=0 -> output_neuron=736 (grad=0.0012)
  Warning: No gradients for layer encoder.layers.encoder_layer_5.self_attention.out_proj, skipping
  Layer 15 (encoder.layers.encoder_layer_5.mlp.0): input_col=16 -> output_neuron=607 (grad=0.0048)
  Layer 16 (encoder.layers.encoder_layer_5.mlp.3): input_col=31 -> output_neuron=159 (grad=0.0013)
  Warning: No gradients for layer encoder.layers.encoder_layer_6.self_attention.out_proj, skipping
  Layer 18 (encoder.layers.encoder_layer_6.mlp.0): input_col=15 -> output_neuron=1189 (grad=0.0025)
  Layer 19 (encoder.layers.encoder_layer_6.mlp.3): input_col=37 -> output_neuron=556 (grad=0.0008)
  Warning: No gradients for layer encoder.layers.encoder_layer_7.self_attention.out_proj, skipping
  Layer 21 (encoder.layers.encoder_layer_7.mlp.0): input_col=28 -> output_neuron=565 (grad=0.0014)
  Layer 22 (encoder.layers.encoder_layer_7.mlp.3): input_col=37 -> output_neuron=142 (grad=0.0009)
  Warning: No gradients for layer encoder.layers.encoder_layer_8.self_attention.out_proj, skipping
  Layer 24 (encoder.layers.encoder_layer_8.mlp.0): input_col=46 -> output_neuron=1410 (grad=0.0020)
  Layer 25 (encoder.layers.encoder_layer_8.mlp.3): input_col=18 -> output_neuron=253 (grad=0.0024)
  Warning: No gradients for layer encoder.layers.encoder_layer_9.self_attention.out_proj, skipping
  Layer 27 (encoder.layers.encoder_layer_9.mlp.0): input_col=13 -> output_neuron=797 (grad=0.0105)
  Layer 28 (encoder.layers.encoder_layer_9.mlp.3): input_col=29 -> output_neuron=125 (grad=0.0032)
  Warning: No gradients for layer encoder.layers.encoder_layer_10.self_attention.out_proj, skipping
  Layer 30 (encoder.layers.encoder_layer_10.mlp.0): input_col=29 -> output_neuron=739 (grad=0.0159)
  Layer 31 (encoder.layers.encoder_layer_10.mlp.3): input_col=19 -> output_neuron=114 (grad=0.0066)
  Warning: No gradients for layer encoder.layers.encoder_layer_11.self_attention.out_proj, skipping
  Layer 33 (encoder.layers.encoder_layer_11.mlp.0): input_col=18 -> output_neuron=2006 (grad=0.0085)
  Layer 34 (encoder.layers.encoder_layer_11.mlp.3): input_col=38 -> output_neuron=154 (grad=0.0061)

Chain 15: Starting from neuron 42
  Layer 0 (encoder.layers.encoder_layer_0.mlp.0): input_col=42 -> output_neuron=1751 (grad=0.0000)
  Layer 1 (encoder.layers.encoder_layer_0.mlp.3): input_col=23 -> output_neuron=527 (grad=0.0020)
  Warning: No gradients for layer encoder.layers.encoder_layer_1.self_attention.out_proj, skipping
  Layer 3 (encoder.layers.encoder_layer_1.mlp.0): input_col=47 -> output_neuron=1495 (grad=0.0001)
  Layer 4 (encoder.layers.encoder_layer_1.mlp.3): input_col=7 -> output_neuron=505 (grad=0.0008)
  Warning: No gradients for layer encoder.layers.encoder_layer_2.self_attention.out_proj, skipping
  Layer 6 (encoder.layers.encoder_layer_2.mlp.0): input_col=25 -> output_neuron=432 (grad=0.0001)
  Layer 7 (encoder.layers.encoder_layer_2.mlp.3): input_col=0 -> output_neuron=601 (grad=0.0015)
  Warning: No gradients for layer encoder.layers.encoder_layer_3.self_attention.out_proj, skipping
  Layer 9 (encoder.layers.encoder_layer_3.mlp.0): input_col=25 -> output_neuron=373 (grad=0.0002)
  Layer 10 (encoder.layers.encoder_layer_3.mlp.3): input_col=37 -> output_neuron=679 (grad=0.0045)
  Warning: No gradients for layer encoder.layers.encoder_layer_4.self_attention.out_proj, skipping
  Layer 12 (encoder.layers.encoder_layer_4.mlp.0): input_col=7 -> output_neuron=2976 (grad=0.0015)
  Layer 13 (encoder.layers.encoder_layer_4.mlp.3): input_col=0 -> output_neuron=736 (grad=0.0012)
  Warning: No gradients for layer encoder.layers.encoder_layer_5.self_attention.out_proj, skipping
  Layer 15 (encoder.layers.encoder_layer_5.mlp.0): input_col=16 -> output_neuron=607 (grad=0.0048)
  Layer 16 (encoder.layers.encoder_layer_5.mlp.3): input_col=31 -> output_neuron=159 (grad=0.0013)
  Warning: No gradients for layer encoder.layers.encoder_layer_6.self_attention.out_proj, skipping
  Layer 18 (encoder.layers.encoder_layer_6.mlp.0): input_col=15 -> output_neuron=1189 (grad=0.0025)
  Layer 19 (encoder.layers.encoder_layer_6.mlp.3): input_col=37 -> output_neuron=556 (grad=0.0008)
  Warning: No gradients for layer encoder.layers.encoder_layer_7.self_attention.out_proj, skipping
  Layer 21 (encoder.layers.encoder_layer_7.mlp.0): input_col=28 -> output_neuron=565 (grad=0.0014)
  Layer 22 (encoder.layers.encoder_layer_7.mlp.3): input_col=37 -> output_neuron=142 (grad=0.0009)
  Warning: No gradients for layer encoder.layers.encoder_layer_8.self_attention.out_proj, skipping
  Layer 24 (encoder.layers.encoder_layer_8.mlp.0): input_col=46 -> output_neuron=1410 (grad=0.0020)
  Layer 25 (encoder.layers.encoder_layer_8.mlp.3): input_col=18 -> output_neuron=253 (grad=0.0024)
  Warning: No gradients for layer encoder.layers.encoder_layer_9.self_attention.out_proj, skipping
  Layer 27 (encoder.layers.encoder_layer_9.mlp.0): input_col=13 -> output_neuron=797 (grad=0.0105)
  Layer 28 (encoder.layers.encoder_layer_9.mlp.3): input_col=29 -> output_neuron=125 (grad=0.0032)
  Warning: No gradients for layer encoder.layers.encoder_layer_10.self_attention.out_proj, skipping
  Layer 30 (encoder.layers.encoder_layer_10.mlp.0): input_col=29 -> output_neuron=739 (grad=0.0159)
  Layer 31 (encoder.layers.encoder_layer_10.mlp.3): input_col=19 -> output_neuron=114 (grad=0.0066)
  Warning: No gradients for layer encoder.layers.encoder_layer_11.self_attention.out_proj, skipping
  Layer 33 (encoder.layers.encoder_layer_11.mlp.0): input_col=18 -> output_neuron=2006 (grad=0.0085)
  Layer 34 (encoder.layers.encoder_layer_11.mlp.3): input_col=38 -> output_neuron=154 (grad=0.0061)

============================================================
✓ Successfully built 16 gradient chains
============================================================

Epoch 2/100 | LR: 0.000200 | Time: 215.17s
Train Loss: 2.4383 | Train Acc: 53.08%
Val Loss: 1.3235 | Val Acc: 74.73%

Gradient Chain Statistics:
[PacaGradientChainManager - Gradient Chain Logs]
  Chains Built: True
  Number of Chains: 16
  Current Epoch: 1
  Selected Arms: [6, 9, 8, 5, 15, 13, 10, 4]
  Arm Means: [0.0, 0.0, 0.0, 0.0, 0.0, 0.0, 0.0, 0.0, 0.0, 0.0, 0.0, 0.0, 0.0, 0.0, 0.0, 0.0]
  Arm Stds: [10.0, 10.0, 10.0, 10.0, 10.0, 10.0, 10.0, 10.0, 10.0, 10.0, 10.0, 10.0, 10.0, 10.0, 10.0, 10.0]
  Arm Observation Counts: [0, 0, 0, 0, 0, 0, 0, 0, 0, 0, 0, 0, 0, 0, 0, 0]
  Last Sampled Values: [-7.588372230529785, -5.955804824829102, -18.469776153564453, -17.786182403564453, 5.109717845916748, 7.97652006149292, 14.503188133239746, -25.42694854736328, 8.182130813598633, 13.965202331542969, 6.3802409172058105, -3.4062016010284424, -2.5214476585388184, 6.524956226348877, 1.6103101968765259, 6.801685333251953]
------------------------------------------------------------

Reward: 7.05% (normalized: 0.70)

Epoch 3/100 | LR: 0.000300 | Time: 213.89s
Train Loss: 0.9825 | Train Acc: 80.30%
Val Loss: 0.8427 | Val Acc: 81.78%

Gradient Chain Statistics:
[PacaGradientChainManager - Gradient Chain Logs]
  Chains Built: True
  Number of Chains: 16
  Current Epoch: 2
  Selected Arms: [4, 6, 15, 8, 7, 10, 1, 3]
  Arm Means: [0.0, 0.0, 0.0, 0.0, 0.5640000104904175, 0.5640000104904175, 0.5640000104904175, 0.0, 0.5640000104904175, 0.5640000104904175, 0.5640000104904175, 0.0, 0.0, 0.5640000104904175, 0.0, 0.5640000104904175]
  Arm Stds: [10.0, 10.0, 10.0, 10.0, 4.4721360206604, 4.4721360206604, 4.4721360206604, 10.0, 4.4721360206604, 4.4721360206604, 4.4721360206604, 10.0, 10.0, 4.4721360206604, 10.0, 4.4721360206604]
  Arm Observation Counts: [0, 0, 0, 0, 1, 1, 1, 0, 1, 1, 1, 0, 0, 1, 0, 1]
  Last Sampled Values: [-10.246559143066406, -1.2827122211456299, -12.361021995544434, -4.558890342712402, 3.610147476196289, -4.795713424682617, 1.3301620483398438, 0.9023984670639038, 1.227921485900879, -5.394378185272217, -0.39119648933410645, -18.769433975219727, -5.392301559448242, -5.029314041137695, -5.558078289031982, 1.326615810394287]
------------------------------------------------------------

Reward: 2.64% (normalized: 0.26)

Epoch 4/100 | LR: 0.000400 | Time: 213.80s
Train Loss: 0.6332 | Train Acc: 85.87%
Val Loss: 0.6425 | Val Acc: 84.42%

Gradient Chain Statistics:
[PacaGradientChainManager - Gradient Chain Logs]
  Chains Built: True
  Number of Chains: 16
  Current Epoch: 3
  Selected Arms: [0, 2, 3, 15, 5, 10, 8, 13]
  Arm Means: [0.0, 0.21119999885559082, 0.0, 0.21119999885559082, 0.4306666851043701, 0.5640000104904175, 0.4306666851043701, 0.21119999885559082, 0.4306666851043701, 0.5640000104904175, 0.4306666851043701, 0.0, 0.0, 0.5640000104904175, 0.0, 0.4306666851043701]
  Arm Stds: [10.0, 4.4721360206604, 10.0, 4.4721360206604, 3.3333334922790527, 4.4721360206604, 3.3333334922790527, 4.4721360206604, 3.3333334922790527, 4.4721360206604, 3.3333334922790527, 10.0, 10.0, 4.4721360206604, 10.0, 3.3333334922790527]
  Arm Observation Counts: [0, 1, 0, 1, 2, 1, 2, 1, 2, 1, 2, 0, 0, 1, 0, 2]
  Last Sampled Values: [10.862732887268066, -5.559382438659668, 8.63548755645752, 6.022591590881348, -2.3986973762512207, 4.923323154449463, 0.1054343581199646, -5.5184783935546875, 2.6976101398468018, 2.1174778938293457, 3.4758996963500977, -2.80511474609375, 1.6714714765548706, 2.282219171524048, -9.987736701965332, 5.5157928466796875]
------------------------------------------------------------

Reward: 0.37% (normalized: 0.04)

Epoch 5/100 | LR: 0.000500 | Time: 214.04s
Train Loss: 0.4422 | Train Acc: 89.65%
Val Loss: 0.5899 | Val Acc: 84.79%

Gradient Chain Statistics:
[PacaGradientChainManager - Gradient Chain Logs]
  Chains Built: True
  Number of Chains: 16
  Current Epoch: 4
  Selected Arms: [11, 8, 15, 10, 2, 13, 5, 0]
  Arm Means: [0.029600000008940697, 0.21119999885559082, 0.029600000008940697, 0.13377778232097626, 0.4306666851043701, 0.3297777771949768, 0.4306666851043701, 0.21119999885559082, 0.30953845381736755, 0.5640000104904175, 0.30953845381736755, 0.0, 0.0, 0.3297777771949768, 0.0, 0.30953845381736755]
  Arm Stds: [4.4721360206604, 4.4721360206604, 4.4721360206604, 3.3333334922790527, 3.3333334922790527, 3.3333334922790527, 3.3333334922790527, 4.4721360206604, 2.77350115776062, 4.4721360206604, 2.77350115776062, 10.0, 10.0, 3.3333334922790527, 10.0, 2.77350115776062]
  Arm Observation Counts: [1, 1, 1, 2, 2, 2, 2, 1, 3, 1, 3, 0, 0, 2, 0, 3]
  Last Sampled Values: [1.7826972007751465, -2.4005966186523438, 2.7062718868255615, 0.23580220341682434, -5.991745948791504, 2.1636884212493896, -2.543531656265259, -3.5859882831573486, 5.3864264488220215, -6.184787750244141, 3.136000394821167, 12.4805908203125, -9.139452934265137, 2.334148406982422, -9.765986442565918, 3.9486067295074463]
------------------------------------------------------------

Reward: 0.67% (normalized: 0.07)

Epoch 6/100 | LR: 0.000600 | Time: 213.71s
Train Loss: 0.3299 | Train Acc: 91.99%
Val Loss: 0.5580 | Val Acc: 85.46%

Gradient Chain Statistics:
[PacaGradientChainManager - Gradient Chain Logs]
  Chains Built: True
  Number of Chains: 16
  Current Epoch: 5
  Selected Arms: [6, 8, 15, 14, 5, 3, 9, 2]
  Arm Means: [0.04622222110629082, 0.21119999885559082, 0.04622222110629082, 0.13377778232097626, 0.4306666851043701, 0.24892307817935944, 0.4306666851043701, 0.21119999885559082, 0.25247058272361755, 0.5640000104904175, 0.25247058272361755, 0.053599998354911804, 0.0, 0.24892307817935944, 0.0, 0.25247058272361755]
  Arm Stds: [3.3333334922790527, 4.4721360206604, 3.3333334922790527, 3.3333334922790527, 3.3333334922790527, 2.77350115776062, 3.3333334922790527, 4.4721360206604, 2.425356388092041, 4.4721360206604, 2.425356388092041, 4.4721360206604, 10.0, 2.77350115776062, 10.0, 2.425356388092041]
  Arm Observation Counts: [2, 1, 2, 2, 2, 3, 2, 1, 4, 1, 4, 1, 0, 3, 0, 4]
  Last Sampled Values: [2.1700477600097656, 1.1255275011062622, 2.6360292434692383, 4.259370803833008, -2.229896068572998, 4.353668212890625, 6.390082359313965, -10.881918907165527, 6.177422046661377, 3.7282490730285645, -2.458745241165161, 1.6211189031600952, 1.2185782194137573, -0.009127452969551086, 4.517575263977051, 6.101895809173584]
------------------------------------------------------------

Reward: -0.64% (normalized: -0.06)

Epoch 7/100 | LR: 0.000700 | Time: 213.84s
Train Loss: 0.2794 | Train Acc: 93.17%
Val Loss: 0.5916 | Val Acc: 84.82%

Gradient Chain Statistics:
[PacaGradientChainManager - Gradient Chain Logs]
  Chains Built: True
  Number of Chains: 16
  Current Epoch: 6
  Selected Arms: [12, 14, 2, 6, 15, 10, 7, 3]
  Arm Means: [0.04622222110629082, 0.21119999885559082, 0.012307689525187016, 0.07292307913303375, 0.4306666851043701, 0.17529411613941193, 0.2784615457057953, 0.21119999885559082, 0.19219046831130981, 0.28488889336586, 0.25247058272361755, 0.053599998354911804, 0.0, 0.24892307817935944, -0.05119999870657921, 0.19219046831130981]
  Arm Stds: [3.3333334922790527, 4.4721360206604, 2.77350115776062, 2.77350115776062, 3.3333334922790527, 2.425356388092041, 2.77350115776062, 4.4721360206604, 2.1821789741516113, 3.3333334922790527, 2.425356388092041, 4.4721360206604, 10.0, 2.77350115776062, 4.4721360206604, 2.1821789741516113]
  Arm Observation Counts: [2, 1, 3, 3, 2, 4, 3, 1, 5, 2, 4, 1, 0, 3, 1, 5]
  Last Sampled Values: [-8.372477531433105, -0.4233231544494629, 3.7134857177734375, 0.9488981366157532, -2.184269905090332, -0.08671577274799347, 3.1658854484558105, 1.6158541440963745, -1.9896087646484375, 0.33519503474235535, 2.0942912101745605, 0.1829536110162735, 14.410147666931152, 0.6644665598869324, 4.960945129394531, 2.743117570877075]
------------------------------------------------------------
No improvement for 1 epoch(s)

Reward: 0.27% (normalized: 0.03)

Epoch 8/100 | LR: 0.000800 | Time: 213.91s
Train Loss: 0.2595 | Train Acc: 93.38%
Val Loss: 0.5733 | Val Acc: 85.09%

Gradient Chain Statistics:
[PacaGradientChainManager - Gradient Chain Logs]
  Chains Built: True
  Number of Chains: 16
  Current Epoch: 7
  Selected Arms: [1, 13, 3, 6, 14, 4, 8, 12]
  Arm Means: [0.04622222110629082, 0.21119999885559082, 0.01576470397412777, 0.062117647379636765, 0.4306666851043701, 0.17529411613941193, 0.21929411590099335, 0.12933333218097687, 0.19219046831130981, 0.28488889336586, 0.20952379703521729, 0.053599998354911804, 0.02160000056028366, 0.24892307817935944, -0.01644444279372692, 0.16575999557971954]
  Arm Stds: [3.3333334922790527, 4.4721360206604, 2.425356388092041, 2.425356388092041, 3.3333334922790527, 2.425356388092041, 2.425356388092041, 3.3333334922790527, 2.1821789741516113, 3.3333334922790527, 2.1821789741516113, 4.4721360206604, 4.4721360206604, 2.77350115776062, 3.3333334922790527, 2.0]
  Arm Observation Counts: [2, 1, 4, 4, 2, 4, 4, 2, 5, 2, 5, 1, 1, 3, 2, 6]
  Last Sampled Values: [-1.7612870931625366, 7.178693771362305, -0.30920839309692383, 3.0196380615234375, 2.1994166374206543, -2.450591802597046, 2.3553621768951416, -0.6621675491333008, 2.1122686862945557, 0.14938779175281525, -0.1208406388759613, -12.25039005279541, 1.2683228254318237, 3.852247953414917, 2.2781543731689453, -0.7386711239814758]
------------------------------------------------------------
No improvement for 2 epoch(s)

Reward: -0.77% (normalized: -0.08)

Epoch 9/100 | LR: 0.000900 | Time: 213.96s
Train Loss: 0.2568 | Train Acc: 93.41%
Val Loss: 0.6152 | Val Acc: 84.32%

Gradient Chain Statistics:
[PacaGradientChainManager - Gradient Chain Logs]
  Chains Built: True
  Number of Chains: 16
  Current Epoch: 8
  Selected Arms: [7, 0, 1, 15, 14, 9, 8, 10]
  Arm Means: [0.04622222110629082, 0.08311110734939575, 0.01576470397412777, 0.03561904653906822, 0.2744615375995636, 0.17529411613941193, 0.16285713016986847, 0.12933333218097687, 0.14911998808383942, 0.28488889336586, 0.20952379703521729, 0.053599998354911804, -0.02222222276031971, 0.17223528027534485, -0.03507692366838455, 0.16575999557971954]
  Arm Stds: [3.3333334922790527, 3.3333334922790527, 2.425356388092041, 2.1821789741516113, 2.77350115776062, 2.425356388092041, 2.1821789741516113, 3.3333334922790527, 2.0, 3.3333334922790527, 2.1821789741516113, 4.4721360206604, 3.3333334922790527, 2.425356388092041, 2.77350115776062, 2.0]
  Arm Observation Counts: [2, 2, 4, 5, 3, 4, 5, 2, 6, 2, 5, 1, 2, 4, 3, 6]
  Last Sampled Values: [5.195255756378174, 4.847567558288574, -1.5822010040283203, -0.19050957262516022, 0.7150070667266846, -1.0684113502502441, -2.3877182006835938, 5.628357410430908, 1.730255126953125, 2.3072354793548584, 1.5802675485610962, -2.9302544593811035, -0.8626487255096436, 1.1316511631011963, 3.1051056385040283, 4.220123767852783]
------------------------------------------------------------
No improvement for 3 epoch(s)

Reward: -0.68% (normalized: -0.07)

Epoch 10/100 | LR: 0.001000 | Time: 213.95s
Train Loss: 0.2394 | Train Acc: 93.64%
Val Loss: 0.6318 | Val Acc: 83.64%

Gradient Chain Statistics:
[PacaGradientChainManager - Gradient Chain Logs]
  Chains Built: True
  Number of Chains: 16
  Current Epoch: 9
  Selected Arms: [12, 4, 9, 5, 7, 0, 6, 8]
  Arm Means: [0.011076919734477997, 0.03661537915468216, 0.01576470397412777, 0.03561904653906822, 0.2744615375995636, 0.17529411613941193, 0.16285713016986847, 0.0686153769493103, 0.11917240172624588, 0.17630769312381744, 0.1651199907064438, 0.053599998354911804, -0.02222222276031971, 0.17223528027534485, -0.04282353073358536, 0.13351723551750183]
  Arm Stds: [2.77350115776062, 2.77350115776062, 2.425356388092041, 2.1821789741516113, 2.77350115776062, 2.425356388092041, 2.1821789741516113, 2.77350115776062, 1.8569533824920654, 2.77350115776062, 2.0, 4.4721360206604, 3.3333334922790527, 2.425356388092041, 2.425356388092041, 1.8569533824920654]
  Arm Observation Counts: [3, 3, 4, 5, 3, 4, 5, 3, 7, 3, 6, 1, 2, 4, 4, 7]
  Last Sampled Values: [0.5868962407112122, -0.9901671409606934, -2.4634993076324463, -3.358968734741211, 3.3001880645751953, 1.9955484867095947, 0.5281342267990112, 0.9815379977226257, -0.7312044501304626, 2.497593879699707, -2.7870421409606934, -2.5064783096313477, 4.541369915008545, -1.1365959644317627, -2.2032272815704346, -1.334905982017517]
------------------------------------------------------------
No improvement for 4 epoch(s)

Reward: -0.90% (normalized: -0.09)

Epoch 11/100 | LR: 0.001000 | Time: 215.20s
Train Loss: 0.2502 | Train Acc: 93.37%
Val Loss: 0.6704 | Val Acc: 82.74%

Gradient Chain Statistics:
[PacaGradientChainManager - Gradient Chain Logs]
  Chains Built: True
  Number of Chains: 16
  Current Epoch: 10
  Selected Arms: [11, 8, 3, 6, 9, 5, 4, 15]
  Arm Means: [-0.012705887667834759, 0.03661537915468216, 0.01576470397412777, 0.03561904653906822, 0.18870587646961212, 0.1247619017958641, 0.12239998579025269, 0.03129410743713379, 0.09381817281246185, 0.11364705115556717, 0.1651199907064438, 0.053599998354911804, -0.04307692497968674, 0.17223528027534485, -0.04282353073358536, 0.13351723551750183]
  Arm Stds: [2.425356388092041, 2.77350115776062, 2.425356388092041, 2.1821789741516113, 2.425356388092041, 2.1821789741516113, 2.0, 2.425356388092041, 1.740776538848877, 2.425356388092041, 2.0, 4.4721360206604, 2.77350115776062, 2.425356388092041, 2.425356388092041, 1.8569533824920654]
  Arm Observation Counts: [4, 3, 4, 5, 4, 5, 6, 4, 8, 4, 6, 1, 3, 4, 4, 7]
  Last Sampled Values: [-0.4899746775627136, -3.7328083515167236, -2.5575554370880127, 2.086735725402832, 0.5118682980537415, 1.1988102197647095, 2.073141098022461, -3.241283655166626, 3.006901264190674, 1.91834557056427, -1.5594227313995361, 5.194352149963379, -1.471022129058838, -0.7205944061279297, -1.9305704832077026, 9.922683238983154e-05]
------------------------------------------------------------
No improvement for 5 epoch(s)

Reward: -0.08% (normalized: -0.01)

Epoch 12/100 | LR: 0.000999 | Time: 215.08s
Train Loss: 0.2391 | Train Acc: 93.65%
Val Loss: 0.6959 | Val Acc: 82.66%

Gradient Chain Statistics:
[PacaGradientChainManager - Gradient Chain Logs]
  Chains Built: True
  Number of Chains: 16
  Current Epoch: 11
  Selected Arms: [11, 9, 1, 13, 14, 3, 10, 15]
  Arm Means: [-0.012705887667834759, 0.03661537915468216, 0.01576470397412777, 0.02863999828696251, 0.1512380838394165, 0.1035199984908104, 0.10441377758979797, 0.03129410743713379, 0.08281080424785614, 0.09047618508338928, 0.1651199907064438, 0.026222221553325653, -0.04307692497968674, 0.17223528027534485, -0.04282353073358536, 0.11636362969875336]
  Arm Stds: [2.425356388092041, 2.77350115776062, 2.425356388092041, 2.0, 2.1821789741516113, 2.0, 1.8569533824920654, 2.425356388092041, 1.64398992061615, 2.1821789741516113, 2.0, 3.3333334922790527, 2.77350115776062, 2.425356388092041, 2.425356388092041, 1.740776538848877]
  Arm Observation Counts: [4, 3, 4, 6, 5, 6, 7, 4, 9, 5, 6, 2, 3, 4, 4, 8]
  Last Sampled Values: [-2.317553758621216, 2.6637587547302246, 0.6992695927619934, 2.1506991386413574, -0.7751298546791077, -0.6447781920433044, -0.8976341485977173, -1.000433325767517, -0.6178811192512512, 2.8892035484313965, 1.7611602544784546, 6.308887004852295, -0.3029678463935852, 2.4061524868011475, 2.383559465408325, 1.624212384223938]
------------------------------------------------------------
No improvement for 6 epoch(s)

Reward: -0.19% (normalized: -0.02)

Epoch 13/100 | LR: 0.000997 | Time: 215.01s
Train Loss: 0.2089 | Train Acc: 94.49%
Val Loss: 0.7142 | Val Acc: 82.47%

Gradient Chain Statistics:
[PacaGradientChainManager - Gradient Chain Logs]
  Chains Built: True
  Number of Chains: 16
  Current Epoch: 12
  Selected Arms: [2, 1, 7, 5, 14, 13, 10, 9]
  Arm Means: [-0.012705887667834759, 0.023529406636953354, 0.01576470397412777, 0.022068964317440987, 0.1512380838394165, 0.1035199984908104, 0.10441377758979797, 0.03129410743713379, 0.08281080424785614, 0.07295999675989151, 0.13972413539886475, 0.012307691387832165, -0.04307692497968674, 0.1358095109462738, -0.03828571364283562, 0.10172972083091736]
  Arm Stds: [2.425356388092041, 2.425356388092041, 2.425356388092041, 1.8569533824920654, 2.1821789741516113, 2.0, 1.8569533824920654, 2.425356388092041, 1.64398992061615, 2.0, 1.8569533824920654, 2.77350115776062, 2.77350115776062, 2.1821789741516113, 2.1821789741516113, 1.64398992061615]
  Arm Observation Counts: [4, 4, 4, 7, 5, 6, 7, 4, 9, 6, 7, 3, 3, 5, 5, 9]
  Last Sampled Values: [-4.223410129547119, 3.799462080001831, 4.095795631408691, 0.0019245091825723648, -0.7691677212715149, 2.4099743366241455, -0.2630474865436554, 2.6425256729125977, -1.4152495861053467, 0.08458986133337021, 1.463977575302124, -1.0227711200714111, -0.3345523178577423, 1.7335608005523682, 2.2401928901672363, -0.9363610744476318]
------------------------------------------------------------
No improvement for 7 epoch(s)

Reward: 0.07% (normalized: 0.01)

Epoch 14/100 | LR: 0.000995 | Time: 214.96s
Train Loss: 0.2179 | Train Acc: 94.21%
Val Loss: 0.7010 | Val Acc: 82.54%

Gradient Chain Statistics:
[PacaGradientChainManager - Gradient Chain Logs]
  Chains Built: True
  Number of Chains: 16
  Current Epoch: 13
  Selected Arms: [12, 10, 15, 14, 2, 9, 4, 6]
  Arm Means: [-0.012705887667834759, 0.02038094773888588, 0.014095236547291279, 0.022068964317440987, 0.1512380838394165, 0.09020689874887466, 0.10441377758979797, 0.026666657999157906, 0.08281080424785614, 0.06386206299066544, 0.12363636493682861, 0.012307691387832165, -0.04307692497968674, 0.1151999905705452, -0.031039999797940254, 0.10172972083091736]
  Arm Stds: [2.425356388092041, 2.1821789741516113, 2.1821789741516113, 1.8569533824920654, 2.1821789741516113, 1.8569533824920654, 1.8569533824920654, 2.1821789741516113, 1.64398992061615, 1.8569533824920654, 1.740776538848877, 2.77350115776062, 2.77350115776062, 2.0, 2.0, 1.64398992061615]
  Arm Observation Counts: [4, 5, 5, 7, 5, 7, 7, 5, 9, 7, 8, 3, 3, 6, 6, 9]
  Last Sampled Values: [-1.9666293859481812, -1.7179163694381714, 1.9821406602859497, -2.156813621520996, 0.12500931322574615, -0.4601871073246002, 0.10365957766771317, -3.026326894760132, -0.8765210509300232, 0.49223819375038147, 3.114419937133789, -0.851519763469696, 3.9184017181396484, -1.664538860321045, 2.1229329109191895, 2.745556354522705]
------------------------------------------------------------
No improvement for 8 epoch(s)

Reward: 0.31% (normalized: 0.03)

Epoch 15/100 | LR: 0.000992 | Time: 214.93s
Train Loss: 0.1992 | Train Acc: 94.63%
Val Loss: 0.7042 | Val Acc: 82.85%

Gradient Chain Statistics:
[PacaGradientChainManager - Gradient Chain Logs]
  Chains Built: True
  Number of Chains: 16
  Current Epoch: 14
  Selected Arms: [12, 2, 6, 13, 11, 5, 0, 1]
  Arm Means: [-0.012705887667834759, 0.02038094773888588, 0.01679999940097332, 0.022068964317440987, 0.13199998438358307, 0.09020689874887466, 0.09551513940095901, 0.026666657999157906, 0.08281080424785614, 0.05987878143787384, 0.11362162232398987, 0.012307691387832165, -0.025647059082984924, 0.1151999905705452, -0.02248275838792324, 0.094829261302948]
  Arm Stds: [2.425356388092041, 2.1821789741516113, 2.0, 1.8569533824920654, 2.0, 1.8569533824920654, 1.740776538848877, 2.1821789741516113, 1.64398992061615, 1.740776538848877, 1.64398992061615, 2.77350115776062, 2.425356388092041, 2.0, 1.8569533824920654, 1.5617376565933228]
  Arm Observation Counts: [4, 5, 6, 7, 6, 7, 8, 5, 9, 8, 9, 3, 4, 6, 7, 10]
  Last Sampled Values: [0.810330867767334, 0.6190767288208008, 2.5728342533111572, -3.734225034713745, -1.6434767246246338, 1.3501955270767212, 2.085592031478882, -3.6045897006988525, 0.22095438838005066, 0.10675202310085297, -0.6949784755706787, 1.3608314990997314, 4.10205078125, 1.7473995685577393, 0.6170715689659119, 0.11662070453166962]
------------------------------------------------------------
No improvement for 9 epoch(s)

Reward: -0.36% (normalized: -0.04)

Epoch 16/100 | LR: 0.000989 | Time: 214.95s
Train Loss: 0.1882 | Train Acc: 94.89%
Val Loss: 0.7255 | Val Acc: 82.49%

Gradient Chain Statistics:
[PacaGradientChainManager - Gradient Chain Logs]
  Chains Built: True
  Number of Chains: 16
  Current Epoch: 15
  Selected Arms: [3, 12, 13, 10, 1, 11, 9, 2]
  Arm Means: [-0.01714286208152771, 0.011359995231032372, 0.009517241269350052, 0.022068964317440987, 0.13199998438358307, 0.07490909099578857, 0.08129728585481644, 0.026666657999157906, 0.08281080424785614, 0.05987878143787384, 0.11362162232398987, 0.0009411746868863702, -0.027619047090411186, 0.09434481710195541, -0.02248275838792324, 0.094829261302948]
  Arm Stds: [2.1821789741516113, 2.0, 1.8569533824920654, 1.8569533824920654, 2.0, 1.740776538848877, 1.64398992061615, 2.1821789741516113, 1.64398992061615, 1.740776538848877, 1.64398992061615, 2.425356388092041, 2.1821789741516113, 1.8569533824920654, 1.8569533824920654, 1.5617376565933228]
  Arm Observation Counts: [5, 6, 7, 7, 6, 8, 9, 5, 9, 8, 9, 4, 5, 7, 7, 10]
  Last Sampled Values: [0.20323598384857178, 1.717223048210144, 0.8246867656707764, 4.4753098487854, -0.5431061387062073, -0.6219339966773987, -0.49820464849472046, -0.8731411695480347, -0.28303778171539307, 1.0555683374404907, 1.9158364534378052, 1.715258002281189, 2.589324712753296, 2.177981376647949, 0.3813243508338928, 0.501143217086792]
------------------------------------------------------------
No improvement for 10 epoch(s)
Early stopping triggered after 16 epochs.
Total training time: 3429.57 seconds
Average time per epoch: 214.35 seconds

============================================================
Training completed!
============================================================
Job completed at Fri Nov  7 17:19:49 IST 2025
