Job started at Wed Dec 31 01:42:13 IST 2025
Conda environment: mamba_paca
Python path: /export/home/achyut/miniconda3/envs/mamba_paca/bin/python
PyTorch: 2.4.0+cu121
CUDA available: True
Torchvision: 0.19.0+cu121
Using device: cuda
============================================================
Vision Transformer Fine-tuning on CIFAR-100
Using Gradient Chain Selection (Ablation)
Num Arms: 3, Num Arms to Select: 2
============================================================
Using random seed: 9685

Loading dataset...
Files already downloaded and verified
Files already downloaded and verified
Dataset loaded: 50000 train samples, 10000 val samples
Number of classes: 100

Creating ViT model for 100 classes...

PEFT config: PacaConfig(peft_type=<PeftType.PACA: 'PACA'>, auto_mapping=None, base_model_name_or_path=None, revision=None, task_type=<TaskType.FEATURE_EXTRACTION: 'FEATURE_EXTRACTION'>, inference_mode=False, r=48, target_modules={'mlp.3', 'mlp.0', 'out_proj'}, paca_alpha=96, fan_in_fan_out=False, bias='all', modules_to_save=['head'], layers_to_transform=None, layers_pattern=None, rank_pattern={}, alpha_pattern={}, megatron_config=None, megatron_core='megatron.core', layer_replication=None, gradient_accumulation_steps=1, steps_per_epoch=782, arm_distribution='gradient_chain', num_arms=3, num_arms_to_select=2, ucb_alpha=0.5, use_fixed_indices=False, arm_selection_method='thompson', thompson_distribution='gaussian', thompson_alpha_prior=1.0, thompson_beta_prior=1.0, thompson_gaussian_prior_mean=0.0, thompson_gaussian_prior_std=10.0, thompson_gaussian_noise_std=5.0, gradient_chain_warmup_epochs=2, gradient_chain_num_samples=5)
Total parameters: 149,653,448
Trainable parameters: 2,757,320 (1.84%)
Frozen parameters: 146,896,128 (98.16%)

============================================================
Fine-tuning ViT using Gradient Chain Selection:
============================================================
Calculating initial validation accuracy...
Initial Val Acc: 1.23%

Reward: 0.00% (normalized: 0.00)
Gradient chain warmup: 1/2

Epoch 1/100 | LR: 0.000100 | Time: 218.49s
Train Loss: 4.6402 | Train Acc: 1.35%
Val Loss: 4.6411 | Val Acc: 1.23%

Gradient Chain Statistics:
[PacaGradientChainManager - Gradient Chain Logs]
  Chains Built: False
  Number of Chains: 0
  Current Epoch: 0
  Arm Means: [0.0, 0.0, 0.0]
  Arm Stds: [10.0, 10.0, 10.0]
  Arm Observation Counts: [0, 0, 0]
------------------------------------------------------------

Reward: 73.76% (normalized: 7.38)

============================================================
Building Gradient Chains...
============================================================
Sampling 5 batches to estimate gradients...
  Batch 1/5 processed
  Batch 2/5 processed
  Batch 3/5 processed
  Batch 4/5 processed
  Batch 5/5 processed

Averaging gradients across batches...

Building 3 gradient chains...

Chain 0: Starting from neuron 39
  Layer 0 (encoder.layers.encoder_layer_0.mlp.0): input_col=39 -> output_neuron=2383 (grad=0.0000)
  Layer 1 (encoder.layers.encoder_layer_0.mlp.3): input_col=31 -> output_neuron=767 (grad=0.0019)
  Warning: No gradients for layer encoder.layers.encoder_layer_1.self_attention.out_proj, skipping
  Layer 3 (encoder.layers.encoder_layer_1.mlp.0): input_col=47 -> output_neuron=2708 (grad=0.0006)
  Layer 4 (encoder.layers.encoder_layer_1.mlp.3): input_col=20 -> output_neuron=679 (grad=0.0000)
  Warning: No gradients for layer encoder.layers.encoder_layer_2.self_attention.out_proj, skipping
  Layer 6 (encoder.layers.encoder_layer_2.mlp.0): input_col=7 -> output_neuron=820 (grad=0.0001)
  Layer 7 (encoder.layers.encoder_layer_2.mlp.3): input_col=4 -> output_neuron=9 (grad=0.0015)
  Warning: No gradients for layer encoder.layers.encoder_layer_3.self_attention.out_proj, skipping
  Layer 9 (encoder.layers.encoder_layer_3.mlp.0): input_col=9 -> output_neuron=2529 (grad=0.0034)
  Layer 10 (encoder.layers.encoder_layer_3.mlp.3): input_col=33 -> output_neuron=679 (grad=0.0002)
  Warning: No gradients for layer encoder.layers.encoder_layer_4.self_attention.out_proj, skipping
  Layer 12 (encoder.layers.encoder_layer_4.mlp.0): input_col=7 -> output_neuron=740 (grad=0.0016)
  Layer 13 (encoder.layers.encoder_layer_4.mlp.3): input_col=20 -> output_neuron=29 (grad=0.0029)
  Warning: No gradients for layer encoder.layers.encoder_layer_5.self_attention.out_proj, skipping
  Layer 15 (encoder.layers.encoder_layer_5.mlp.0): input_col=29 -> output_neuron=193 (grad=0.0013)
  Layer 16 (encoder.layers.encoder_layer_5.mlp.3): input_col=1 -> output_neuron=425 (grad=0.0013)
  Warning: No gradients for layer encoder.layers.encoder_layer_6.self_attention.out_proj, skipping
  Layer 18 (encoder.layers.encoder_layer_6.mlp.0): input_col=41 -> output_neuron=411 (grad=0.0029)
  Layer 19 (encoder.layers.encoder_layer_6.mlp.3): input_col=27 -> output_neuron=556 (grad=0.0015)
  Warning: No gradients for layer encoder.layers.encoder_layer_7.self_attention.out_proj, skipping
  Layer 21 (encoder.layers.encoder_layer_7.mlp.0): input_col=28 -> output_neuron=159 (grad=0.0084)
  Layer 22 (encoder.layers.encoder_layer_7.mlp.3): input_col=15 -> output_neuron=177 (grad=0.0026)
  Warning: No gradients for layer encoder.layers.encoder_layer_8.self_attention.out_proj, skipping
  Layer 24 (encoder.layers.encoder_layer_8.mlp.0): input_col=33 -> output_neuron=2468 (grad=0.0022)
  Layer 25 (encoder.layers.encoder_layer_8.mlp.3): input_col=20 -> output_neuron=425 (grad=0.0006)
  Warning: No gradients for layer encoder.layers.encoder_layer_9.self_attention.out_proj, skipping
  Layer 27 (encoder.layers.encoder_layer_9.mlp.0): input_col=41 -> output_neuron=1511 (grad=0.0450)
  Layer 28 (encoder.layers.encoder_layer_9.mlp.3): input_col=23 -> output_neuron=279 (grad=0.0234)
  Warning: No gradients for layer encoder.layers.encoder_layer_10.self_attention.out_proj, skipping
  Layer 30 (encoder.layers.encoder_layer_10.mlp.0): input_col=39 -> output_neuron=2977 (grad=0.0040)
  Layer 31 (encoder.layers.encoder_layer_10.mlp.3): input_col=1 -> output_neuron=293 (grad=0.0046)
  Warning: No gradients for layer encoder.layers.encoder_layer_11.self_attention.out_proj, skipping
  Layer 33 (encoder.layers.encoder_layer_11.mlp.0): input_col=5 -> output_neuron=916 (grad=0.0059)
  Layer 34 (encoder.layers.encoder_layer_11.mlp.3): input_col=4 -> output_neuron=298 (grad=0.0061)

Chain 1: Starting from neuron 6
  Layer 0 (encoder.layers.encoder_layer_0.mlp.0): input_col=6 -> output_neuron=2383 (grad=0.0006)
  Layer 1 (encoder.layers.encoder_layer_0.mlp.3): input_col=31 -> output_neuron=767 (grad=0.0019)
  Warning: No gradients for layer encoder.layers.encoder_layer_1.self_attention.out_proj, skipping
  Layer 3 (encoder.layers.encoder_layer_1.mlp.0): input_col=47 -> output_neuron=2708 (grad=0.0006)
  Layer 4 (encoder.layers.encoder_layer_1.mlp.3): input_col=20 -> output_neuron=679 (grad=0.0000)
  Warning: No gradients for layer encoder.layers.encoder_layer_2.self_attention.out_proj, skipping
  Layer 6 (encoder.layers.encoder_layer_2.mlp.0): input_col=7 -> output_neuron=820 (grad=0.0001)
  Layer 7 (encoder.layers.encoder_layer_2.mlp.3): input_col=4 -> output_neuron=9 (grad=0.0015)
  Warning: No gradients for layer encoder.layers.encoder_layer_3.self_attention.out_proj, skipping
  Layer 9 (encoder.layers.encoder_layer_3.mlp.0): input_col=9 -> output_neuron=2529 (grad=0.0034)
  Layer 10 (encoder.layers.encoder_layer_3.mlp.3): input_col=33 -> output_neuron=679 (grad=0.0002)
  Warning: No gradients for layer encoder.layers.encoder_layer_4.self_attention.out_proj, skipping
  Layer 12 (encoder.layers.encoder_layer_4.mlp.0): input_col=7 -> output_neuron=740 (grad=0.0016)
  Layer 13 (encoder.layers.encoder_layer_4.mlp.3): input_col=20 -> output_neuron=29 (grad=0.0029)
  Warning: No gradients for layer encoder.layers.encoder_layer_5.self_attention.out_proj, skipping
  Layer 15 (encoder.layers.encoder_layer_5.mlp.0): input_col=29 -> output_neuron=193 (grad=0.0013)
  Layer 16 (encoder.layers.encoder_layer_5.mlp.3): input_col=1 -> output_neuron=425 (grad=0.0013)
  Warning: No gradients for layer encoder.layers.encoder_layer_6.self_attention.out_proj, skipping
  Layer 18 (encoder.layers.encoder_layer_6.mlp.0): input_col=41 -> output_neuron=411 (grad=0.0029)
  Layer 19 (encoder.layers.encoder_layer_6.mlp.3): input_col=27 -> output_neuron=556 (grad=0.0015)
  Warning: No gradients for layer encoder.layers.encoder_layer_7.self_attention.out_proj, skipping
  Layer 21 (encoder.layers.encoder_layer_7.mlp.0): input_col=28 -> output_neuron=159 (grad=0.0084)
  Layer 22 (encoder.layers.encoder_layer_7.mlp.3): input_col=15 -> output_neuron=177 (grad=0.0026)
  Warning: No gradients for layer encoder.layers.encoder_layer_8.self_attention.out_proj, skipping
  Layer 24 (encoder.layers.encoder_layer_8.mlp.0): input_col=33 -> output_neuron=2468 (grad=0.0022)
  Layer 25 (encoder.layers.encoder_layer_8.mlp.3): input_col=20 -> output_neuron=425 (grad=0.0006)
  Warning: No gradients for layer encoder.layers.encoder_layer_9.self_attention.out_proj, skipping
  Layer 27 (encoder.layers.encoder_layer_9.mlp.0): input_col=41 -> output_neuron=1511 (grad=0.0450)
  Layer 28 (encoder.layers.encoder_layer_9.mlp.3): input_col=23 -> output_neuron=279 (grad=0.0234)
  Warning: No gradients for layer encoder.layers.encoder_layer_10.self_attention.out_proj, skipping
  Layer 30 (encoder.layers.encoder_layer_10.mlp.0): input_col=39 -> output_neuron=2977 (grad=0.0040)
  Layer 31 (encoder.layers.encoder_layer_10.mlp.3): input_col=1 -> output_neuron=293 (grad=0.0046)
  Warning: No gradients for layer encoder.layers.encoder_layer_11.self_attention.out_proj, skipping
  Layer 33 (encoder.layers.encoder_layer_11.mlp.0): input_col=5 -> output_neuron=916 (grad=0.0059)
  Layer 34 (encoder.layers.encoder_layer_11.mlp.3): input_col=4 -> output_neuron=298 (grad=0.0061)

Chain 2: Starting from neuron 45
  Layer 0 (encoder.layers.encoder_layer_0.mlp.0): input_col=45 -> output_neuron=2383 (grad=0.0000)
  Layer 1 (encoder.layers.encoder_layer_0.mlp.3): input_col=31 -> output_neuron=767 (grad=0.0019)
  Warning: No gradients for layer encoder.layers.encoder_layer_1.self_attention.out_proj, skipping
  Layer 3 (encoder.layers.encoder_layer_1.mlp.0): input_col=47 -> output_neuron=2708 (grad=0.0006)
  Layer 4 (encoder.layers.encoder_layer_1.mlp.3): input_col=20 -> output_neuron=679 (grad=0.0000)
  Warning: No gradients for layer encoder.layers.encoder_layer_2.self_attention.out_proj, skipping
  Layer 6 (encoder.layers.encoder_layer_2.mlp.0): input_col=7 -> output_neuron=820 (grad=0.0001)
  Layer 7 (encoder.layers.encoder_layer_2.mlp.3): input_col=4 -> output_neuron=9 (grad=0.0015)
  Warning: No gradients for layer encoder.layers.encoder_layer_3.self_attention.out_proj, skipping
  Layer 9 (encoder.layers.encoder_layer_3.mlp.0): input_col=9 -> output_neuron=2529 (grad=0.0034)
  Layer 10 (encoder.layers.encoder_layer_3.mlp.3): input_col=33 -> output_neuron=679 (grad=0.0002)
  Warning: No gradients for layer encoder.layers.encoder_layer_4.self_attention.out_proj, skipping
  Layer 12 (encoder.layers.encoder_layer_4.mlp.0): input_col=7 -> output_neuron=740 (grad=0.0016)
  Layer 13 (encoder.layers.encoder_layer_4.mlp.3): input_col=20 -> output_neuron=29 (grad=0.0029)
  Warning: No gradients for layer encoder.layers.encoder_layer_5.self_attention.out_proj, skipping
  Layer 15 (encoder.layers.encoder_layer_5.mlp.0): input_col=29 -> output_neuron=193 (grad=0.0013)
  Layer 16 (encoder.layers.encoder_layer_5.mlp.3): input_col=1 -> output_neuron=425 (grad=0.0013)
  Warning: No gradients for layer encoder.layers.encoder_layer_6.self_attention.out_proj, skipping
  Layer 18 (encoder.layers.encoder_layer_6.mlp.0): input_col=41 -> output_neuron=411 (grad=0.0029)
  Layer 19 (encoder.layers.encoder_layer_6.mlp.3): input_col=27 -> output_neuron=556 (grad=0.0015)
  Warning: No gradients for layer encoder.layers.encoder_layer_7.self_attention.out_proj, skipping
  Layer 21 (encoder.layers.encoder_layer_7.mlp.0): input_col=28 -> output_neuron=159 (grad=0.0084)
  Layer 22 (encoder.layers.encoder_layer_7.mlp.3): input_col=15 -> output_neuron=177 (grad=0.0026)
  Warning: No gradients for layer encoder.layers.encoder_layer_8.self_attention.out_proj, skipping
  Layer 24 (encoder.layers.encoder_layer_8.mlp.0): input_col=33 -> output_neuron=2468 (grad=0.0022)
  Layer 25 (encoder.layers.encoder_layer_8.mlp.3): input_col=20 -> output_neuron=425 (grad=0.0006)
  Warning: No gradients for layer encoder.layers.encoder_layer_9.self_attention.out_proj, skipping
  Layer 27 (encoder.layers.encoder_layer_9.mlp.0): input_col=41 -> output_neuron=1511 (grad=0.0450)
  Layer 28 (encoder.layers.encoder_layer_9.mlp.3): input_col=23 -> output_neuron=279 (grad=0.0234)
  Warning: No gradients for layer encoder.layers.encoder_layer_10.self_attention.out_proj, skipping
  Layer 30 (encoder.layers.encoder_layer_10.mlp.0): input_col=39 -> output_neuron=2977 (grad=0.0040)
  Layer 31 (encoder.layers.encoder_layer_10.mlp.3): input_col=1 -> output_neuron=293 (grad=0.0046)
  Warning: No gradients for layer encoder.layers.encoder_layer_11.self_attention.out_proj, skipping
  Layer 33 (encoder.layers.encoder_layer_11.mlp.0): input_col=5 -> output_neuron=916 (grad=0.0059)
  Layer 34 (encoder.layers.encoder_layer_11.mlp.3): input_col=4 -> output_neuron=298 (grad=0.0061)

============================================================
✓ Successfully built 3 gradient chains
============================================================

Epoch 2/100 | LR: 0.000200 | Time: 221.42s
Train Loss: 2.3917 | Train Acc: 53.47%
Val Loss: 1.2750 | Val Acc: 74.99%

Gradient Chain Statistics:
[PacaGradientChainManager - Gradient Chain Logs]
  Chains Built: True
  Number of Chains: 3
  Current Epoch: 1
  Selected Arms: [1, 0]
  Arm Means: [0.0, 0.0, 0.0]
  Arm Stds: [10.0, 10.0, 10.0]
  Arm Observation Counts: [0, 0, 0]
  Last Sampled Values: [-1.2350586652755737, 0.5688096284866333, -5.790088653564453]
------------------------------------------------------------

Reward: 7.43% (normalized: 0.74)

Epoch 3/100 | LR: 0.000300 | Time: 220.02s
Train Loss: 0.9507 | Train Acc: 80.29%
Val Loss: 0.7919 | Val Acc: 82.42%

Gradient Chain Statistics:
[PacaGradientChainManager - Gradient Chain Logs]
  Chains Built: True
  Number of Chains: 3
  Current Epoch: 2
  Selected Arms: [0, 2]
  Arm Means: [0.5943999886512756, 0.5943999886512756, 0.0]
  Arm Stds: [4.4721360206604, 4.4721360206604, 10.0]
  Arm Observation Counts: [1, 1, 0]
  Last Sampled Values: [-0.44962650537490845, -6.170862197875977, -5.719095230102539]
------------------------------------------------------------

Reward: 2.09% (normalized: 0.21)

Epoch 4/100 | LR: 0.000400 | Time: 219.77s
Train Loss: 0.5994 | Train Acc: 86.38%
Val Loss: 0.6198 | Val Acc: 84.51%

Gradient Chain Statistics:
[PacaGradientChainManager - Gradient Chain Logs]
  Chains Built: True
  Number of Chains: 3
  Current Epoch: 3
  Selected Arms: [1, 2]
  Arm Means: [0.42311111092567444, 0.5943999886512756, 0.1671999990940094]
  Arm Stds: [3.3333334922790527, 4.4721360206604, 4.4721360206604]
  Arm Observation Counts: [2, 1, 1]
  Last Sampled Values: [-3.753314733505249, -0.005208075046539307, -2.512946605682373]
------------------------------------------------------------

Reward: 0.06% (normalized: 0.01)

Epoch 5/100 | LR: 0.000500 | Time: 219.72s
Train Loss: 0.4145 | Train Acc: 90.08%
Val Loss: 0.5783 | Val Acc: 84.57%

Gradient Chain Statistics:
[PacaGradientChainManager - Gradient Chain Logs]
  Chains Built: True
  Number of Chains: 3
  Current Epoch: 4
  Selected Arms: [2, 1]
  Arm Means: [0.42311111092567444, 0.3328888714313507, 0.09555555135011673]
  Arm Stds: [3.3333334922790527, 3.3333334922790527, 3.3333334922790527]
  Arm Observation Counts: [2, 2, 2]
  Last Sampled Values: [-2.7260704040527344, -1.2642995119094849, 0.3578624427318573]
------------------------------------------------------------

Reward: 0.00% (normalized: 0.00)

Epoch 6/100 | LR: 0.000600 | Time: 219.77s
Train Loss: 0.3286 | Train Acc: 92.08%
Val Loss: 0.5701 | Val Acc: 84.57%

Gradient Chain Statistics:
[PacaGradientChainManager - Gradient Chain Logs]
  Chains Built: True
  Number of Chains: 3
  Current Epoch: 5
  Selected Arms: [0, 1]
  Arm Means: [0.42311111092567444, 0.23046152293682098, 0.06615383923053741]
  Arm Stds: [3.3333334922790527, 2.77350115776062, 2.77350115776062]
  Arm Observation Counts: [2, 3, 3]
  Last Sampled Values: [4.888609886169434, -0.8711287379264832, -0.8947972059249878]
------------------------------------------------------------

Reward: -0.05% (normalized: -0.00)

Epoch 7/100 | LR: 0.000700 | Time: 219.75s
Train Loss: 0.2681 | Train Acc: 93.31%
Val Loss: 0.5915 | Val Acc: 84.52%

Gradient Chain Statistics:
[PacaGradientChainManager - Gradient Chain Logs]
  Chains Built: True
  Number of Chains: 3
  Current Epoch: 6
  Selected Arms: [0, 2]
  Arm Means: [0.29138460755348206, 0.17505881190299988, 0.06615383923053741]
  Arm Stds: [2.77350115776062, 2.425356388092041, 2.77350115776062]
  Arm Observation Counts: [3, 4, 3]
  Last Sampled Values: [3.7506625652313232, -5.152104377746582, -0.9389118552207947]
------------------------------------------------------------
No improvement for 1 epoch(s)

Reward: -1.08% (normalized: -0.11)

Epoch 8/100 | LR: 0.000800 | Time: 219.85s
Train Loss: 0.2565 | Train Acc: 93.43%
Val Loss: 0.6489 | Val Acc: 83.44%

Gradient Chain Statistics:
[PacaGradientChainManager - Gradient Chain Logs]
  Chains Built: True
  Number of Chains: 3
  Current Epoch: 7
  Selected Arms: [2, 1]
  Arm Means: [0.19741174578666687, 0.17505881190299988, 0.025176461786031723]
  Arm Stds: [2.425356388092041, 2.425356388092041, 2.425356388092041]
  Arm Observation Counts: [4, 4, 4]
  Last Sampled Values: [-0.7909591197967529, 1.6149225234985352, 2.6006035804748535]
------------------------------------------------------------
No improvement for 2 epoch(s)

Reward: 1.18% (normalized: 0.12)

Epoch 9/100 | LR: 0.000900 | Time: 220.02s
Train Loss: 0.2550 | Train Acc: 93.27%
Val Loss: 0.6009 | Val Acc: 84.62%

Gradient Chain Statistics:
[PacaGradientChainManager - Gradient Chain Logs]
  Chains Built: True
  Number of Chains: 3
  Current Epoch: 8
  Selected Arms: [0, 2]
  Arm Means: [0.19741174578666687, 0.16419047117233276, 0.04285713657736778]
  Arm Stds: [2.425356388092041, 2.1821789741516113, 2.1821789741516113]
  Arm Observation Counts: [4, 5, 5]
  Last Sampled Values: [0.7782818078994751, -2.6290903091430664, -0.4358571171760559]
------------------------------------------------------------
No improvement for 3 epoch(s)

Reward: -1.41% (normalized: -0.14)

Epoch 10/100 | LR: 0.001000 | Time: 219.90s
Train Loss: 0.2592 | Train Acc: 93.13%
Val Loss: 0.6496 | Val Acc: 83.21%

Gradient Chain Statistics:
[PacaGradientChainManager - Gradient Chain Logs]
  Chains Built: True
  Number of Chains: 3
  Current Epoch: 9
  Selected Arms: [2, 1]
  Arm Means: [0.13295236229896545, 0.16419047117233276, 0.013439993374049664]
  Arm Stds: [2.1821789741516113, 2.1821789741516113, 2.0]
  Arm Observation Counts: [5, 5, 6]
  Last Sampled Values: [-6.2230939865112305, 0.3855370283126831, 0.8872523307800293]
------------------------------------------------------------
No improvement for 4 epoch(s)

Reward: -0.57% (normalized: -0.06)

Epoch 11/100 | LR: 0.001000 | Time: 221.10s
Train Loss: 0.2737 | Train Acc: 92.73%
Val Loss: 0.6941 | Val Acc: 82.64%

Gradient Chain Statistics:
[PacaGradientChainManager - Gradient Chain Logs]
  Chains Built: True
  Number of Chains: 3
  Current Epoch: 10
  Selected Arms: [0, 2]
  Arm Means: [0.13295236229896545, 0.12879998981952667, 0.0037241321988403797]
  Arm Stds: [2.1821789741516113, 2.0, 1.8569533824920654]
  Arm Observation Counts: [5, 6, 7]
  Last Sampled Values: [0.18074458837509155, -3.997089385986328, -0.4536173939704895]
------------------------------------------------------------
No improvement for 5 epoch(s)

Reward: 0.48% (normalized: 0.05)

Epoch 12/100 | LR: 0.000999 | Time: 221.12s
Train Loss: 0.2530 | Train Acc: 93.27%
Val Loss: 0.6677 | Val Acc: 83.12%

Gradient Chain Statistics:
[PacaGradientChainManager - Gradient Chain Logs]
  Chains Built: True
  Number of Chains: 3
  Current Epoch: 11
  Selected Arms: [0, 1]
  Arm Means: [0.11935998499393463, 0.12879998981952667, 0.009090904146432877]
  Arm Stds: [2.0, 2.0, 1.740776538848877]
  Arm Observation Counts: [6, 6, 8]
  Last Sampled Values: [3.5428261756896973, -0.08754736185073853, -0.821904182434082]
------------------------------------------------------------
No improvement for 6 epoch(s)

Reward: 0.34% (normalized: 0.03)

Epoch 13/100 | LR: 0.000997 | Time: 220.71s
Train Loss: 0.2344 | Train Acc: 93.69%
Val Loss: 0.6689 | Val Acc: 83.46%

Gradient Chain Statistics:
[PacaGradientChainManager - Gradient Chain Logs]
  Chains Built: True
  Number of Chains: 3
  Current Epoch: 12
  Selected Arms: [0, 1]
  Arm Means: [0.10758619755506516, 0.11572413146495819, 0.009090904146432877]
  Arm Stds: [1.8569533824920654, 1.8569533824920654, 1.740776538848877]
  Arm Observation Counts: [7, 7, 8]
  Last Sampled Values: [-0.24632933735847473, -0.43073970079421997, -1.37391197681427]
------------------------------------------------------------
No improvement for 7 epoch(s)
Early stopping triggered after 13 epochs.
Total training time: 2861.64 seconds
Average time per epoch: 220.13 seconds

============================================================
Training completed!
============================================================
Using device: cuda
============================================================
Vision Transformer Fine-tuning on CIFAR-100
Using Gradient Chain Selection (Ablation)
Num Arms: 4, Num Arms to Select: 2
============================================================
Using random seed: 9155

Loading dataset...
Files already downloaded and verified
Files already downloaded and verified
Dataset loaded: 50000 train samples, 10000 val samples
Number of classes: 100

Creating ViT model for 100 classes...

PEFT config: PacaConfig(peft_type=<PeftType.PACA: 'PACA'>, auto_mapping=None, base_model_name_or_path=None, revision=None, task_type=<TaskType.FEATURE_EXTRACTION: 'FEATURE_EXTRACTION'>, inference_mode=False, r=48, target_modules={'out_proj', 'mlp.0', 'mlp.3'}, paca_alpha=96, fan_in_fan_out=False, bias='all', modules_to_save=['head'], layers_to_transform=None, layers_pattern=None, rank_pattern={}, alpha_pattern={}, megatron_config=None, megatron_core='megatron.core', layer_replication=None, gradient_accumulation_steps=1, steps_per_epoch=782, arm_distribution='gradient_chain', num_arms=4, num_arms_to_select=2, ucb_alpha=0.5, use_fixed_indices=False, arm_selection_method='thompson', thompson_distribution='gaussian', thompson_alpha_prior=1.0, thompson_beta_prior=1.0, thompson_gaussian_prior_mean=0.0, thompson_gaussian_prior_std=10.0, thompson_gaussian_noise_std=5.0, gradient_chain_warmup_epochs=2, gradient_chain_num_samples=5)
Total parameters: 149,653,448
Trainable parameters: 2,757,320 (1.84%)
Frozen parameters: 146,896,128 (98.16%)

============================================================
Fine-tuning ViT using Gradient Chain Selection:
============================================================
Calculating initial validation accuracy...
Initial Val Acc: 0.62%

Reward: 0.00% (normalized: 0.00)
Gradient chain warmup: 1/2

Epoch 1/100 | LR: 0.000100 | Time: 219.24s
Train Loss: 4.7238 | Train Acc: 0.72%
Val Loss: 4.7296 | Val Acc: 0.62%

Gradient Chain Statistics:
[PacaGradientChainManager - Gradient Chain Logs]
  Chains Built: False
  Number of Chains: 0
  Current Epoch: 0
  Arm Means: [0.0, 0.0, 0.0, 0.0]
  Arm Stds: [10.0, 10.0, 10.0, 10.0]
  Arm Observation Counts: [0, 0, 0, 0]
------------------------------------------------------------

Reward: 70.50% (normalized: 7.05)

============================================================
Building Gradient Chains...
============================================================
Sampling 5 batches to estimate gradients...
  Batch 1/5 processed
  Batch 2/5 processed
  Batch 3/5 processed
  Batch 4/5 processed
  Batch 5/5 processed

Averaging gradients across batches...

Building 4 gradient chains...

Chain 0: Starting from neuron 18
  Layer 0 (encoder.layers.encoder_layer_0.mlp.0): input_col=18 -> output_neuron=2383 (grad=0.0001)
  Layer 1 (encoder.layers.encoder_layer_0.mlp.3): input_col=31 -> output_neuron=571 (grad=0.0003)
  Warning: No gradients for layer encoder.layers.encoder_layer_1.self_attention.out_proj, skipping
  Layer 3 (encoder.layers.encoder_layer_1.mlp.0): input_col=43 -> output_neuron=975 (grad=0.0004)
  Layer 4 (encoder.layers.encoder_layer_1.mlp.3): input_col=15 -> output_neuron=423 (grad=0.0012)
  Warning: No gradients for layer encoder.layers.encoder_layer_2.self_attention.out_proj, skipping
  Layer 6 (encoder.layers.encoder_layer_2.mlp.0): input_col=39 -> output_neuron=2409 (grad=0.0003)
  Layer 7 (encoder.layers.encoder_layer_2.mlp.3): input_col=9 -> output_neuron=726 (grad=0.0015)
  Warning: No gradients for layer encoder.layers.encoder_layer_3.self_attention.out_proj, skipping
  Layer 9 (encoder.layers.encoder_layer_3.mlp.0): input_col=6 -> output_neuron=2529 (grad=0.0020)
  Layer 10 (encoder.layers.encoder_layer_3.mlp.3): input_col=33 -> output_neuron=88 (grad=0.0014)
  Warning: No gradients for layer encoder.layers.encoder_layer_4.self_attention.out_proj, skipping
  Layer 12 (encoder.layers.encoder_layer_4.mlp.0): input_col=40 -> output_neuron=118 (grad=0.0035)
  Layer 13 (encoder.layers.encoder_layer_4.mlp.3): input_col=22 -> output_neuron=488 (grad=0.0014)
  Warning: No gradients for layer encoder.layers.encoder_layer_5.self_attention.out_proj, skipping
  Layer 15 (encoder.layers.encoder_layer_5.mlp.0): input_col=8 -> output_neuron=374 (grad=0.0819)
  Layer 16 (encoder.layers.encoder_layer_5.mlp.3): input_col=38 -> output_neuron=498 (grad=0.0016)
  Warning: No gradients for layer encoder.layers.encoder_layer_6.self_attention.out_proj, skipping
  Layer 18 (encoder.layers.encoder_layer_6.mlp.0): input_col=18 -> output_neuron=411 (grad=0.0005)
  Layer 19 (encoder.layers.encoder_layer_6.mlp.3): input_col=27 -> output_neuron=356 (grad=0.0015)
  Warning: No gradients for layer encoder.layers.encoder_layer_7.self_attention.out_proj, skipping
  Layer 21 (encoder.layers.encoder_layer_7.mlp.0): input_col=20 -> output_neuron=2496 (grad=0.0024)
  Layer 22 (encoder.layers.encoder_layer_7.mlp.3): input_col=0 -> output_neuron=719 (grad=0.0042)
  Warning: No gradients for layer encoder.layers.encoder_layer_8.self_attention.out_proj, skipping
  Layer 24 (encoder.layers.encoder_layer_8.mlp.0): input_col=47 -> output_neuron=1586 (grad=0.0045)
  Layer 25 (encoder.layers.encoder_layer_8.mlp.3): input_col=2 -> output_neuron=356 (grad=0.0016)
  Warning: No gradients for layer encoder.layers.encoder_layer_9.self_attention.out_proj, skipping
  Layer 27 (encoder.layers.encoder_layer_9.mlp.0): input_col=20 -> output_neuron=2418 (grad=0.0257)
  Layer 28 (encoder.layers.encoder_layer_9.mlp.3): input_col=18 -> output_neuron=88 (grad=0.0040)
  Warning: No gradients for layer encoder.layers.encoder_layer_10.self_attention.out_proj, skipping
  Layer 30 (encoder.layers.encoder_layer_10.mlp.0): input_col=40 -> output_neuron=1437 (grad=0.0063)
  Layer 31 (encoder.layers.encoder_layer_10.mlp.3): input_col=45 -> output_neuron=719 (grad=0.0052)
  Warning: No gradients for layer encoder.layers.encoder_layer_11.self_attention.out_proj, skipping
  Layer 33 (encoder.layers.encoder_layer_11.mlp.0): input_col=47 -> output_neuron=1631 (grad=0.0088)
  Layer 34 (encoder.layers.encoder_layer_11.mlp.3): input_col=47 -> output_neuron=90 (grad=0.0065)

Chain 1: Starting from neuron 38
  Layer 0 (encoder.layers.encoder_layer_0.mlp.0): input_col=38 -> output_neuron=2383 (grad=0.0002)
  Layer 1 (encoder.layers.encoder_layer_0.mlp.3): input_col=31 -> output_neuron=571 (grad=0.0003)
  Warning: No gradients for layer encoder.layers.encoder_layer_1.self_attention.out_proj, skipping
  Layer 3 (encoder.layers.encoder_layer_1.mlp.0): input_col=43 -> output_neuron=975 (grad=0.0004)
  Layer 4 (encoder.layers.encoder_layer_1.mlp.3): input_col=15 -> output_neuron=423 (grad=0.0012)
  Warning: No gradients for layer encoder.layers.encoder_layer_2.self_attention.out_proj, skipping
  Layer 6 (encoder.layers.encoder_layer_2.mlp.0): input_col=39 -> output_neuron=2409 (grad=0.0003)
  Layer 7 (encoder.layers.encoder_layer_2.mlp.3): input_col=9 -> output_neuron=726 (grad=0.0015)
  Warning: No gradients for layer encoder.layers.encoder_layer_3.self_attention.out_proj, skipping
  Layer 9 (encoder.layers.encoder_layer_3.mlp.0): input_col=6 -> output_neuron=2529 (grad=0.0020)
  Layer 10 (encoder.layers.encoder_layer_3.mlp.3): input_col=33 -> output_neuron=88 (grad=0.0014)
  Warning: No gradients for layer encoder.layers.encoder_layer_4.self_attention.out_proj, skipping
  Layer 12 (encoder.layers.encoder_layer_4.mlp.0): input_col=40 -> output_neuron=118 (grad=0.0035)
  Layer 13 (encoder.layers.encoder_layer_4.mlp.3): input_col=22 -> output_neuron=488 (grad=0.0014)
  Warning: No gradients for layer encoder.layers.encoder_layer_5.self_attention.out_proj, skipping
  Layer 15 (encoder.layers.encoder_layer_5.mlp.0): input_col=8 -> output_neuron=374 (grad=0.0819)
  Layer 16 (encoder.layers.encoder_layer_5.mlp.3): input_col=38 -> output_neuron=498 (grad=0.0016)
  Warning: No gradients for layer encoder.layers.encoder_layer_6.self_attention.out_proj, skipping
  Layer 18 (encoder.layers.encoder_layer_6.mlp.0): input_col=18 -> output_neuron=411 (grad=0.0005)
  Layer 19 (encoder.layers.encoder_layer_6.mlp.3): input_col=27 -> output_neuron=356 (grad=0.0015)
  Warning: No gradients for layer encoder.layers.encoder_layer_7.self_attention.out_proj, skipping
  Layer 21 (encoder.layers.encoder_layer_7.mlp.0): input_col=20 -> output_neuron=2496 (grad=0.0024)
  Layer 22 (encoder.layers.encoder_layer_7.mlp.3): input_col=0 -> output_neuron=719 (grad=0.0042)
  Warning: No gradients for layer encoder.layers.encoder_layer_8.self_attention.out_proj, skipping
  Layer 24 (encoder.layers.encoder_layer_8.mlp.0): input_col=47 -> output_neuron=1586 (grad=0.0045)
  Layer 25 (encoder.layers.encoder_layer_8.mlp.3): input_col=2 -> output_neuron=356 (grad=0.0016)
  Warning: No gradients for layer encoder.layers.encoder_layer_9.self_attention.out_proj, skipping
  Layer 27 (encoder.layers.encoder_layer_9.mlp.0): input_col=20 -> output_neuron=2418 (grad=0.0257)
  Layer 28 (encoder.layers.encoder_layer_9.mlp.3): input_col=18 -> output_neuron=88 (grad=0.0040)
  Warning: No gradients for layer encoder.layers.encoder_layer_10.self_attention.out_proj, skipping
  Layer 30 (encoder.layers.encoder_layer_10.mlp.0): input_col=40 -> output_neuron=1437 (grad=0.0063)
  Layer 31 (encoder.layers.encoder_layer_10.mlp.3): input_col=45 -> output_neuron=719 (grad=0.0052)
  Warning: No gradients for layer encoder.layers.encoder_layer_11.self_attention.out_proj, skipping
  Layer 33 (encoder.layers.encoder_layer_11.mlp.0): input_col=47 -> output_neuron=1631 (grad=0.0088)
  Layer 34 (encoder.layers.encoder_layer_11.mlp.3): input_col=47 -> output_neuron=90 (grad=0.0065)

Chain 2: Starting from neuron 39
  Layer 0 (encoder.layers.encoder_layer_0.mlp.0): input_col=39 -> output_neuron=2383 (grad=0.0002)
  Layer 1 (encoder.layers.encoder_layer_0.mlp.3): input_col=31 -> output_neuron=571 (grad=0.0003)
  Warning: No gradients for layer encoder.layers.encoder_layer_1.self_attention.out_proj, skipping
  Layer 3 (encoder.layers.encoder_layer_1.mlp.0): input_col=43 -> output_neuron=975 (grad=0.0004)
  Layer 4 (encoder.layers.encoder_layer_1.mlp.3): input_col=15 -> output_neuron=423 (grad=0.0012)
  Warning: No gradients for layer encoder.layers.encoder_layer_2.self_attention.out_proj, skipping
  Layer 6 (encoder.layers.encoder_layer_2.mlp.0): input_col=39 -> output_neuron=2409 (grad=0.0003)
  Layer 7 (encoder.layers.encoder_layer_2.mlp.3): input_col=9 -> output_neuron=726 (grad=0.0015)
  Warning: No gradients for layer encoder.layers.encoder_layer_3.self_attention.out_proj, skipping
  Layer 9 (encoder.layers.encoder_layer_3.mlp.0): input_col=6 -> output_neuron=2529 (grad=0.0020)
  Layer 10 (encoder.layers.encoder_layer_3.mlp.3): input_col=33 -> output_neuron=88 (grad=0.0014)
  Warning: No gradients for layer encoder.layers.encoder_layer_4.self_attention.out_proj, skipping
  Layer 12 (encoder.layers.encoder_layer_4.mlp.0): input_col=40 -> output_neuron=118 (grad=0.0035)
  Layer 13 (encoder.layers.encoder_layer_4.mlp.3): input_col=22 -> output_neuron=488 (grad=0.0014)
  Warning: No gradients for layer encoder.layers.encoder_layer_5.self_attention.out_proj, skipping
  Layer 15 (encoder.layers.encoder_layer_5.mlp.0): input_col=8 -> output_neuron=374 (grad=0.0819)
  Layer 16 (encoder.layers.encoder_layer_5.mlp.3): input_col=38 -> output_neuron=498 (grad=0.0016)
  Warning: No gradients for layer encoder.layers.encoder_layer_6.self_attention.out_proj, skipping
  Layer 18 (encoder.layers.encoder_layer_6.mlp.0): input_col=18 -> output_neuron=411 (grad=0.0005)
  Layer 19 (encoder.layers.encoder_layer_6.mlp.3): input_col=27 -> output_neuron=356 (grad=0.0015)
  Warning: No gradients for layer encoder.layers.encoder_layer_7.self_attention.out_proj, skipping
  Layer 21 (encoder.layers.encoder_layer_7.mlp.0): input_col=20 -> output_neuron=2496 (grad=0.0024)
  Layer 22 (encoder.layers.encoder_layer_7.mlp.3): input_col=0 -> output_neuron=719 (grad=0.0042)
  Warning: No gradients for layer encoder.layers.encoder_layer_8.self_attention.out_proj, skipping
  Layer 24 (encoder.layers.encoder_layer_8.mlp.0): input_col=47 -> output_neuron=1586 (grad=0.0045)
  Layer 25 (encoder.layers.encoder_layer_8.mlp.3): input_col=2 -> output_neuron=356 (grad=0.0016)
  Warning: No gradients for layer encoder.layers.encoder_layer_9.self_attention.out_proj, skipping
  Layer 27 (encoder.layers.encoder_layer_9.mlp.0): input_col=20 -> output_neuron=2418 (grad=0.0257)
  Layer 28 (encoder.layers.encoder_layer_9.mlp.3): input_col=18 -> output_neuron=88 (grad=0.0040)
  Warning: No gradients for layer encoder.layers.encoder_layer_10.self_attention.out_proj, skipping
  Layer 30 (encoder.layers.encoder_layer_10.mlp.0): input_col=40 -> output_neuron=1437 (grad=0.0063)
  Layer 31 (encoder.layers.encoder_layer_10.mlp.3): input_col=45 -> output_neuron=719 (grad=0.0052)
  Warning: No gradients for layer encoder.layers.encoder_layer_11.self_attention.out_proj, skipping
  Layer 33 (encoder.layers.encoder_layer_11.mlp.0): input_col=47 -> output_neuron=1631 (grad=0.0088)
  Layer 34 (encoder.layers.encoder_layer_11.mlp.3): input_col=47 -> output_neuron=90 (grad=0.0065)

Chain 3: Starting from neuron 32
  Layer 0 (encoder.layers.encoder_layer_0.mlp.0): input_col=32 -> output_neuron=2437 (grad=0.0019)
  Layer 1 (encoder.layers.encoder_layer_0.mlp.3): input_col=37 -> output_neuron=656 (grad=0.0005)
  Warning: No gradients for layer encoder.layers.encoder_layer_1.self_attention.out_proj, skipping
  Layer 3 (encoder.layers.encoder_layer_1.mlp.0): input_col=32 -> output_neuron=2234 (grad=0.0004)
  Layer 4 (encoder.layers.encoder_layer_1.mlp.3): input_col=26 -> output_neuron=373 (grad=0.0014)
  Warning: No gradients for layer encoder.layers.encoder_layer_2.self_attention.out_proj, skipping
  Layer 6 (encoder.layers.encoder_layer_2.mlp.0): input_col=37 -> output_neuron=2561 (grad=0.0023)
  Layer 7 (encoder.layers.encoder_layer_2.mlp.3): input_col=17 -> output_neuron=88 (grad=0.0013)
  Warning: No gradients for layer encoder.layers.encoder_layer_3.self_attention.out_proj, skipping
  Layer 9 (encoder.layers.encoder_layer_3.mlp.0): input_col=40 -> output_neuron=1679 (grad=0.0024)
  Layer 10 (encoder.layers.encoder_layer_3.mlp.3): input_col=47 -> output_neuron=63 (grad=0.0005)
  Warning: No gradients for layer encoder.layers.encoder_layer_4.self_attention.out_proj, skipping
  Layer 12 (encoder.layers.encoder_layer_4.mlp.0): input_col=15 -> output_neuron=118 (grad=0.0006)
  Layer 13 (encoder.layers.encoder_layer_4.mlp.3): input_col=22 -> output_neuron=488 (grad=0.0014)
  Warning: No gradients for layer encoder.layers.encoder_layer_5.self_attention.out_proj, skipping
  Layer 15 (encoder.layers.encoder_layer_5.mlp.0): input_col=8 -> output_neuron=374 (grad=0.0819)
  Layer 16 (encoder.layers.encoder_layer_5.mlp.3): input_col=38 -> output_neuron=498 (grad=0.0016)
  Warning: No gradients for layer encoder.layers.encoder_layer_6.self_attention.out_proj, skipping
  Layer 18 (encoder.layers.encoder_layer_6.mlp.0): input_col=18 -> output_neuron=411 (grad=0.0005)
  Layer 19 (encoder.layers.encoder_layer_6.mlp.3): input_col=27 -> output_neuron=356 (grad=0.0015)
  Warning: No gradients for layer encoder.layers.encoder_layer_7.self_attention.out_proj, skipping
  Layer 21 (encoder.layers.encoder_layer_7.mlp.0): input_col=20 -> output_neuron=2496 (grad=0.0024)
  Layer 22 (encoder.layers.encoder_layer_7.mlp.3): input_col=0 -> output_neuron=719 (grad=0.0042)
  Warning: No gradients for layer encoder.layers.encoder_layer_8.self_attention.out_proj, skipping
  Layer 24 (encoder.layers.encoder_layer_8.mlp.0): input_col=47 -> output_neuron=1586 (grad=0.0045)
  Layer 25 (encoder.layers.encoder_layer_8.mlp.3): input_col=2 -> output_neuron=356 (grad=0.0016)
  Warning: No gradients for layer encoder.layers.encoder_layer_9.self_attention.out_proj, skipping
  Layer 27 (encoder.layers.encoder_layer_9.mlp.0): input_col=20 -> output_neuron=2418 (grad=0.0257)
  Layer 28 (encoder.layers.encoder_layer_9.mlp.3): input_col=18 -> output_neuron=88 (grad=0.0040)
  Warning: No gradients for layer encoder.layers.encoder_layer_10.self_attention.out_proj, skipping
  Layer 30 (encoder.layers.encoder_layer_10.mlp.0): input_col=40 -> output_neuron=1437 (grad=0.0063)
  Layer 31 (encoder.layers.encoder_layer_10.mlp.3): input_col=45 -> output_neuron=719 (grad=0.0052)
  Warning: No gradients for layer encoder.layers.encoder_layer_11.self_attention.out_proj, skipping
  Layer 33 (encoder.layers.encoder_layer_11.mlp.0): input_col=47 -> output_neuron=1631 (grad=0.0088)
  Layer 34 (encoder.layers.encoder_layer_11.mlp.3): input_col=47 -> output_neuron=90 (grad=0.0065)

============================================================
✓ Successfully built 4 gradient chains
============================================================

Epoch 2/100 | LR: 0.000200 | Time: 221.15s
Train Loss: 2.5713 | Train Acc: 48.85%
Val Loss: 1.4413 | Val Acc: 71.12%

Gradient Chain Statistics:
[PacaGradientChainManager - Gradient Chain Logs]
  Chains Built: True
  Number of Chains: 4
  Current Epoch: 1
  Selected Arms: [1, 0]
  Arm Means: [0.0, 0.0, 0.0, 0.0]
  Arm Stds: [10.0, 10.0, 10.0, 10.0]
  Arm Observation Counts: [0, 0, 0, 0]
  Last Sampled Values: [3.4576587677001953, 13.916418075561523, -24.788799285888672, -2.265927314758301]
------------------------------------------------------------

Reward: 9.37% (normalized: 0.94)

Epoch 3/100 | LR: 0.000300 | Time: 219.65s
Train Loss: 1.0682 | Train Acc: 78.37%
Val Loss: 0.8950 | Val Acc: 80.49%

Gradient Chain Statistics:
[PacaGradientChainManager - Gradient Chain Logs]
  Chains Built: True
  Number of Chains: 4
  Current Epoch: 2
  Selected Arms: [3, 0]
  Arm Means: [0.7495999932289124, 0.7495999932289124, 0.0, 0.0]
  Arm Stds: [4.4721360206604, 4.4721360206604, 10.0, 10.0]
  Arm Observation Counts: [1, 1, 0, 0]
  Last Sampled Values: [6.1617937088012695, 3.41032075881958, -9.140931129455566, 11.676989555358887]
------------------------------------------------------------

Reward: 2.69% (normalized: 0.27)

Epoch 4/100 | LR: 0.000400 | Time: 219.54s
Train Loss: 0.6694 | Train Acc: 85.21%
Val Loss: 0.6916 | Val Acc: 83.18%

Gradient Chain Statistics:
[PacaGradientChainManager - Gradient Chain Logs]
  Chains Built: True
  Number of Chains: 4
  Current Epoch: 3
  Selected Arms: [0, 3]
  Arm Means: [0.5360000133514404, 0.7495999932289124, 0.0, 0.2152000069618225]
  Arm Stds: [3.3333334922790527, 4.4721360206604, 10.0, 4.4721360206604]
  Arm Observation Counts: [2, 1, 0, 1]
  Last Sampled Values: [-2.633660316467285, -4.184598922729492, -15.834664344787598, -3.865825653076172]
------------------------------------------------------------

Reward: 1.32% (normalized: 0.13)

Epoch 5/100 | LR: 0.000500 | Time: 219.47s
Train Loss: 0.4608 | Train Acc: 89.26%
Val Loss: 0.5945 | Val Acc: 84.50%

Gradient Chain Statistics:
[PacaGradientChainManager - Gradient Chain Logs]
  Chains Built: True
  Number of Chains: 4
  Current Epoch: 4
  Selected Arms: [3, 1]
  Arm Means: [0.4116923213005066, 0.7495999932289124, 0.0, 0.17822222411632538]
  Arm Stds: [2.77350115776062, 4.4721360206604, 10.0, 3.3333334922790527]
  Arm Observation Counts: [3, 1, 0, 2]
  Last Sampled Values: [-1.9972138404846191, 0.7929893732070923, -7.345147132873535, 1.9151124954223633]
------------------------------------------------------------

Reward: 0.07% (normalized: 0.01)

Epoch 6/100 | LR: 0.000600 | Time: 219.49s
Train Loss: 0.3535 | Train Acc: 91.43%
Val Loss: 0.5838 | Val Acc: 84.57%

Gradient Chain Statistics:
[PacaGradientChainManager - Gradient Chain Logs]
  Chains Built: True
  Number of Chains: 4
  Current Epoch: 5
  Selected Arms: [1, 3]
  Arm Means: [0.4116923213005066, 0.41955554485321045, 0.0, 0.12553845345973969]
  Arm Stds: [2.77350115776062, 3.3333334922790527, 10.0, 2.77350115776062]
  Arm Observation Counts: [3, 2, 0, 3]
  Last Sampled Values: [-1.1919424533843994, 0.5444119572639465, -11.022910118103027, -0.017602235078811646]
------------------------------------------------------------

Reward: -0.46% (normalized: -0.05)

Epoch 7/100 | LR: 0.000700 | Time: 219.54s
Train Loss: 0.2868 | Train Acc: 93.09%
Val Loss: 0.6056 | Val Acc: 84.11%

Gradient Chain Statistics:
[PacaGradientChainManager - Gradient Chain Logs]
  Chains Built: True
  Number of Chains: 4
  Current Epoch: 6
  Selected Arms: [0, 1]
  Arm Means: [0.4116923213005066, 0.2763076722621918, 0.0, 0.08517646044492722]
  Arm Stds: [2.77350115776062, 2.77350115776062, 10.0, 2.425356388092041]
  Arm Observation Counts: [3, 3, 0, 4]
  Last Sampled Values: [3.5848143100738525, 0.997972846031189, -1.7388402223587036, -1.5525898933410645]
------------------------------------------------------------
No improvement for 1 epoch(s)

Reward: 0.53% (normalized: 0.05)

Epoch 8/100 | LR: 0.000800 | Time: 219.60s
Train Loss: 0.2592 | Train Acc: 93.51%
Val Loss: 0.5916 | Val Acc: 84.64%

Gradient Chain Statistics:
[PacaGradientChainManager - Gradient Chain Logs]
  Chains Built: True
  Number of Chains: 4
  Current Epoch: 7
  Selected Arms: [1, 3]
  Arm Means: [0.32729411125183105, 0.22376468777656555, 0.0, 0.08517646044492722]
  Arm Stds: [2.425356388092041, 2.425356388092041, 10.0, 2.425356388092041]
  Arm Observation Counts: [4, 4, 0, 4]
  Last Sampled Values: [-1.208903431892395, 2.0036532878875732, -5.990647315979004, 1.548585057258606]
------------------------------------------------------------
No improvement for 2 epoch(s)

Reward: -1.17% (normalized: -0.12)

Epoch 9/100 | LR: 0.000900 | Time: 219.74s
Train Loss: 0.2576 | Train Acc: 93.47%
Val Loss: 0.6456 | Val Acc: 83.47%

Gradient Chain Statistics:
[PacaGradientChainManager - Gradient Chain Logs]
  Chains Built: True
  Number of Chains: 4
  Current Epoch: 8
  Selected Arms: [1, 0]
  Arm Means: [0.32729411125183105, 0.15885712206363678, 0.0, 0.04666665568947792]
  Arm Stds: [2.425356388092041, 2.1821789741516113, 10.0, 2.1821789741516113]
  Arm Observation Counts: [4, 5, 0, 5]
  Last Sampled Values: [3.1078543663024902, 3.170858860015869, -6.091742515563965, -3.982001781463623]
------------------------------------------------------------
No improvement for 3 epoch(s)

Reward: 0.26% (normalized: 0.03)

Epoch 10/100 | LR: 0.001000 | Time: 219.71s
Train Loss: 0.2669 | Train Acc: 93.19%
Val Loss: 0.6501 | Val Acc: 83.73%

Gradient Chain Statistics:
[PacaGradientChainManager - Gradient Chain Logs]
  Chains Built: True
  Number of Chains: 4
  Current Epoch: 9
  Selected Arms: [2, 3]
  Arm Means: [0.269904762506485, 0.13759997487068176, 0.0, 0.04666665568947792]
  Arm Stds: [2.1821789741516113, 2.0, 10.0, 2.1821789741516113]
  Arm Observation Counts: [5, 6, 0, 5]
  Last Sampled Values: [-2.1034860610961914, 0.4307608902454376, 12.988838195800781, 1.324965238571167]
------------------------------------------------------------
No improvement for 4 epoch(s)

Reward: -3.37% (normalized: -0.34)

Epoch 11/100 | LR: 0.001000 | Time: 220.75s
Train Loss: 0.2897 | Train Acc: 92.47%
Val Loss: 0.7752 | Val Acc: 80.36%

Gradient Chain Statistics:
[PacaGradientChainManager - Gradient Chain Logs]
  Chains Built: True
  Number of Chains: 4
  Current Epoch: 10
  Selected Arms: [2, 0]
  Arm Means: [0.269904762506485, 0.13759997487068176, -0.2696000039577484, -0.014720012433826923]
  Arm Stds: [2.1821789741516113, 2.0, 4.4721360206604, 2.0]
  Arm Observation Counts: [5, 6, 1, 6]
  Last Sampled Values: [1.0168192386627197, -0.5602004528045654, 1.840021014213562, -1.6853731870651245]
------------------------------------------------------------
No improvement for 5 epoch(s)

Reward: 1.46% (normalized: 0.15)

Epoch 12/100 | LR: 0.000999 | Time: 220.68s
Train Loss: 0.2774 | Train Acc: 92.73%
Val Loss: 0.7329 | Val Acc: 81.82%

Gradient Chain Statistics:
[PacaGradientChainManager - Gradient Chain Logs]
  Chains Built: True
  Number of Chains: 4
  Current Epoch: 11
  Selected Arms: [2, 1]
  Arm Means: [0.2500799894332886, 0.13759997487068176, -0.08488889038562775, -0.014720012433826923]
  Arm Stds: [2.0, 2.0, 3.3333334922790527, 2.0]
  Arm Observation Counts: [6, 6, 2, 6]
  Last Sampled Values: [-0.0011623501777648926, 0.32335972785949707, 1.0029017925262451, 0.12563033401966095]
------------------------------------------------------------
No improvement for 6 epoch(s)

Reward: 0.31% (normalized: 0.03)

Epoch 13/100 | LR: 0.000997 | Time: 220.64s
Train Loss: 0.2568 | Train Acc: 93.25%
Val Loss: 0.7142 | Val Acc: 82.13%

Gradient Chain Statistics:
[PacaGradientChainManager - Gradient Chain Logs]
  Chains Built: True
  Number of Chains: 4
  Current Epoch: 12
  Selected Arms: [1, 0]
  Arm Means: [0.2500799894332886, 0.12289652973413467, -0.04923076927661896, -0.014720012433826923]
  Arm Stds: [2.0, 1.8569533824920654, 2.77350115776062, 2.0]
  Arm Observation Counts: [6, 7, 3, 6]
  Last Sampled Values: [-0.3379802107810974, 3.75240421295166, -0.5240501165390015, -2.6394474506378174]
------------------------------------------------------------
No improvement for 7 epoch(s)
Early stopping triggered after 13 epochs.
Total training time: 2859.20 seconds
Average time per epoch: 219.94 seconds

============================================================
Training completed!
============================================================
Using device: cuda
============================================================
Vision Transformer Fine-tuning on CIFAR-100
Using Gradient Chain Selection (Ablation)
Num Arms: 4, Num Arms to Select: 3
============================================================
Using random seed: 7196

Loading dataset...
Files already downloaded and verified
Files already downloaded and verified
Dataset loaded: 50000 train samples, 10000 val samples
Number of classes: 100

Creating ViT model for 100 classes...

PEFT config: PacaConfig(peft_type=<PeftType.PACA: 'PACA'>, auto_mapping=None, base_model_name_or_path=None, revision=None, task_type=<TaskType.FEATURE_EXTRACTION: 'FEATURE_EXTRACTION'>, inference_mode=False, r=48, target_modules={'mlp.3', 'mlp.0', 'out_proj'}, paca_alpha=96, fan_in_fan_out=False, bias='all', modules_to_save=['head'], layers_to_transform=None, layers_pattern=None, rank_pattern={}, alpha_pattern={}, megatron_config=None, megatron_core='megatron.core', layer_replication=None, gradient_accumulation_steps=1, steps_per_epoch=782, arm_distribution='gradient_chain', num_arms=4, num_arms_to_select=3, ucb_alpha=0.5, use_fixed_indices=False, arm_selection_method='thompson', thompson_distribution='gaussian', thompson_alpha_prior=1.0, thompson_beta_prior=1.0, thompson_gaussian_prior_mean=0.0, thompson_gaussian_prior_std=10.0, thompson_gaussian_noise_std=5.0, gradient_chain_warmup_epochs=2, gradient_chain_num_samples=5)
Total parameters: 149,653,448
Trainable parameters: 2,757,320 (1.84%)
Frozen parameters: 146,896,128 (98.16%)

============================================================
Fine-tuning ViT using Gradient Chain Selection:
============================================================
Calculating initial validation accuracy...
Initial Val Acc: 0.91%

Reward: 0.00% (normalized: 0.00)
Gradient chain warmup: 1/2

Epoch 1/100 | LR: 0.000100 | Time: 218.80s
Train Loss: 4.6454 | Train Acc: 0.85%
Val Loss: 4.6457 | Val Acc: 0.91%

Gradient Chain Statistics:
[PacaGradientChainManager - Gradient Chain Logs]
  Chains Built: False
  Number of Chains: 0
  Current Epoch: 0
  Arm Means: [0.0, 0.0, 0.0, 0.0]
  Arm Stds: [10.0, 10.0, 10.0, 10.0]
  Arm Observation Counts: [0, 0, 0, 0]
------------------------------------------------------------

Reward: 73.28% (normalized: 7.33)

============================================================
Building Gradient Chains...
============================================================
Sampling 5 batches to estimate gradients...
  Batch 1/5 processed
  Batch 2/5 processed
  Batch 3/5 processed
  Batch 4/5 processed
  Batch 5/5 processed

Averaging gradients across batches...

Building 4 gradient chains...

Chain 0: Starting from neuron 36
  Layer 0 (encoder.layers.encoder_layer_0.mlp.0): input_col=36 -> output_neuron=1762 (grad=0.0006)
  Layer 1 (encoder.layers.encoder_layer_0.mlp.3): input_col=34 -> output_neuron=183 (grad=0.0003)
  Warning: No gradients for layer encoder.layers.encoder_layer_1.self_attention.out_proj, skipping
  Layer 3 (encoder.layers.encoder_layer_1.mlp.0): input_col=39 -> output_neuron=219 (grad=0.0006)
  Layer 4 (encoder.layers.encoder_layer_1.mlp.3): input_col=27 -> output_neuron=298 (grad=0.0012)
  Warning: No gradients for layer encoder.layers.encoder_layer_2.self_attention.out_proj, skipping
  Layer 6 (encoder.layers.encoder_layer_2.mlp.0): input_col=10 -> output_neuron=2068 (grad=0.0018)
  Layer 7 (encoder.layers.encoder_layer_2.mlp.3): input_col=4 -> output_neuron=298 (grad=0.0019)
  Warning: No gradients for layer encoder.layers.encoder_layer_3.self_attention.out_proj, skipping
  Layer 9 (encoder.layers.encoder_layer_3.mlp.0): input_col=10 -> output_neuron=1628 (grad=0.0015)
  Layer 10 (encoder.layers.encoder_layer_3.mlp.3): input_col=44 -> output_neuron=488 (grad=0.0010)
  Warning: No gradients for layer encoder.layers.encoder_layer_4.self_attention.out_proj, skipping
  Layer 12 (encoder.layers.encoder_layer_4.mlp.0): input_col=8 -> output_neuron=757 (grad=0.0024)
  Layer 13 (encoder.layers.encoder_layer_4.mlp.3): input_col=37 -> output_neuron=488 (grad=0.0016)
  Warning: No gradients for layer encoder.layers.encoder_layer_5.self_attention.out_proj, skipping
  Layer 15 (encoder.layers.encoder_layer_5.mlp.0): input_col=8 -> output_neuron=2542 (grad=0.0002)
  Layer 16 (encoder.layers.encoder_layer_5.mlp.3): input_col=46 -> output_neuron=143 (grad=0.0017)
  Warning: No gradients for layer encoder.layers.encoder_layer_6.self_attention.out_proj, skipping
  Layer 18 (encoder.layers.encoder_layer_6.mlp.0): input_col=47 -> output_neuron=791 (grad=0.0007)
  Layer 19 (encoder.layers.encoder_layer_6.mlp.3): input_col=23 -> output_neuron=271 (grad=0.0009)
  Warning: No gradients for layer encoder.layers.encoder_layer_7.self_attention.out_proj, skipping
  Layer 21 (encoder.layers.encoder_layer_7.mlp.0): input_col=31 -> output_neuron=1038 (grad=0.0018)
  Layer 22 (encoder.layers.encoder_layer_7.mlp.3): input_col=30 -> output_neuron=33 (grad=0.0022)
  Warning: No gradients for layer encoder.layers.encoder_layer_8.self_attention.out_proj, skipping
  Layer 24 (encoder.layers.encoder_layer_8.mlp.0): input_col=33 -> output_neuron=1641 (grad=0.0031)
  Layer 25 (encoder.layers.encoder_layer_8.mlp.3): input_col=9 -> output_neuron=271 (grad=0.0011)
  Warning: No gradients for layer encoder.layers.encoder_layer_9.self_attention.out_proj, skipping
  Layer 27 (encoder.layers.encoder_layer_9.mlp.0): input_col=31 -> output_neuron=3018 (grad=0.0044)
  Layer 28 (encoder.layers.encoder_layer_9.mlp.3): input_col=42 -> output_neuron=183 (grad=0.0033)
  Warning: No gradients for layer encoder.layers.encoder_layer_10.self_attention.out_proj, skipping
  Layer 30 (encoder.layers.encoder_layer_10.mlp.0): input_col=39 -> output_neuron=487 (grad=0.0063)
  Layer 31 (encoder.layers.encoder_layer_10.mlp.3): input_col=7 -> output_neuron=663 (grad=0.0049)
  Warning: No gradients for layer encoder.layers.encoder_layer_11.self_attention.out_proj, skipping
  Layer 33 (encoder.layers.encoder_layer_11.mlp.0): input_col=39 -> output_neuron=1420 (grad=0.0070)
  Layer 34 (encoder.layers.encoder_layer_11.mlp.3): input_col=28 -> output_neuron=26 (grad=0.0046)

Chain 1: Starting from neuron 38
  Layer 0 (encoder.layers.encoder_layer_0.mlp.0): input_col=38 -> output_neuron=2437 (grad=0.0008)
  Layer 1 (encoder.layers.encoder_layer_0.mlp.3): input_col=37 -> output_neuron=298 (grad=0.0008)
  Warning: No gradients for layer encoder.layers.encoder_layer_1.self_attention.out_proj, skipping
  Layer 3 (encoder.layers.encoder_layer_1.mlp.0): input_col=10 -> output_neuron=510 (grad=0.0000)
  Layer 4 (encoder.layers.encoder_layer_1.mlp.3): input_col=30 -> output_neuron=298 (grad=0.0010)
  Warning: No gradients for layer encoder.layers.encoder_layer_2.self_attention.out_proj, skipping
  Layer 6 (encoder.layers.encoder_layer_2.mlp.0): input_col=10 -> output_neuron=2068 (grad=0.0018)
  Layer 7 (encoder.layers.encoder_layer_2.mlp.3): input_col=4 -> output_neuron=298 (grad=0.0019)
  Warning: No gradients for layer encoder.layers.encoder_layer_3.self_attention.out_proj, skipping
  Layer 9 (encoder.layers.encoder_layer_3.mlp.0): input_col=10 -> output_neuron=1628 (grad=0.0015)
  Layer 10 (encoder.layers.encoder_layer_3.mlp.3): input_col=44 -> output_neuron=488 (grad=0.0010)
  Warning: No gradients for layer encoder.layers.encoder_layer_4.self_attention.out_proj, skipping
  Layer 12 (encoder.layers.encoder_layer_4.mlp.0): input_col=8 -> output_neuron=757 (grad=0.0024)
  Layer 13 (encoder.layers.encoder_layer_4.mlp.3): input_col=37 -> output_neuron=488 (grad=0.0016)
  Warning: No gradients for layer encoder.layers.encoder_layer_5.self_attention.out_proj, skipping
  Layer 15 (encoder.layers.encoder_layer_5.mlp.0): input_col=8 -> output_neuron=2542 (grad=0.0002)
  Layer 16 (encoder.layers.encoder_layer_5.mlp.3): input_col=46 -> output_neuron=143 (grad=0.0017)
  Warning: No gradients for layer encoder.layers.encoder_layer_6.self_attention.out_proj, skipping
  Layer 18 (encoder.layers.encoder_layer_6.mlp.0): input_col=47 -> output_neuron=791 (grad=0.0007)
  Layer 19 (encoder.layers.encoder_layer_6.mlp.3): input_col=23 -> output_neuron=271 (grad=0.0009)
  Warning: No gradients for layer encoder.layers.encoder_layer_7.self_attention.out_proj, skipping
  Layer 21 (encoder.layers.encoder_layer_7.mlp.0): input_col=31 -> output_neuron=1038 (grad=0.0018)
  Layer 22 (encoder.layers.encoder_layer_7.mlp.3): input_col=30 -> output_neuron=33 (grad=0.0022)
  Warning: No gradients for layer encoder.layers.encoder_layer_8.self_attention.out_proj, skipping
  Layer 24 (encoder.layers.encoder_layer_8.mlp.0): input_col=33 -> output_neuron=1641 (grad=0.0031)
  Layer 25 (encoder.layers.encoder_layer_8.mlp.3): input_col=9 -> output_neuron=271 (grad=0.0011)
  Warning: No gradients for layer encoder.layers.encoder_layer_9.self_attention.out_proj, skipping
  Layer 27 (encoder.layers.encoder_layer_9.mlp.0): input_col=31 -> output_neuron=3018 (grad=0.0044)
  Layer 28 (encoder.layers.encoder_layer_9.mlp.3): input_col=42 -> output_neuron=183 (grad=0.0033)
  Warning: No gradients for layer encoder.layers.encoder_layer_10.self_attention.out_proj, skipping
  Layer 30 (encoder.layers.encoder_layer_10.mlp.0): input_col=39 -> output_neuron=487 (grad=0.0063)
  Layer 31 (encoder.layers.encoder_layer_10.mlp.3): input_col=7 -> output_neuron=663 (grad=0.0049)
  Warning: No gradients for layer encoder.layers.encoder_layer_11.self_attention.out_proj, skipping
  Layer 33 (encoder.layers.encoder_layer_11.mlp.0): input_col=39 -> output_neuron=1420 (grad=0.0070)
  Layer 34 (encoder.layers.encoder_layer_11.mlp.3): input_col=28 -> output_neuron=26 (grad=0.0046)

Chain 2: Starting from neuron 14
  Layer 0 (encoder.layers.encoder_layer_0.mlp.0): input_col=14 -> output_neuron=1762 (grad=0.0010)
  Layer 1 (encoder.layers.encoder_layer_0.mlp.3): input_col=34 -> output_neuron=183 (grad=0.0003)
  Warning: No gradients for layer encoder.layers.encoder_layer_1.self_attention.out_proj, skipping
  Layer 3 (encoder.layers.encoder_layer_1.mlp.0): input_col=39 -> output_neuron=219 (grad=0.0006)
  Layer 4 (encoder.layers.encoder_layer_1.mlp.3): input_col=27 -> output_neuron=298 (grad=0.0012)
  Warning: No gradients for layer encoder.layers.encoder_layer_2.self_attention.out_proj, skipping
  Layer 6 (encoder.layers.encoder_layer_2.mlp.0): input_col=10 -> output_neuron=2068 (grad=0.0018)
  Layer 7 (encoder.layers.encoder_layer_2.mlp.3): input_col=4 -> output_neuron=298 (grad=0.0019)
  Warning: No gradients for layer encoder.layers.encoder_layer_3.self_attention.out_proj, skipping
  Layer 9 (encoder.layers.encoder_layer_3.mlp.0): input_col=10 -> output_neuron=1628 (grad=0.0015)
  Layer 10 (encoder.layers.encoder_layer_3.mlp.3): input_col=44 -> output_neuron=488 (grad=0.0010)
  Warning: No gradients for layer encoder.layers.encoder_layer_4.self_attention.out_proj, skipping
  Layer 12 (encoder.layers.encoder_layer_4.mlp.0): input_col=8 -> output_neuron=757 (grad=0.0024)
  Layer 13 (encoder.layers.encoder_layer_4.mlp.3): input_col=37 -> output_neuron=488 (grad=0.0016)
  Warning: No gradients for layer encoder.layers.encoder_layer_5.self_attention.out_proj, skipping
  Layer 15 (encoder.layers.encoder_layer_5.mlp.0): input_col=8 -> output_neuron=2542 (grad=0.0002)
  Layer 16 (encoder.layers.encoder_layer_5.mlp.3): input_col=46 -> output_neuron=143 (grad=0.0017)
  Warning: No gradients for layer encoder.layers.encoder_layer_6.self_attention.out_proj, skipping
  Layer 18 (encoder.layers.encoder_layer_6.mlp.0): input_col=47 -> output_neuron=791 (grad=0.0007)
  Layer 19 (encoder.layers.encoder_layer_6.mlp.3): input_col=23 -> output_neuron=271 (grad=0.0009)
  Warning: No gradients for layer encoder.layers.encoder_layer_7.self_attention.out_proj, skipping
  Layer 21 (encoder.layers.encoder_layer_7.mlp.0): input_col=31 -> output_neuron=1038 (grad=0.0018)
  Layer 22 (encoder.layers.encoder_layer_7.mlp.3): input_col=30 -> output_neuron=33 (grad=0.0022)
  Warning: No gradients for layer encoder.layers.encoder_layer_8.self_attention.out_proj, skipping
  Layer 24 (encoder.layers.encoder_layer_8.mlp.0): input_col=33 -> output_neuron=1641 (grad=0.0031)
  Layer 25 (encoder.layers.encoder_layer_8.mlp.3): input_col=9 -> output_neuron=271 (grad=0.0011)
  Warning: No gradients for layer encoder.layers.encoder_layer_9.self_attention.out_proj, skipping
  Layer 27 (encoder.layers.encoder_layer_9.mlp.0): input_col=31 -> output_neuron=3018 (grad=0.0044)
  Layer 28 (encoder.layers.encoder_layer_9.mlp.3): input_col=42 -> output_neuron=183 (grad=0.0033)
  Warning: No gradients for layer encoder.layers.encoder_layer_10.self_attention.out_proj, skipping
  Layer 30 (encoder.layers.encoder_layer_10.mlp.0): input_col=39 -> output_neuron=487 (grad=0.0063)
  Layer 31 (encoder.layers.encoder_layer_10.mlp.3): input_col=7 -> output_neuron=663 (grad=0.0049)
  Warning: No gradients for layer encoder.layers.encoder_layer_11.self_attention.out_proj, skipping
  Layer 33 (encoder.layers.encoder_layer_11.mlp.0): input_col=39 -> output_neuron=1420 (grad=0.0070)
  Layer 34 (encoder.layers.encoder_layer_11.mlp.3): input_col=28 -> output_neuron=26 (grad=0.0046)

Chain 3: Starting from neuron 2
  Layer 0 (encoder.layers.encoder_layer_0.mlp.0): input_col=2 -> output_neuron=1762 (grad=0.0002)
  Layer 1 (encoder.layers.encoder_layer_0.mlp.3): input_col=34 -> output_neuron=183 (grad=0.0003)
  Warning: No gradients for layer encoder.layers.encoder_layer_1.self_attention.out_proj, skipping
  Layer 3 (encoder.layers.encoder_layer_1.mlp.0): input_col=39 -> output_neuron=219 (grad=0.0006)
  Layer 4 (encoder.layers.encoder_layer_1.mlp.3): input_col=27 -> output_neuron=298 (grad=0.0012)
  Warning: No gradients for layer encoder.layers.encoder_layer_2.self_attention.out_proj, skipping
  Layer 6 (encoder.layers.encoder_layer_2.mlp.0): input_col=10 -> output_neuron=2068 (grad=0.0018)
  Layer 7 (encoder.layers.encoder_layer_2.mlp.3): input_col=4 -> output_neuron=298 (grad=0.0019)
  Warning: No gradients for layer encoder.layers.encoder_layer_3.self_attention.out_proj, skipping
  Layer 9 (encoder.layers.encoder_layer_3.mlp.0): input_col=10 -> output_neuron=1628 (grad=0.0015)
  Layer 10 (encoder.layers.encoder_layer_3.mlp.3): input_col=44 -> output_neuron=488 (grad=0.0010)
  Warning: No gradients for layer encoder.layers.encoder_layer_4.self_attention.out_proj, skipping
  Layer 12 (encoder.layers.encoder_layer_4.mlp.0): input_col=8 -> output_neuron=757 (grad=0.0024)
  Layer 13 (encoder.layers.encoder_layer_4.mlp.3): input_col=37 -> output_neuron=488 (grad=0.0016)
  Warning: No gradients for layer encoder.layers.encoder_layer_5.self_attention.out_proj, skipping
  Layer 15 (encoder.layers.encoder_layer_5.mlp.0): input_col=8 -> output_neuron=2542 (grad=0.0002)
  Layer 16 (encoder.layers.encoder_layer_5.mlp.3): input_col=46 -> output_neuron=143 (grad=0.0017)
  Warning: No gradients for layer encoder.layers.encoder_layer_6.self_attention.out_proj, skipping
  Layer 18 (encoder.layers.encoder_layer_6.mlp.0): input_col=47 -> output_neuron=791 (grad=0.0007)
  Layer 19 (encoder.layers.encoder_layer_6.mlp.3): input_col=23 -> output_neuron=271 (grad=0.0009)
  Warning: No gradients for layer encoder.layers.encoder_layer_7.self_attention.out_proj, skipping
  Layer 21 (encoder.layers.encoder_layer_7.mlp.0): input_col=31 -> output_neuron=1038 (grad=0.0018)
  Layer 22 (encoder.layers.encoder_layer_7.mlp.3): input_col=30 -> output_neuron=33 (grad=0.0022)
  Warning: No gradients for layer encoder.layers.encoder_layer_8.self_attention.out_proj, skipping
  Layer 24 (encoder.layers.encoder_layer_8.mlp.0): input_col=33 -> output_neuron=1641 (grad=0.0031)
  Layer 25 (encoder.layers.encoder_layer_8.mlp.3): input_col=9 -> output_neuron=271 (grad=0.0011)
  Warning: No gradients for layer encoder.layers.encoder_layer_9.self_attention.out_proj, skipping
  Layer 27 (encoder.layers.encoder_layer_9.mlp.0): input_col=31 -> output_neuron=3018 (grad=0.0044)
  Layer 28 (encoder.layers.encoder_layer_9.mlp.3): input_col=42 -> output_neuron=183 (grad=0.0033)
  Warning: No gradients for layer encoder.layers.encoder_layer_10.self_attention.out_proj, skipping
  Layer 30 (encoder.layers.encoder_layer_10.mlp.0): input_col=39 -> output_neuron=487 (grad=0.0063)
  Layer 31 (encoder.layers.encoder_layer_10.mlp.3): input_col=7 -> output_neuron=663 (grad=0.0049)
  Warning: No gradients for layer encoder.layers.encoder_layer_11.self_attention.out_proj, skipping
  Layer 33 (encoder.layers.encoder_layer_11.mlp.0): input_col=39 -> output_neuron=1420 (grad=0.0070)
  Layer 34 (encoder.layers.encoder_layer_11.mlp.3): input_col=28 -> output_neuron=26 (grad=0.0046)

============================================================
✓ Successfully built 4 gradient chains
============================================================

Epoch 2/100 | LR: 0.000200 | Time: 220.67s
Train Loss: 2.4910 | Train Acc: 52.06%
Val Loss: 1.3494 | Val Acc: 74.19%

Gradient Chain Statistics:
[PacaGradientChainManager - Gradient Chain Logs]
  Chains Built: True
  Number of Chains: 4
  Current Epoch: 1
  Selected Arms: [3, 0, 1]
  Arm Means: [0.0, 0.0, 0.0, 0.0]
  Arm Stds: [10.0, 10.0, 10.0, 10.0]
  Arm Observation Counts: [0, 0, 0, 0]
  Last Sampled Values: [8.7731294631958, 0.06575961410999298, -1.6288671493530273, 11.991313934326172]
------------------------------------------------------------

Reward: 7.47% (normalized: 0.75)

Epoch 3/100 | LR: 0.000300 | Time: 219.42s
Train Loss: 0.9998 | Train Acc: 79.87%
Val Loss: 0.8265 | Val Acc: 81.66%

Gradient Chain Statistics:
[PacaGradientChainManager - Gradient Chain Logs]
  Chains Built: True
  Number of Chains: 4
  Current Epoch: 2
  Selected Arms: [1, 0, 3]
  Arm Means: [0.597599983215332, 0.597599983215332, 0.0, 0.597599983215332]
  Arm Stds: [4.4721360206604, 4.4721360206604, 10.0, 4.4721360206604]
  Arm Observation Counts: [1, 1, 0, 1]
  Last Sampled Values: [-2.3261048793792725, 7.350964069366455, -9.536216735839844, -4.801324367523193]
------------------------------------------------------------

Reward: 2.11% (normalized: 0.21)

Epoch 4/100 | LR: 0.000400 | Time: 219.53s
Train Loss: 0.6272 | Train Acc: 86.02%
Val Loss: 0.6591 | Val Acc: 83.77%

Gradient Chain Statistics:
[PacaGradientChainManager - Gradient Chain Logs]
  Chains Built: True
  Number of Chains: 4
  Current Epoch: 3
  Selected Arms: [1, 0, 3]
  Arm Means: [0.42577776312828064, 0.42577776312828064, 0.0, 0.42577776312828064]
  Arm Stds: [3.3333334922790527, 3.3333334922790527, 10.0, 3.3333334922790527]
  Arm Observation Counts: [2, 2, 0, 2]
  Last Sampled Values: [1.7310575246810913, 4.113481044769287, -5.729209899902344, -1.675380825996399]
------------------------------------------------------------

Reward: 1.01% (normalized: 0.10)

Epoch 5/100 | LR: 0.000500 | Time: 219.68s
Train Loss: 0.4367 | Train Acc: 89.73%
Val Loss: 0.5856 | Val Acc: 84.78%

Gradient Chain Statistics:
[PacaGradientChainManager - Gradient Chain Logs]
  Chains Built: True
  Number of Chains: 4
  Current Epoch: 4
  Selected Arms: [1, 0, 3]
  Arm Means: [0.3258461356163025, 0.3258461356163025, 0.0, 0.3258461356163025]
  Arm Stds: [2.77350115776062, 2.77350115776062, 10.0, 2.77350115776062]
  Arm Observation Counts: [3, 3, 0, 3]
  Last Sampled Values: [-0.4681655168533325, 0.014739930629730225, -3.1065213680267334, -1.470536231994629]
------------------------------------------------------------

Reward: -0.22% (normalized: -0.02)

Epoch 6/100 | LR: 0.000600 | Time: 219.76s
Train Loss: 0.3345 | Train Acc: 91.95%
Val Loss: 0.5854 | Val Acc: 84.56%

Gradient Chain Statistics:
[PacaGradientChainManager - Gradient Chain Logs]
  Chains Built: True
  Number of Chains: 4
  Current Epoch: 5
  Selected Arms: [3, 1, 2]
  Arm Means: [0.24399997293949127, 0.24399997293949127, 0.0, 0.24399997293949127]
  Arm Stds: [2.425356388092041, 2.425356388092041, 10.0, 2.425356388092041]
  Arm Observation Counts: [4, 4, 0, 4]
  Last Sampled Values: [-3.2386603355407715, -2.744072437286377, -3.0585246086120605, 0.6325427293777466]
------------------------------------------------------------

Reward: 0.19% (normalized: 0.02)

Epoch 7/100 | LR: 0.000700 | Time: 219.72s
Train Loss: 0.2831 | Train Acc: 92.91%
Val Loss: 0.5696 | Val Acc: 84.75%

Gradient Chain Statistics:
[PacaGradientChainManager - Gradient Chain Logs]
  Chains Built: True
  Number of Chains: 4
  Current Epoch: 6
  Selected Arms: [3, 1, 0]
  Arm Means: [0.24399997293949127, 0.2011428326368332, 0.015200000256299973, 0.2011428326368332]
  Arm Stds: [2.425356388092041, 2.1821789741516113, 4.4721360206604, 2.1821789741516113]
  Arm Observation Counts: [4, 5, 1, 5]
  Last Sampled Values: [-2.992117404937744, 1.3328882455825806, -6.3568525314331055, 3.227717161178589]
------------------------------------------------------------

Reward: -0.53% (normalized: -0.05)

Epoch 8/100 | LR: 0.000800 | Time: 219.88s
Train Loss: 0.2781 | Train Acc: 92.91%
Val Loss: 0.5985 | Val Acc: 84.22%

Gradient Chain Statistics:
[PacaGradientChainManager - Gradient Chain Logs]
  Chains Built: True
  Number of Chains: 4
  Current Epoch: 7
  Selected Arms: [3, 2, 1]
  Arm Means: [0.1874285489320755, 0.16047997772693634, 0.015200000256299973, 0.16047997772693634]
  Arm Stds: [2.1821789741516113, 2.0, 4.4721360206604, 2.0]
  Arm Observation Counts: [5, 6, 1, 6]
  Last Sampled Values: [-2.8612325191497803, -1.9957246780395508, -1.506914734840393, -0.9385918974876404]
------------------------------------------------------------
No improvement for 1 epoch(s)

Reward: -0.63% (normalized: -0.06)

Epoch 9/100 | LR: 0.000900 | Time: 219.89s
Train Loss: 0.2302 | Train Acc: 94.14%
Val Loss: 0.6266 | Val Acc: 83.59%

Gradient Chain Statistics:
[PacaGradientChainManager - Gradient Chain Logs]
  Chains Built: True
  Number of Chains: 4
  Current Epoch: 8
  Selected Arms: [1, 2, 0]
  Arm Means: [0.1874285489320755, 0.1296551525592804, -0.019555555656552315, 0.1296551525592804]
  Arm Stds: [2.1821789741516113, 1.8569533824920654, 3.3333334922790527, 1.8569533824920654]
  Arm Observation Counts: [5, 7, 2, 7]
  Last Sampled Values: [-1.8391143083572388, 1.4747095108032227, -1.501909613609314, -3.0331478118896484]
------------------------------------------------------------
No improvement for 2 epoch(s)

Reward: 0.28% (normalized: 0.03)

Epoch 10/100 | LR: 0.001000 | Time: 220.07s
Train Loss: 0.2698 | Train Acc: 92.95%
Val Loss: 0.6176 | Val Acc: 83.87%

Gradient Chain Statistics:
[PacaGradientChainManager - Gradient Chain Logs]
  Chains Built: True
  Number of Chains: 4
  Current Epoch: 9
  Selected Arms: [1, 0, 2]
  Arm Means: [0.1619199812412262, 0.1173333153128624, -0.004923075903207064, 0.1296551525592804]
  Arm Stds: [2.0, 1.740776538848877, 2.77350115776062, 1.8569533824920654]
  Arm Observation Counts: [6, 8, 3, 7]
  Last Sampled Values: [0.9645202159881592, 1.1089907884597778, 0.15517930686473846, -0.7807927131652832]
------------------------------------------------------------
No improvement for 3 epoch(s)

Reward: -0.55% (normalized: -0.06)

Epoch 11/100 | LR: 0.001000 | Time: 221.43s
Train Loss: 0.2687 | Train Acc: 92.83%
Val Loss: 0.6517 | Val Acc: 83.32%

Gradient Chain Statistics:
[PacaGradientChainManager - Gradient Chain Logs]
  Chains Built: True
  Number of Chains: 4
  Current Epoch: 10
  Selected Arms: [2, 1, 0]
  Arm Means: [0.13199998438358307, 0.09870268404483795, -0.01670588180422783, 0.1296551525592804]
  Arm Stds: [1.8569533824920654, 1.64398992061615, 2.425356388092041, 1.8569533824920654]
  Arm Observation Counts: [7, 9, 4, 7]
  Last Sampled Values: [-0.5789263248443604, 0.09486289322376251, 1.9487003087997437, -0.6748101711273193]
------------------------------------------------------------
No improvement for 4 epoch(s)

Reward: -0.55% (normalized: -0.05)

Epoch 12/100 | LR: 0.000999 | Time: 221.30s
Train Loss: 0.2391 | Train Acc: 93.69%
Val Loss: 0.6995 | Val Acc: 82.77%

Gradient Chain Statistics:
[PacaGradientChainManager - Gradient Chain Logs]
  Chains Built: True
  Number of Chains: 4
  Current Epoch: 11
  Selected Arms: [2, 3, 1]
  Arm Means: [0.10933332145214081, 0.0837073028087616, -0.024000000208616257, 0.1296551525592804]
  Arm Stds: [1.740776538848877, 1.5617376565933228, 2.1821789741516113, 1.8569533824920654]
  Arm Observation Counts: [8, 10, 5, 7]
  Last Sampled Values: [-2.5653960704803467, -1.7142424583435059, 2.168112277984619, 0.9361995458602905]
------------------------------------------------------------
No improvement for 5 epoch(s)

Reward: 0.24% (normalized: 0.02)

Epoch 13/100 | LR: 0.000997 | Time: 221.17s
Train Loss: 0.2232 | Train Acc: 94.05%
Val Loss: 0.6744 | Val Acc: 83.01%

Gradient Chain Statistics:
[PacaGradientChainManager - Gradient Chain Logs]
  Chains Built: True
  Number of Chains: 4
  Current Epoch: 12
  Selected Arms: [2, 1, 3]
  Arm Means: [0.10933332145214081, 0.07839998602867126, -0.0163199994713068, 0.11684846878051758]
  Arm Stds: [1.740776538848877, 1.49071204662323, 2.0, 1.740776538848877]
  Arm Observation Counts: [8, 11, 6, 8]
  Last Sampled Values: [-2.3386988639831543, -0.6720578670501709, 4.210156440734863, -2.088019847869873]
------------------------------------------------------------
No improvement for 6 epoch(s)

Reward: -0.33% (normalized: -0.03)

Epoch 14/100 | LR: 0.000995 | Time: 221.07s
Train Loss: 0.2174 | Train Acc: 94.21%
Val Loss: 0.6959 | Val Acc: 82.68%

Gradient Chain Statistics:
[PacaGradientChainManager - Gradient Chain Logs]
  Chains Built: True
  Number of Chains: 4
  Current Epoch: 13
  Selected Arms: [2, 0, 3]
  Arm Means: [0.10933332145214081, 0.06930610537528992, -0.01862068846821785, 0.10064863413572311]
  Arm Stds: [1.740776538848877, 1.4285714626312256, 1.8569533824920654, 1.64398992061615]
  Arm Observation Counts: [8, 12, 7, 9]
  Last Sampled Values: [0.09981220960617065, -1.6736406087875366, 3.3481314182281494, -0.8804005980491638]
------------------------------------------------------------
No improvement for 7 epoch(s)
Early stopping triggered after 14 epochs.
Total training time: 3082.39 seconds
Average time per epoch: 220.17 seconds

============================================================
Training completed!
============================================================
Using device: cuda
============================================================
Vision Transformer Fine-tuning on CIFAR-100
Using Gradient Chain Selection (Ablation)
Num Arms: 5, Num Arms to Select: 2
============================================================
Using random seed: 1958

Loading dataset...
Files already downloaded and verified
Files already downloaded and verified
Dataset loaded: 50000 train samples, 10000 val samples
Number of classes: 100

Creating ViT model for 100 classes...

PEFT config: PacaConfig(peft_type=<PeftType.PACA: 'PACA'>, auto_mapping=None, base_model_name_or_path=None, revision=None, task_type=<TaskType.FEATURE_EXTRACTION: 'FEATURE_EXTRACTION'>, inference_mode=False, r=48, target_modules={'mlp.3', 'mlp.0', 'out_proj'}, paca_alpha=96, fan_in_fan_out=False, bias='all', modules_to_save=['head'], layers_to_transform=None, layers_pattern=None, rank_pattern={}, alpha_pattern={}, megatron_config=None, megatron_core='megatron.core', layer_replication=None, gradient_accumulation_steps=1, steps_per_epoch=782, arm_distribution='gradient_chain', num_arms=5, num_arms_to_select=2, ucb_alpha=0.5, use_fixed_indices=False, arm_selection_method='thompson', thompson_distribution='gaussian', thompson_alpha_prior=1.0, thompson_beta_prior=1.0, thompson_gaussian_prior_mean=0.0, thompson_gaussian_prior_std=10.0, thompson_gaussian_noise_std=5.0, gradient_chain_warmup_epochs=2, gradient_chain_num_samples=5)
Total parameters: 149,653,448
Trainable parameters: 2,757,320 (1.84%)
Frozen parameters: 146,896,128 (98.16%)

============================================================
Fine-tuning ViT using Gradient Chain Selection:
============================================================
Calculating initial validation accuracy...
Initial Val Acc: 0.94%

Reward: 0.00% (normalized: 0.00)
Gradient chain warmup: 1/2

Epoch 1/100 | LR: 0.000100 | Time: 218.97s
Train Loss: 4.6639 | Train Acc: 0.76%
Val Loss: 4.6628 | Val Acc: 0.94%

Gradient Chain Statistics:
[PacaGradientChainManager - Gradient Chain Logs]
  Chains Built: False
  Number of Chains: 0
  Current Epoch: 0
  Arm Means: [0.0, 0.0, 0.0, 0.0, 0.0]
  Arm Stds: [10.0, 10.0, 10.0, 10.0, 10.0]
  Arm Observation Counts: [0, 0, 0, 0, 0]
------------------------------------------------------------

Reward: 72.10% (normalized: 7.21)

============================================================
Building Gradient Chains...
============================================================
Sampling 5 batches to estimate gradients...
  Batch 1/5 processed
  Batch 2/5 processed
  Batch 3/5 processed
  Batch 4/5 processed
  Batch 5/5 processed

Averaging gradients across batches...

Building 5 gradient chains...

Chain 0: Starting from neuron 15
  Layer 0 (encoder.layers.encoder_layer_0.mlp.0): input_col=15 -> output_neuron=2437 (grad=0.0001)
  Layer 1 (encoder.layers.encoder_layer_0.mlp.3): input_col=37 -> output_neuron=505 (grad=0.0003)
  Warning: No gradients for layer encoder.layers.encoder_layer_1.self_attention.out_proj, skipping
  Layer 3 (encoder.layers.encoder_layer_1.mlp.0): input_col=25 -> output_neuron=1847 (grad=0.0035)
  Layer 4 (encoder.layers.encoder_layer_1.mlp.3): input_col=23 -> output_neuron=682 (grad=0.0000)
  Warning: No gradients for layer encoder.layers.encoder_layer_2.self_attention.out_proj, skipping
  Layer 6 (encoder.layers.encoder_layer_2.mlp.0): input_col=10 -> output_neuron=1327 (grad=0.0019)
  Layer 7 (encoder.layers.encoder_layer_2.mlp.3): input_col=31 -> output_neuron=173 (grad=0.0017)
  Warning: No gradients for layer encoder.layers.encoder_layer_3.self_attention.out_proj, skipping
  Layer 9 (encoder.layers.encoder_layer_3.mlp.0): input_col=29 -> output_neuron=498 (grad=0.0017)
  Layer 10 (encoder.layers.encoder_layer_3.mlp.3): input_col=18 -> output_neuron=205 (grad=0.0009)
  Warning: No gradients for layer encoder.layers.encoder_layer_4.self_attention.out_proj, skipping
  Layer 12 (encoder.layers.encoder_layer_4.mlp.0): input_col=13 -> output_neuron=2090 (grad=0.0020)
  Layer 13 (encoder.layers.encoder_layer_4.mlp.3): input_col=26 -> output_neuron=85 (grad=0.0016)
  Warning: No gradients for layer encoder.layers.encoder_layer_5.self_attention.out_proj, skipping
  Layer 15 (encoder.layers.encoder_layer_5.mlp.0): input_col=37 -> output_neuron=374 (grad=0.0066)
  Layer 16 (encoder.layers.encoder_layer_5.mlp.3): input_col=38 -> output_neuron=229 (grad=0.0058)
  Warning: No gradients for layer encoder.layers.encoder_layer_6.self_attention.out_proj, skipping
  Layer 18 (encoder.layers.encoder_layer_6.mlp.0): input_col=37 -> output_neuron=1383 (grad=0.0018)
  Layer 19 (encoder.layers.encoder_layer_6.mlp.3): input_col=39 -> output_neuron=9 (grad=0.0017)
  Warning: No gradients for layer encoder.layers.encoder_layer_7.self_attention.out_proj, skipping
  Layer 21 (encoder.layers.encoder_layer_7.mlp.0): input_col=9 -> output_neuron=1478 (grad=0.0024)
  Layer 22 (encoder.layers.encoder_layer_7.mlp.3): input_col=38 -> output_neuron=438 (grad=0.0008)
  Warning: No gradients for layer encoder.layers.encoder_layer_8.self_attention.out_proj, skipping
  Layer 24 (encoder.layers.encoder_layer_8.mlp.0): input_col=6 -> output_neuron=104 (grad=0.0019)
  Layer 25 (encoder.layers.encoder_layer_8.mlp.3): input_col=8 -> output_neuron=377 (grad=0.0021)
  Warning: No gradients for layer encoder.layers.encoder_layer_9.self_attention.out_proj, skipping
  Layer 27 (encoder.layers.encoder_layer_9.mlp.0): input_col=41 -> output_neuron=1592 (grad=0.0035)
  Layer 28 (encoder.layers.encoder_layer_9.mlp.3): input_col=8 -> output_neuron=505 (grad=0.0038)
  Warning: No gradients for layer encoder.layers.encoder_layer_10.self_attention.out_proj, skipping
  Layer 30 (encoder.layers.encoder_layer_10.mlp.0): input_col=25 -> output_neuron=2168 (grad=0.0053)
  Layer 31 (encoder.layers.encoder_layer_10.mlp.3): input_col=8 -> output_neuron=326 (grad=0.0057)
  Warning: No gradients for layer encoder.layers.encoder_layer_11.self_attention.out_proj, skipping
  Layer 33 (encoder.layers.encoder_layer_11.mlp.0): input_col=38 -> output_neuron=916 (grad=0.0165)
  Layer 34 (encoder.layers.encoder_layer_11.mlp.3): input_col=4 -> output_neuron=141 (grad=0.0060)

Chain 1: Starting from neuron 19
  Layer 0 (encoder.layers.encoder_layer_0.mlp.0): input_col=19 -> output_neuron=2437 (grad=0.0004)
  Layer 1 (encoder.layers.encoder_layer_0.mlp.3): input_col=37 -> output_neuron=505 (grad=0.0003)
  Warning: No gradients for layer encoder.layers.encoder_layer_1.self_attention.out_proj, skipping
  Layer 3 (encoder.layers.encoder_layer_1.mlp.0): input_col=25 -> output_neuron=1847 (grad=0.0035)
  Layer 4 (encoder.layers.encoder_layer_1.mlp.3): input_col=23 -> output_neuron=682 (grad=0.0000)
  Warning: No gradients for layer encoder.layers.encoder_layer_2.self_attention.out_proj, skipping
  Layer 6 (encoder.layers.encoder_layer_2.mlp.0): input_col=10 -> output_neuron=1327 (grad=0.0019)
  Layer 7 (encoder.layers.encoder_layer_2.mlp.3): input_col=31 -> output_neuron=173 (grad=0.0017)
  Warning: No gradients for layer encoder.layers.encoder_layer_3.self_attention.out_proj, skipping
  Layer 9 (encoder.layers.encoder_layer_3.mlp.0): input_col=29 -> output_neuron=498 (grad=0.0017)
  Layer 10 (encoder.layers.encoder_layer_3.mlp.3): input_col=18 -> output_neuron=205 (grad=0.0009)
  Warning: No gradients for layer encoder.layers.encoder_layer_4.self_attention.out_proj, skipping
  Layer 12 (encoder.layers.encoder_layer_4.mlp.0): input_col=13 -> output_neuron=2090 (grad=0.0020)
  Layer 13 (encoder.layers.encoder_layer_4.mlp.3): input_col=26 -> output_neuron=85 (grad=0.0016)
  Warning: No gradients for layer encoder.layers.encoder_layer_5.self_attention.out_proj, skipping
  Layer 15 (encoder.layers.encoder_layer_5.mlp.0): input_col=37 -> output_neuron=374 (grad=0.0066)
  Layer 16 (encoder.layers.encoder_layer_5.mlp.3): input_col=38 -> output_neuron=229 (grad=0.0058)
  Warning: No gradients for layer encoder.layers.encoder_layer_6.self_attention.out_proj, skipping
  Layer 18 (encoder.layers.encoder_layer_6.mlp.0): input_col=37 -> output_neuron=1383 (grad=0.0018)
  Layer 19 (encoder.layers.encoder_layer_6.mlp.3): input_col=39 -> output_neuron=9 (grad=0.0017)
  Warning: No gradients for layer encoder.layers.encoder_layer_7.self_attention.out_proj, skipping
  Layer 21 (encoder.layers.encoder_layer_7.mlp.0): input_col=9 -> output_neuron=1478 (grad=0.0024)
  Layer 22 (encoder.layers.encoder_layer_7.mlp.3): input_col=38 -> output_neuron=438 (grad=0.0008)
  Warning: No gradients for layer encoder.layers.encoder_layer_8.self_attention.out_proj, skipping
  Layer 24 (encoder.layers.encoder_layer_8.mlp.0): input_col=6 -> output_neuron=104 (grad=0.0019)
  Layer 25 (encoder.layers.encoder_layer_8.mlp.3): input_col=8 -> output_neuron=377 (grad=0.0021)
  Warning: No gradients for layer encoder.layers.encoder_layer_9.self_attention.out_proj, skipping
  Layer 27 (encoder.layers.encoder_layer_9.mlp.0): input_col=41 -> output_neuron=1592 (grad=0.0035)
  Layer 28 (encoder.layers.encoder_layer_9.mlp.3): input_col=8 -> output_neuron=505 (grad=0.0038)
  Warning: No gradients for layer encoder.layers.encoder_layer_10.self_attention.out_proj, skipping
  Layer 30 (encoder.layers.encoder_layer_10.mlp.0): input_col=25 -> output_neuron=2168 (grad=0.0053)
  Layer 31 (encoder.layers.encoder_layer_10.mlp.3): input_col=8 -> output_neuron=326 (grad=0.0057)
  Warning: No gradients for layer encoder.layers.encoder_layer_11.self_attention.out_proj, skipping
  Layer 33 (encoder.layers.encoder_layer_11.mlp.0): input_col=38 -> output_neuron=916 (grad=0.0165)
  Layer 34 (encoder.layers.encoder_layer_11.mlp.3): input_col=4 -> output_neuron=141 (grad=0.0060)

Chain 2: Starting from neuron 6
  Layer 0 (encoder.layers.encoder_layer_0.mlp.0): input_col=6 -> output_neuron=2437 (grad=0.0000)
  Layer 1 (encoder.layers.encoder_layer_0.mlp.3): input_col=37 -> output_neuron=505 (grad=0.0003)
  Warning: No gradients for layer encoder.layers.encoder_layer_1.self_attention.out_proj, skipping
  Layer 3 (encoder.layers.encoder_layer_1.mlp.0): input_col=25 -> output_neuron=1847 (grad=0.0035)
  Layer 4 (encoder.layers.encoder_layer_1.mlp.3): input_col=23 -> output_neuron=682 (grad=0.0000)
  Warning: No gradients for layer encoder.layers.encoder_layer_2.self_attention.out_proj, skipping
  Layer 6 (encoder.layers.encoder_layer_2.mlp.0): input_col=10 -> output_neuron=1327 (grad=0.0019)
  Layer 7 (encoder.layers.encoder_layer_2.mlp.3): input_col=31 -> output_neuron=173 (grad=0.0017)
  Warning: No gradients for layer encoder.layers.encoder_layer_3.self_attention.out_proj, skipping
  Layer 9 (encoder.layers.encoder_layer_3.mlp.0): input_col=29 -> output_neuron=498 (grad=0.0017)
  Layer 10 (encoder.layers.encoder_layer_3.mlp.3): input_col=18 -> output_neuron=205 (grad=0.0009)
  Warning: No gradients for layer encoder.layers.encoder_layer_4.self_attention.out_proj, skipping
  Layer 12 (encoder.layers.encoder_layer_4.mlp.0): input_col=13 -> output_neuron=2090 (grad=0.0020)
  Layer 13 (encoder.layers.encoder_layer_4.mlp.3): input_col=26 -> output_neuron=85 (grad=0.0016)
  Warning: No gradients for layer encoder.layers.encoder_layer_5.self_attention.out_proj, skipping
  Layer 15 (encoder.layers.encoder_layer_5.mlp.0): input_col=37 -> output_neuron=374 (grad=0.0066)
  Layer 16 (encoder.layers.encoder_layer_5.mlp.3): input_col=38 -> output_neuron=229 (grad=0.0058)
  Warning: No gradients for layer encoder.layers.encoder_layer_6.self_attention.out_proj, skipping
  Layer 18 (encoder.layers.encoder_layer_6.mlp.0): input_col=37 -> output_neuron=1383 (grad=0.0018)
  Layer 19 (encoder.layers.encoder_layer_6.mlp.3): input_col=39 -> output_neuron=9 (grad=0.0017)
  Warning: No gradients for layer encoder.layers.encoder_layer_7.self_attention.out_proj, skipping
  Layer 21 (encoder.layers.encoder_layer_7.mlp.0): input_col=9 -> output_neuron=1478 (grad=0.0024)
  Layer 22 (encoder.layers.encoder_layer_7.mlp.3): input_col=38 -> output_neuron=438 (grad=0.0008)
  Warning: No gradients for layer encoder.layers.encoder_layer_8.self_attention.out_proj, skipping
  Layer 24 (encoder.layers.encoder_layer_8.mlp.0): input_col=6 -> output_neuron=104 (grad=0.0019)
  Layer 25 (encoder.layers.encoder_layer_8.mlp.3): input_col=8 -> output_neuron=377 (grad=0.0021)
  Warning: No gradients for layer encoder.layers.encoder_layer_9.self_attention.out_proj, skipping
  Layer 27 (encoder.layers.encoder_layer_9.mlp.0): input_col=41 -> output_neuron=1592 (grad=0.0035)
  Layer 28 (encoder.layers.encoder_layer_9.mlp.3): input_col=8 -> output_neuron=505 (grad=0.0038)
  Warning: No gradients for layer encoder.layers.encoder_layer_10.self_attention.out_proj, skipping
  Layer 30 (encoder.layers.encoder_layer_10.mlp.0): input_col=25 -> output_neuron=2168 (grad=0.0053)
  Layer 31 (encoder.layers.encoder_layer_10.mlp.3): input_col=8 -> output_neuron=326 (grad=0.0057)
  Warning: No gradients for layer encoder.layers.encoder_layer_11.self_attention.out_proj, skipping
  Layer 33 (encoder.layers.encoder_layer_11.mlp.0): input_col=38 -> output_neuron=916 (grad=0.0165)
  Layer 34 (encoder.layers.encoder_layer_11.mlp.3): input_col=4 -> output_neuron=141 (grad=0.0060)

Chain 3: Starting from neuron 45
  Layer 0 (encoder.layers.encoder_layer_0.mlp.0): input_col=45 -> output_neuron=163 (grad=0.0002)
  Layer 1 (encoder.layers.encoder_layer_0.mlp.3): input_col=19 -> output_neuron=225 (grad=0.0007)
  Warning: No gradients for layer encoder.layers.encoder_layer_1.self_attention.out_proj, skipping
  Layer 3 (encoder.layers.encoder_layer_1.mlp.0): input_col=33 -> output_neuron=2977 (grad=0.0006)
  Layer 4 (encoder.layers.encoder_layer_1.mlp.3): input_col=1 -> output_neuron=505 (grad=0.0021)
  Warning: No gradients for layer encoder.layers.encoder_layer_2.self_attention.out_proj, skipping
  Layer 6 (encoder.layers.encoder_layer_2.mlp.0): input_col=25 -> output_neuron=1327 (grad=0.0139)
  Layer 7 (encoder.layers.encoder_layer_2.mlp.3): input_col=31 -> output_neuron=173 (grad=0.0017)
  Warning: No gradients for layer encoder.layers.encoder_layer_3.self_attention.out_proj, skipping
  Layer 9 (encoder.layers.encoder_layer_3.mlp.0): input_col=29 -> output_neuron=498 (grad=0.0017)
  Layer 10 (encoder.layers.encoder_layer_3.mlp.3): input_col=18 -> output_neuron=205 (grad=0.0009)
  Warning: No gradients for layer encoder.layers.encoder_layer_4.self_attention.out_proj, skipping
  Layer 12 (encoder.layers.encoder_layer_4.mlp.0): input_col=13 -> output_neuron=2090 (grad=0.0020)
  Layer 13 (encoder.layers.encoder_layer_4.mlp.3): input_col=26 -> output_neuron=85 (grad=0.0016)
  Warning: No gradients for layer encoder.layers.encoder_layer_5.self_attention.out_proj, skipping
  Layer 15 (encoder.layers.encoder_layer_5.mlp.0): input_col=37 -> output_neuron=374 (grad=0.0066)
  Layer 16 (encoder.layers.encoder_layer_5.mlp.3): input_col=38 -> output_neuron=229 (grad=0.0058)
  Warning: No gradients for layer encoder.layers.encoder_layer_6.self_attention.out_proj, skipping
  Layer 18 (encoder.layers.encoder_layer_6.mlp.0): input_col=37 -> output_neuron=1383 (grad=0.0018)
  Layer 19 (encoder.layers.encoder_layer_6.mlp.3): input_col=39 -> output_neuron=9 (grad=0.0017)
  Warning: No gradients for layer encoder.layers.encoder_layer_7.self_attention.out_proj, skipping
  Layer 21 (encoder.layers.encoder_layer_7.mlp.0): input_col=9 -> output_neuron=1478 (grad=0.0024)
  Layer 22 (encoder.layers.encoder_layer_7.mlp.3): input_col=38 -> output_neuron=438 (grad=0.0008)
  Warning: No gradients for layer encoder.layers.encoder_layer_8.self_attention.out_proj, skipping
  Layer 24 (encoder.layers.encoder_layer_8.mlp.0): input_col=6 -> output_neuron=104 (grad=0.0019)
  Layer 25 (encoder.layers.encoder_layer_8.mlp.3): input_col=8 -> output_neuron=377 (grad=0.0021)
  Warning: No gradients for layer encoder.layers.encoder_layer_9.self_attention.out_proj, skipping
  Layer 27 (encoder.layers.encoder_layer_9.mlp.0): input_col=41 -> output_neuron=1592 (grad=0.0035)
  Layer 28 (encoder.layers.encoder_layer_9.mlp.3): input_col=8 -> output_neuron=505 (grad=0.0038)
  Warning: No gradients for layer encoder.layers.encoder_layer_10.self_attention.out_proj, skipping
  Layer 30 (encoder.layers.encoder_layer_10.mlp.0): input_col=25 -> output_neuron=2168 (grad=0.0053)
  Layer 31 (encoder.layers.encoder_layer_10.mlp.3): input_col=8 -> output_neuron=326 (grad=0.0057)
  Warning: No gradients for layer encoder.layers.encoder_layer_11.self_attention.out_proj, skipping
  Layer 33 (encoder.layers.encoder_layer_11.mlp.0): input_col=38 -> output_neuron=916 (grad=0.0165)
  Layer 34 (encoder.layers.encoder_layer_11.mlp.3): input_col=4 -> output_neuron=141 (grad=0.0060)

Chain 4: Starting from neuron 7
  Layer 0 (encoder.layers.encoder_layer_0.mlp.0): input_col=7 -> output_neuron=2437 (grad=0.0002)
  Layer 1 (encoder.layers.encoder_layer_0.mlp.3): input_col=37 -> output_neuron=505 (grad=0.0003)
  Warning: No gradients for layer encoder.layers.encoder_layer_1.self_attention.out_proj, skipping
  Layer 3 (encoder.layers.encoder_layer_1.mlp.0): input_col=25 -> output_neuron=1847 (grad=0.0035)
  Layer 4 (encoder.layers.encoder_layer_1.mlp.3): input_col=23 -> output_neuron=682 (grad=0.0000)
  Warning: No gradients for layer encoder.layers.encoder_layer_2.self_attention.out_proj, skipping
  Layer 6 (encoder.layers.encoder_layer_2.mlp.0): input_col=10 -> output_neuron=1327 (grad=0.0019)
  Layer 7 (encoder.layers.encoder_layer_2.mlp.3): input_col=31 -> output_neuron=173 (grad=0.0017)
  Warning: No gradients for layer encoder.layers.encoder_layer_3.self_attention.out_proj, skipping
  Layer 9 (encoder.layers.encoder_layer_3.mlp.0): input_col=29 -> output_neuron=498 (grad=0.0017)
  Layer 10 (encoder.layers.encoder_layer_3.mlp.3): input_col=18 -> output_neuron=205 (grad=0.0009)
  Warning: No gradients for layer encoder.layers.encoder_layer_4.self_attention.out_proj, skipping
  Layer 12 (encoder.layers.encoder_layer_4.mlp.0): input_col=13 -> output_neuron=2090 (grad=0.0020)
  Layer 13 (encoder.layers.encoder_layer_4.mlp.3): input_col=26 -> output_neuron=85 (grad=0.0016)
  Warning: No gradients for layer encoder.layers.encoder_layer_5.self_attention.out_proj, skipping
  Layer 15 (encoder.layers.encoder_layer_5.mlp.0): input_col=37 -> output_neuron=374 (grad=0.0066)
  Layer 16 (encoder.layers.encoder_layer_5.mlp.3): input_col=38 -> output_neuron=229 (grad=0.0058)
  Warning: No gradients for layer encoder.layers.encoder_layer_6.self_attention.out_proj, skipping
  Layer 18 (encoder.layers.encoder_layer_6.mlp.0): input_col=37 -> output_neuron=1383 (grad=0.0018)
  Layer 19 (encoder.layers.encoder_layer_6.mlp.3): input_col=39 -> output_neuron=9 (grad=0.0017)
  Warning: No gradients for layer encoder.layers.encoder_layer_7.self_attention.out_proj, skipping
  Layer 21 (encoder.layers.encoder_layer_7.mlp.0): input_col=9 -> output_neuron=1478 (grad=0.0024)
  Layer 22 (encoder.layers.encoder_layer_7.mlp.3): input_col=38 -> output_neuron=438 (grad=0.0008)
  Warning: No gradients for layer encoder.layers.encoder_layer_8.self_attention.out_proj, skipping
  Layer 24 (encoder.layers.encoder_layer_8.mlp.0): input_col=6 -> output_neuron=104 (grad=0.0019)
  Layer 25 (encoder.layers.encoder_layer_8.mlp.3): input_col=8 -> output_neuron=377 (grad=0.0021)
  Warning: No gradients for layer encoder.layers.encoder_layer_9.self_attention.out_proj, skipping
  Layer 27 (encoder.layers.encoder_layer_9.mlp.0): input_col=41 -> output_neuron=1592 (grad=0.0035)
  Layer 28 (encoder.layers.encoder_layer_9.mlp.3): input_col=8 -> output_neuron=505 (grad=0.0038)
  Warning: No gradients for layer encoder.layers.encoder_layer_10.self_attention.out_proj, skipping
  Layer 30 (encoder.layers.encoder_layer_10.mlp.0): input_col=25 -> output_neuron=2168 (grad=0.0053)
  Layer 31 (encoder.layers.encoder_layer_10.mlp.3): input_col=8 -> output_neuron=326 (grad=0.0057)
  Warning: No gradients for layer encoder.layers.encoder_layer_11.self_attention.out_proj, skipping
  Layer 33 (encoder.layers.encoder_layer_11.mlp.0): input_col=38 -> output_neuron=916 (grad=0.0165)
  Layer 34 (encoder.layers.encoder_layer_11.mlp.3): input_col=4 -> output_neuron=141 (grad=0.0060)

============================================================
✓ Successfully built 5 gradient chains
============================================================

Epoch 2/100 | LR: 0.000200 | Time: 221.14s
Train Loss: 2.5181 | Train Acc: 50.58%
Val Loss: 1.3324 | Val Acc: 73.04%

Gradient Chain Statistics:
[PacaGradientChainManager - Gradient Chain Logs]
  Chains Built: True
  Number of Chains: 5
  Current Epoch: 1
  Selected Arms: [4, 0]
  Arm Means: [0.0, 0.0, 0.0, 0.0, 0.0]
  Arm Stds: [10.0, 10.0, 10.0, 10.0, 10.0]
  Arm Observation Counts: [0, 0, 0, 0, 0]
  Last Sampled Values: [-4.2268757820129395, -13.411088943481445, -9.594018936157227, -9.759529113769531, 4.868721008300781]
------------------------------------------------------------

Reward: 8.29% (normalized: 0.83)

Epoch 3/100 | LR: 0.000300 | Time: 219.66s
Train Loss: 0.9887 | Train Acc: 79.16%
Val Loss: 0.8336 | Val Acc: 81.33%

Gradient Chain Statistics:
[PacaGradientChainManager - Gradient Chain Logs]
  Chains Built: True
  Number of Chains: 5
  Current Epoch: 2
  Selected Arms: [2, 3]
  Arm Means: [0.6632000207901001, 0.0, 0.0, 0.0, 0.6632000207901001]
  Arm Stds: [4.4721360206604, 10.0, 10.0, 10.0, 4.4721360206604]
  Arm Observation Counts: [1, 0, 0, 0, 1]
  Last Sampled Values: [6.942943096160889, 2.876746654510498, 27.375743865966797, 10.806368827819824, 4.297516345977783]
------------------------------------------------------------

Reward: 1.55% (normalized: 0.15)

Epoch 4/100 | LR: 0.000400 | Time: 219.73s
Train Loss: 0.6188 | Train Acc: 85.86%
Val Loss: 0.6665 | Val Acc: 82.88%

Gradient Chain Statistics:
[PacaGradientChainManager - Gradient Chain Logs]
  Chains Built: True
  Number of Chains: 5
  Current Epoch: 3
  Selected Arms: [2, 0]
  Arm Means: [0.6632000207901001, 0.0, 0.12399999797344208, 0.12399999797344208, 0.6632000207901001]
  Arm Stds: [4.4721360206604, 10.0, 4.4721360206604, 4.4721360206604, 4.4721360206604]
  Arm Observation Counts: [1, 0, 1, 1, 1]
  Last Sampled Values: [1.773444652557373, -13.801461219787598, 7.613803386688232, -3.7222533226013184, 0.5348615050315857]
------------------------------------------------------------

Reward: 0.80% (normalized: 0.08)

Epoch 5/100 | LR: 0.000500 | Time: 219.69s
Train Loss: 0.4348 | Train Acc: 89.36%
Val Loss: 0.6104 | Val Acc: 83.68%

Gradient Chain Statistics:
[PacaGradientChainManager - Gradient Chain Logs]
  Chains Built: True
  Number of Chains: 5
  Current Epoch: 4
  Selected Arms: [3, 2]
  Arm Means: [0.40400001406669617, 0.0, 0.10444444417953491, 0.12399999797344208, 0.6632000207901001]
  Arm Stds: [3.3333334922790527, 10.0, 3.3333334922790527, 4.4721360206604, 4.4721360206604]
  Arm Observation Counts: [2, 0, 2, 1, 1]
  Last Sampled Values: [-3.1523306369781494, -7.8526458740234375, 0.13025344908237457, 1.1890909671783447, -2.5664472579956055]
------------------------------------------------------------

Reward: 1.29% (normalized: 0.13)

Epoch 6/100 | LR: 0.000600 | Time: 219.67s
Train Loss: 0.3314 | Train Acc: 91.92%
Val Loss: 0.5711 | Val Acc: 84.97%

Gradient Chain Statistics:
[PacaGradientChainManager - Gradient Chain Logs]
  Chains Built: True
  Number of Chains: 5
  Current Epoch: 5
  Selected Arms: [4, 1]
  Arm Means: [0.40400001406669617, 0.0, 0.1120000034570694, 0.12622222304344177, 0.6632000207901001]
  Arm Stds: [3.3333334922790527, 10.0, 2.77350115776062, 3.3333334922790527, 4.4721360206604]
  Arm Observation Counts: [2, 0, 3, 2, 1]
  Last Sampled Values: [-0.8303773403167725, 0.09323348104953766, -1.3136820793151855, -2.482468366622925, 2.581343650817871]
------------------------------------------------------------

Reward: -0.25% (normalized: -0.03)

Epoch 7/100 | LR: 0.000700 | Time: 219.66s
Train Loss: 0.2766 | Train Acc: 93.01%
Val Loss: 0.5877 | Val Acc: 84.72%

Gradient Chain Statistics:
[PacaGradientChainManager - Gradient Chain Logs]
  Chains Built: True
  Number of Chains: 5
  Current Epoch: 6
  Selected Arms: [1, 0]
  Arm Means: [0.40400001406669617, -0.019999999552965164, 0.1120000034570694, 0.12622222304344177, 0.35733333230018616]
  Arm Stds: [3.3333334922790527, 4.4721360206604, 2.77350115776062, 3.3333334922790527, 3.3333334922790527]
  Arm Observation Counts: [2, 1, 3, 2, 2]
  Last Sampled Values: [3.051612377166748, 5.724440097808838, -0.5599210858345032, -0.8350883722305298, -2.68961763381958]
------------------------------------------------------------
No improvement for 1 epoch(s)

Reward: 0.02% (normalized: 0.00)

Epoch 8/100 | LR: 0.000800 | Time: 219.68s
Train Loss: 0.2560 | Train Acc: 93.42%
Val Loss: 0.5899 | Val Acc: 84.74%

Gradient Chain Statistics:
[PacaGradientChainManager - Gradient Chain Logs]
  Chains Built: True
  Number of Chains: 5
  Current Epoch: 7
  Selected Arms: [4, 1]
  Arm Means: [0.28030768036842346, -0.010222221724689007, 0.1120000034570694, 0.12622222304344177, 0.35733333230018616]
  Arm Stds: [2.77350115776062, 3.3333334922790527, 2.77350115776062, 3.3333334922790527, 3.3333334922790527]
  Arm Observation Counts: [3, 2, 3, 2, 2]
  Last Sampled Values: [-0.4787229597568512, 2.2195541858673096, -1.059891700744629, -1.0229603052139282, 3.636044502258301]
------------------------------------------------------------
No improvement for 2 epoch(s)

Reward: -0.85% (normalized: -0.08)

Epoch 9/100 | LR: 0.000900 | Time: 219.63s
Train Loss: 0.2785 | Train Acc: 92.65%
Val Loss: 0.6460 | Val Acc: 83.89%

Gradient Chain Statistics:
[PacaGradientChainManager - Gradient Chain Logs]
  Chains Built: True
  Number of Chains: 5
  Current Epoch: 8
  Selected Arms: [1, 4]
  Arm Means: [0.28030768036842346, -0.033230770379304886, 0.1120000034570694, 0.12622222304344177, 0.22123076021671295]
  Arm Stds: [2.77350115776062, 2.77350115776062, 2.77350115776062, 3.3333334922790527, 2.77350115776062]
  Arm Observation Counts: [3, 3, 3, 2, 3]
  Last Sampled Values: [0.2968065142631531, 3.2419791221618652, -1.9124584197998047, -3.3063018321990967, 0.7249186038970947]
------------------------------------------------------------
No improvement for 3 epoch(s)

Reward: -0.24% (normalized: -0.02)

Epoch 10/100 | LR: 0.001000 | Time: 219.54s
Train Loss: 0.2698 | Train Acc: 92.82%
Val Loss: 0.6407 | Val Acc: 83.65%

Gradient Chain Statistics:
[PacaGradientChainManager - Gradient Chain Logs]
  Chains Built: True
  Number of Chains: 5
  Current Epoch: 9
  Selected Arms: [0, 3]
  Arm Means: [0.28030768036842346, -0.031058823689818382, 0.1120000034570694, 0.12622222304344177, 0.1635293960571289]
  Arm Stds: [2.77350115776062, 2.425356388092041, 2.77350115776062, 3.3333334922790527, 2.425356388092041]
  Arm Observation Counts: [3, 4, 3, 2, 4]
  Last Sampled Values: [3.2261452674865723, 0.5349932312965393, -2.7574474811553955, 1.682456374168396, 1.2943164110183716]
------------------------------------------------------------
No improvement for 4 epoch(s)

Reward: -0.30% (normalized: -0.03)

Epoch 11/100 | LR: 0.001000 | Time: 220.90s
Train Loss: 0.2748 | Train Acc: 92.48%
Val Loss: 0.6536 | Val Acc: 83.35%

Gradient Chain Statistics:
[PacaGradientChainManager - Gradient Chain Logs]
  Chains Built: True
  Number of Chains: 5
  Current Epoch: 10
  Selected Arms: [1, 4]
  Arm Means: [0.20729410648345947, -0.031058823689818382, 0.1120000034570694, 0.07815384119749069, 0.1635293960571289]
  Arm Stds: [2.425356388092041, 2.425356388092041, 2.77350115776062, 2.77350115776062, 2.425356388092041]
  Arm Observation Counts: [4, 4, 3, 3, 4]
  Last Sampled Values: [-0.5469491481781006, 0.9481958150863647, -0.9795514345169067, -2.646684169769287, -0.3901945948600769]
------------------------------------------------------------
No improvement for 5 epoch(s)

Reward: 0.10% (normalized: 0.01)

Epoch 12/100 | LR: 0.000999 | Time: 220.83s
Train Loss: 0.2473 | Train Acc: 93.45%
Val Loss: 0.6545 | Val Acc: 83.45%

Gradient Chain Statistics:
[PacaGradientChainManager - Gradient Chain Logs]
  Chains Built: True
  Number of Chains: 5
  Current Epoch: 11
  Selected Arms: [3, 2]
  Arm Means: [0.20729410648345947, -0.02323809452354908, 0.1120000034570694, 0.07815384119749069, 0.13428570330142975]
  Arm Stds: [2.425356388092041, 2.1821789741516113, 2.77350115776062, 2.77350115776062, 2.1821789741516113]
  Arm Observation Counts: [4, 5, 3, 3, 5]
  Last Sampled Values: [-2.0850610733032227, -6.206740379333496, 2.9133858680725098, 3.1997742652893066, 0.643124520778656]
------------------------------------------------------------
No improvement for 6 epoch(s)

Reward: -0.31% (normalized: -0.03)

Epoch 13/100 | LR: 0.000997 | Time: 220.91s
Train Loss: 0.2335 | Train Acc: 93.67%
Val Loss: 0.6607 | Val Acc: 83.14%

Gradient Chain Statistics:
[PacaGradientChainManager - Gradient Chain Logs]
  Chains Built: True
  Number of Chains: 5
  Current Epoch: 12
  Selected Arms: [0, 2]
  Arm Means: [0.20729410648345947, -0.02323809452354908, 0.07835294306278229, 0.05247058346867561, 0.13428570330142975]
  Arm Stds: [2.425356388092041, 2.1821789741516113, 2.425356388092041, 2.425356388092041, 2.1821789741516113]
  Arm Observation Counts: [4, 5, 4, 4, 5]
  Last Sampled Values: [5.404957294464111, 0.7775954604148865, 4.841355800628662, 0.03733425214886665, 0.23227250576019287]
------------------------------------------------------------
No improvement for 7 epoch(s)
Early stopping triggered after 13 epochs.
Total training time: 2860.03 seconds
Average time per epoch: 220.00 seconds

============================================================
Training completed!
============================================================
Using device: cuda
============================================================
Vision Transformer Fine-tuning on CIFAR-100
Using Gradient Chain Selection (Ablation)
Num Arms: 5, Num Arms to Select: 3
============================================================
Using random seed: 8134

Loading dataset...
Files already downloaded and verified
Files already downloaded and verified
Dataset loaded: 50000 train samples, 10000 val samples
Number of classes: 100

Creating ViT model for 100 classes...

PEFT config: PacaConfig(peft_type=<PeftType.PACA: 'PACA'>, auto_mapping=None, base_model_name_or_path=None, revision=None, task_type=<TaskType.FEATURE_EXTRACTION: 'FEATURE_EXTRACTION'>, inference_mode=False, r=48, target_modules={'mlp.3', 'mlp.0', 'out_proj'}, paca_alpha=96, fan_in_fan_out=False, bias='all', modules_to_save=['head'], layers_to_transform=None, layers_pattern=None, rank_pattern={}, alpha_pattern={}, megatron_config=None, megatron_core='megatron.core', layer_replication=None, gradient_accumulation_steps=1, steps_per_epoch=782, arm_distribution='gradient_chain', num_arms=5, num_arms_to_select=3, ucb_alpha=0.5, use_fixed_indices=False, arm_selection_method='thompson', thompson_distribution='gaussian', thompson_alpha_prior=1.0, thompson_beta_prior=1.0, thompson_gaussian_prior_mean=0.0, thompson_gaussian_prior_std=10.0, thompson_gaussian_noise_std=5.0, gradient_chain_warmup_epochs=2, gradient_chain_num_samples=5)
Total parameters: 149,653,448
Trainable parameters: 2,757,320 (1.84%)
Frozen parameters: 146,896,128 (98.16%)

============================================================
Fine-tuning ViT using Gradient Chain Selection:
============================================================
Calculating initial validation accuracy...
Initial Val Acc: 0.69%

Reward: 0.00% (normalized: 0.00)
Gradient chain warmup: 1/2

Epoch 1/100 | LR: 0.000100 | Time: 219.02s
Train Loss: 4.7148 | Train Acc: 0.71%
Val Loss: 4.7173 | Val Acc: 0.69%

Gradient Chain Statistics:
[PacaGradientChainManager - Gradient Chain Logs]
  Chains Built: False
  Number of Chains: 0
  Current Epoch: 0
  Arm Means: [0.0, 0.0, 0.0, 0.0, 0.0]
  Arm Stds: [10.0, 10.0, 10.0, 10.0, 10.0]
  Arm Observation Counts: [0, 0, 0, 0, 0]
------------------------------------------------------------

Reward: 72.63% (normalized: 7.26)

============================================================
Building Gradient Chains...
============================================================
Sampling 5 batches to estimate gradients...
  Batch 1/5 processed
  Batch 2/5 processed
  Batch 3/5 processed
  Batch 4/5 processed
  Batch 5/5 processed

Averaging gradients across batches...

Building 5 gradient chains...

Chain 0: Starting from neuron 43
  Layer 0 (encoder.layers.encoder_layer_0.mlp.0): input_col=43 -> output_neuron=2524 (grad=0.0000)
  Layer 1 (encoder.layers.encoder_layer_0.mlp.3): input_col=28 -> output_neuron=168 (grad=0.0006)
  Warning: No gradients for layer encoder.layers.encoder_layer_1.self_attention.out_proj, skipping
  Layer 3 (encoder.layers.encoder_layer_1.mlp.0): input_col=24 -> output_neuron=2878 (grad=0.0001)
  Layer 4 (encoder.layers.encoder_layer_1.mlp.3): input_col=46 -> output_neuron=298 (grad=0.0000)
  Warning: No gradients for layer encoder.layers.encoder_layer_2.self_attention.out_proj, skipping
  Layer 6 (encoder.layers.encoder_layer_2.mlp.0): input_col=10 -> output_neuron=24 (grad=0.0011)
  Layer 7 (encoder.layers.encoder_layer_2.mlp.3): input_col=24 -> output_neuron=275 (grad=0.0019)
  Warning: No gradients for layer encoder.layers.encoder_layer_3.self_attention.out_proj, skipping
  Layer 9 (encoder.layers.encoder_layer_3.mlp.0): input_col=35 -> output_neuron=32 (grad=0.0002)
  Layer 10 (encoder.layers.encoder_layer_3.mlp.3): input_col=32 -> output_neuron=275 (grad=0.0015)
  Warning: No gradients for layer encoder.layers.encoder_layer_4.self_attention.out_proj, skipping
  Layer 12 (encoder.layers.encoder_layer_4.mlp.0): input_col=35 -> output_neuron=2450 (grad=0.0002)
  Layer 13 (encoder.layers.encoder_layer_4.mlp.3): input_col=2 -> output_neuron=223 (grad=0.0013)
  Warning: No gradients for layer encoder.layers.encoder_layer_5.self_attention.out_proj, skipping
  Layer 15 (encoder.layers.encoder_layer_5.mlp.0): input_col=31 -> output_neuron=207 (grad=0.0019)
  Layer 16 (encoder.layers.encoder_layer_5.mlp.3): input_col=15 -> output_neuron=223 (grad=0.0012)
  Warning: No gradients for layer encoder.layers.encoder_layer_6.self_attention.out_proj, skipping
  Layer 18 (encoder.layers.encoder_layer_6.mlp.0): input_col=31 -> output_neuron=275 (grad=0.0091)
  Layer 19 (encoder.layers.encoder_layer_6.mlp.3): input_col=35 -> output_neuron=223 (grad=0.0010)
  Warning: No gradients for layer encoder.layers.encoder_layer_7.self_attention.out_proj, skipping
  Layer 21 (encoder.layers.encoder_layer_7.mlp.0): input_col=31 -> output_neuron=1846 (grad=0.0022)
  Layer 22 (encoder.layers.encoder_layer_7.mlp.3): input_col=22 -> output_neuron=223 (grad=0.0037)
  Warning: No gradients for layer encoder.layers.encoder_layer_8.self_attention.out_proj, skipping
  Layer 24 (encoder.layers.encoder_layer_8.mlp.0): input_col=31 -> output_neuron=846 (grad=0.0036)
  Layer 25 (encoder.layers.encoder_layer_8.mlp.3): input_col=30 -> output_neuron=225 (grad=0.0006)
  Warning: No gradients for layer encoder.layers.encoder_layer_9.self_attention.out_proj, skipping
  Layer 27 (encoder.layers.encoder_layer_9.mlp.0): input_col=33 -> output_neuron=1609 (grad=0.0192)
  Layer 28 (encoder.layers.encoder_layer_9.mlp.3): input_col=25 -> output_neuron=223 (grad=0.0041)
  Warning: No gradients for layer encoder.layers.encoder_layer_10.self_attention.out_proj, skipping
  Layer 30 (encoder.layers.encoder_layer_10.mlp.0): input_col=31 -> output_neuron=2008 (grad=0.0070)
  Layer 31 (encoder.layers.encoder_layer_10.mlp.3): input_col=40 -> output_neuron=223 (grad=0.0039)
  Warning: No gradients for layer encoder.layers.encoder_layer_11.self_attention.out_proj, skipping
  Layer 33 (encoder.layers.encoder_layer_11.mlp.0): input_col=31 -> output_neuron=916 (grad=0.0042)
  Layer 34 (encoder.layers.encoder_layer_11.mlp.3): input_col=4 -> output_neuron=477 (grad=0.0060)

Chain 1: Starting from neuron 44
  Layer 0 (encoder.layers.encoder_layer_0.mlp.0): input_col=44 -> output_neuron=1518 (grad=0.0005)
  Layer 1 (encoder.layers.encoder_layer_0.mlp.3): input_col=30 -> output_neuron=298 (grad=0.0022)
  Warning: No gradients for layer encoder.layers.encoder_layer_1.self_attention.out_proj, skipping
  Layer 3 (encoder.layers.encoder_layer_1.mlp.0): input_col=10 -> output_neuron=2745 (grad=0.0005)
  Layer 4 (encoder.layers.encoder_layer_1.mlp.3): input_col=9 -> output_neuron=298 (grad=0.0011)
  Warning: No gradients for layer encoder.layers.encoder_layer_2.self_attention.out_proj, skipping
  Layer 6 (encoder.layers.encoder_layer_2.mlp.0): input_col=10 -> output_neuron=24 (grad=0.0011)
  Layer 7 (encoder.layers.encoder_layer_2.mlp.3): input_col=24 -> output_neuron=275 (grad=0.0019)
  Warning: No gradients for layer encoder.layers.encoder_layer_3.self_attention.out_proj, skipping
  Layer 9 (encoder.layers.encoder_layer_3.mlp.0): input_col=35 -> output_neuron=32 (grad=0.0002)
  Layer 10 (encoder.layers.encoder_layer_3.mlp.3): input_col=32 -> output_neuron=275 (grad=0.0015)
  Warning: No gradients for layer encoder.layers.encoder_layer_4.self_attention.out_proj, skipping
  Layer 12 (encoder.layers.encoder_layer_4.mlp.0): input_col=35 -> output_neuron=2450 (grad=0.0002)
  Layer 13 (encoder.layers.encoder_layer_4.mlp.3): input_col=2 -> output_neuron=223 (grad=0.0013)
  Warning: No gradients for layer encoder.layers.encoder_layer_5.self_attention.out_proj, skipping
  Layer 15 (encoder.layers.encoder_layer_5.mlp.0): input_col=31 -> output_neuron=207 (grad=0.0019)
  Layer 16 (encoder.layers.encoder_layer_5.mlp.3): input_col=15 -> output_neuron=223 (grad=0.0012)
  Warning: No gradients for layer encoder.layers.encoder_layer_6.self_attention.out_proj, skipping
  Layer 18 (encoder.layers.encoder_layer_6.mlp.0): input_col=31 -> output_neuron=275 (grad=0.0091)
  Layer 19 (encoder.layers.encoder_layer_6.mlp.3): input_col=35 -> output_neuron=223 (grad=0.0010)
  Warning: No gradients for layer encoder.layers.encoder_layer_7.self_attention.out_proj, skipping
  Layer 21 (encoder.layers.encoder_layer_7.mlp.0): input_col=31 -> output_neuron=1846 (grad=0.0022)
  Layer 22 (encoder.layers.encoder_layer_7.mlp.3): input_col=22 -> output_neuron=223 (grad=0.0037)
  Warning: No gradients for layer encoder.layers.encoder_layer_8.self_attention.out_proj, skipping
  Layer 24 (encoder.layers.encoder_layer_8.mlp.0): input_col=31 -> output_neuron=846 (grad=0.0036)
  Layer 25 (encoder.layers.encoder_layer_8.mlp.3): input_col=30 -> output_neuron=225 (grad=0.0006)
  Warning: No gradients for layer encoder.layers.encoder_layer_9.self_attention.out_proj, skipping
  Layer 27 (encoder.layers.encoder_layer_9.mlp.0): input_col=33 -> output_neuron=1609 (grad=0.0192)
  Layer 28 (encoder.layers.encoder_layer_9.mlp.3): input_col=25 -> output_neuron=223 (grad=0.0041)
  Warning: No gradients for layer encoder.layers.encoder_layer_10.self_attention.out_proj, skipping
  Layer 30 (encoder.layers.encoder_layer_10.mlp.0): input_col=31 -> output_neuron=2008 (grad=0.0070)
  Layer 31 (encoder.layers.encoder_layer_10.mlp.3): input_col=40 -> output_neuron=223 (grad=0.0039)
  Warning: No gradients for layer encoder.layers.encoder_layer_11.self_attention.out_proj, skipping
  Layer 33 (encoder.layers.encoder_layer_11.mlp.0): input_col=31 -> output_neuron=916 (grad=0.0042)
  Layer 34 (encoder.layers.encoder_layer_11.mlp.3): input_col=4 -> output_neuron=477 (grad=0.0060)

Chain 2: Starting from neuron 27
  Layer 0 (encoder.layers.encoder_layer_0.mlp.0): input_col=27 -> output_neuron=2524 (grad=0.0000)
  Layer 1 (encoder.layers.encoder_layer_0.mlp.3): input_col=28 -> output_neuron=168 (grad=0.0006)
  Warning: No gradients for layer encoder.layers.encoder_layer_1.self_attention.out_proj, skipping
  Layer 3 (encoder.layers.encoder_layer_1.mlp.0): input_col=24 -> output_neuron=2878 (grad=0.0001)
  Layer 4 (encoder.layers.encoder_layer_1.mlp.3): input_col=46 -> output_neuron=298 (grad=0.0000)
  Warning: No gradients for layer encoder.layers.encoder_layer_2.self_attention.out_proj, skipping
  Layer 6 (encoder.layers.encoder_layer_2.mlp.0): input_col=10 -> output_neuron=24 (grad=0.0011)
  Layer 7 (encoder.layers.encoder_layer_2.mlp.3): input_col=24 -> output_neuron=275 (grad=0.0019)
  Warning: No gradients for layer encoder.layers.encoder_layer_3.self_attention.out_proj, skipping
  Layer 9 (encoder.layers.encoder_layer_3.mlp.0): input_col=35 -> output_neuron=32 (grad=0.0002)
  Layer 10 (encoder.layers.encoder_layer_3.mlp.3): input_col=32 -> output_neuron=275 (grad=0.0015)
  Warning: No gradients for layer encoder.layers.encoder_layer_4.self_attention.out_proj, skipping
  Layer 12 (encoder.layers.encoder_layer_4.mlp.0): input_col=35 -> output_neuron=2450 (grad=0.0002)
  Layer 13 (encoder.layers.encoder_layer_4.mlp.3): input_col=2 -> output_neuron=223 (grad=0.0013)
  Warning: No gradients for layer encoder.layers.encoder_layer_5.self_attention.out_proj, skipping
  Layer 15 (encoder.layers.encoder_layer_5.mlp.0): input_col=31 -> output_neuron=207 (grad=0.0019)
  Layer 16 (encoder.layers.encoder_layer_5.mlp.3): input_col=15 -> output_neuron=223 (grad=0.0012)
  Warning: No gradients for layer encoder.layers.encoder_layer_6.self_attention.out_proj, skipping
  Layer 18 (encoder.layers.encoder_layer_6.mlp.0): input_col=31 -> output_neuron=275 (grad=0.0091)
  Layer 19 (encoder.layers.encoder_layer_6.mlp.3): input_col=35 -> output_neuron=223 (grad=0.0010)
  Warning: No gradients for layer encoder.layers.encoder_layer_7.self_attention.out_proj, skipping
  Layer 21 (encoder.layers.encoder_layer_7.mlp.0): input_col=31 -> output_neuron=1846 (grad=0.0022)
  Layer 22 (encoder.layers.encoder_layer_7.mlp.3): input_col=22 -> output_neuron=223 (grad=0.0037)
  Warning: No gradients for layer encoder.layers.encoder_layer_8.self_attention.out_proj, skipping
  Layer 24 (encoder.layers.encoder_layer_8.mlp.0): input_col=31 -> output_neuron=846 (grad=0.0036)
  Layer 25 (encoder.layers.encoder_layer_8.mlp.3): input_col=30 -> output_neuron=225 (grad=0.0006)
  Warning: No gradients for layer encoder.layers.encoder_layer_9.self_attention.out_proj, skipping
  Layer 27 (encoder.layers.encoder_layer_9.mlp.0): input_col=33 -> output_neuron=1609 (grad=0.0192)
  Layer 28 (encoder.layers.encoder_layer_9.mlp.3): input_col=25 -> output_neuron=223 (grad=0.0041)
  Warning: No gradients for layer encoder.layers.encoder_layer_10.self_attention.out_proj, skipping
  Layer 30 (encoder.layers.encoder_layer_10.mlp.0): input_col=31 -> output_neuron=2008 (grad=0.0070)
  Layer 31 (encoder.layers.encoder_layer_10.mlp.3): input_col=40 -> output_neuron=223 (grad=0.0039)
  Warning: No gradients for layer encoder.layers.encoder_layer_11.self_attention.out_proj, skipping
  Layer 33 (encoder.layers.encoder_layer_11.mlp.0): input_col=31 -> output_neuron=916 (grad=0.0042)
  Layer 34 (encoder.layers.encoder_layer_11.mlp.3): input_col=4 -> output_neuron=477 (grad=0.0060)

Chain 3: Starting from neuron 39
  Layer 0 (encoder.layers.encoder_layer_0.mlp.0): input_col=39 -> output_neuron=2524 (grad=0.0005)
  Layer 1 (encoder.layers.encoder_layer_0.mlp.3): input_col=28 -> output_neuron=168 (grad=0.0006)
  Warning: No gradients for layer encoder.layers.encoder_layer_1.self_attention.out_proj, skipping
  Layer 3 (encoder.layers.encoder_layer_1.mlp.0): input_col=24 -> output_neuron=2878 (grad=0.0001)
  Layer 4 (encoder.layers.encoder_layer_1.mlp.3): input_col=46 -> output_neuron=298 (grad=0.0000)
  Warning: No gradients for layer encoder.layers.encoder_layer_2.self_attention.out_proj, skipping
  Layer 6 (encoder.layers.encoder_layer_2.mlp.0): input_col=10 -> output_neuron=24 (grad=0.0011)
  Layer 7 (encoder.layers.encoder_layer_2.mlp.3): input_col=24 -> output_neuron=275 (grad=0.0019)
  Warning: No gradients for layer encoder.layers.encoder_layer_3.self_attention.out_proj, skipping
  Layer 9 (encoder.layers.encoder_layer_3.mlp.0): input_col=35 -> output_neuron=32 (grad=0.0002)
  Layer 10 (encoder.layers.encoder_layer_3.mlp.3): input_col=32 -> output_neuron=275 (grad=0.0015)
  Warning: No gradients for layer encoder.layers.encoder_layer_4.self_attention.out_proj, skipping
  Layer 12 (encoder.layers.encoder_layer_4.mlp.0): input_col=35 -> output_neuron=2450 (grad=0.0002)
  Layer 13 (encoder.layers.encoder_layer_4.mlp.3): input_col=2 -> output_neuron=223 (grad=0.0013)
  Warning: No gradients for layer encoder.layers.encoder_layer_5.self_attention.out_proj, skipping
  Layer 15 (encoder.layers.encoder_layer_5.mlp.0): input_col=31 -> output_neuron=207 (grad=0.0019)
  Layer 16 (encoder.layers.encoder_layer_5.mlp.3): input_col=15 -> output_neuron=223 (grad=0.0012)
  Warning: No gradients for layer encoder.layers.encoder_layer_6.self_attention.out_proj, skipping
  Layer 18 (encoder.layers.encoder_layer_6.mlp.0): input_col=31 -> output_neuron=275 (grad=0.0091)
  Layer 19 (encoder.layers.encoder_layer_6.mlp.3): input_col=35 -> output_neuron=223 (grad=0.0010)
  Warning: No gradients for layer encoder.layers.encoder_layer_7.self_attention.out_proj, skipping
  Layer 21 (encoder.layers.encoder_layer_7.mlp.0): input_col=31 -> output_neuron=1846 (grad=0.0022)
  Layer 22 (encoder.layers.encoder_layer_7.mlp.3): input_col=22 -> output_neuron=223 (grad=0.0037)
  Warning: No gradients for layer encoder.layers.encoder_layer_8.self_attention.out_proj, skipping
  Layer 24 (encoder.layers.encoder_layer_8.mlp.0): input_col=31 -> output_neuron=846 (grad=0.0036)
  Layer 25 (encoder.layers.encoder_layer_8.mlp.3): input_col=30 -> output_neuron=225 (grad=0.0006)
  Warning: No gradients for layer encoder.layers.encoder_layer_9.self_attention.out_proj, skipping
  Layer 27 (encoder.layers.encoder_layer_9.mlp.0): input_col=33 -> output_neuron=1609 (grad=0.0192)
  Layer 28 (encoder.layers.encoder_layer_9.mlp.3): input_col=25 -> output_neuron=223 (grad=0.0041)
  Warning: No gradients for layer encoder.layers.encoder_layer_10.self_attention.out_proj, skipping
  Layer 30 (encoder.layers.encoder_layer_10.mlp.0): input_col=31 -> output_neuron=2008 (grad=0.0070)
  Layer 31 (encoder.layers.encoder_layer_10.mlp.3): input_col=40 -> output_neuron=223 (grad=0.0039)
  Warning: No gradients for layer encoder.layers.encoder_layer_11.self_attention.out_proj, skipping
  Layer 33 (encoder.layers.encoder_layer_11.mlp.0): input_col=31 -> output_neuron=916 (grad=0.0042)
  Layer 34 (encoder.layers.encoder_layer_11.mlp.3): input_col=4 -> output_neuron=477 (grad=0.0060)

Chain 4: Starting from neuron 42
  Layer 0 (encoder.layers.encoder_layer_0.mlp.0): input_col=42 -> output_neuron=2524 (grad=0.0005)
  Layer 1 (encoder.layers.encoder_layer_0.mlp.3): input_col=28 -> output_neuron=168 (grad=0.0006)
  Warning: No gradients for layer encoder.layers.encoder_layer_1.self_attention.out_proj, skipping
  Layer 3 (encoder.layers.encoder_layer_1.mlp.0): input_col=24 -> output_neuron=2878 (grad=0.0001)
  Layer 4 (encoder.layers.encoder_layer_1.mlp.3): input_col=46 -> output_neuron=298 (grad=0.0000)
  Warning: No gradients for layer encoder.layers.encoder_layer_2.self_attention.out_proj, skipping
  Layer 6 (encoder.layers.encoder_layer_2.mlp.0): input_col=10 -> output_neuron=24 (grad=0.0011)
  Layer 7 (encoder.layers.encoder_layer_2.mlp.3): input_col=24 -> output_neuron=275 (grad=0.0019)
  Warning: No gradients for layer encoder.layers.encoder_layer_3.self_attention.out_proj, skipping
  Layer 9 (encoder.layers.encoder_layer_3.mlp.0): input_col=35 -> output_neuron=32 (grad=0.0002)
  Layer 10 (encoder.layers.encoder_layer_3.mlp.3): input_col=32 -> output_neuron=275 (grad=0.0015)
  Warning: No gradients for layer encoder.layers.encoder_layer_4.self_attention.out_proj, skipping
  Layer 12 (encoder.layers.encoder_layer_4.mlp.0): input_col=35 -> output_neuron=2450 (grad=0.0002)
  Layer 13 (encoder.layers.encoder_layer_4.mlp.3): input_col=2 -> output_neuron=223 (grad=0.0013)
  Warning: No gradients for layer encoder.layers.encoder_layer_5.self_attention.out_proj, skipping
  Layer 15 (encoder.layers.encoder_layer_5.mlp.0): input_col=31 -> output_neuron=207 (grad=0.0019)
  Layer 16 (encoder.layers.encoder_layer_5.mlp.3): input_col=15 -> output_neuron=223 (grad=0.0012)
  Warning: No gradients for layer encoder.layers.encoder_layer_6.self_attention.out_proj, skipping
  Layer 18 (encoder.layers.encoder_layer_6.mlp.0): input_col=31 -> output_neuron=275 (grad=0.0091)
  Layer 19 (encoder.layers.encoder_layer_6.mlp.3): input_col=35 -> output_neuron=223 (grad=0.0010)
  Warning: No gradients for layer encoder.layers.encoder_layer_7.self_attention.out_proj, skipping
  Layer 21 (encoder.layers.encoder_layer_7.mlp.0): input_col=31 -> output_neuron=1846 (grad=0.0022)
  Layer 22 (encoder.layers.encoder_layer_7.mlp.3): input_col=22 -> output_neuron=223 (grad=0.0037)
  Warning: No gradients for layer encoder.layers.encoder_layer_8.self_attention.out_proj, skipping
  Layer 24 (encoder.layers.encoder_layer_8.mlp.0): input_col=31 -> output_neuron=846 (grad=0.0036)
  Layer 25 (encoder.layers.encoder_layer_8.mlp.3): input_col=30 -> output_neuron=225 (grad=0.0006)
  Warning: No gradients for layer encoder.layers.encoder_layer_9.self_attention.out_proj, skipping
  Layer 27 (encoder.layers.encoder_layer_9.mlp.0): input_col=33 -> output_neuron=1609 (grad=0.0192)
  Layer 28 (encoder.layers.encoder_layer_9.mlp.3): input_col=25 -> output_neuron=223 (grad=0.0041)
  Warning: No gradients for layer encoder.layers.encoder_layer_10.self_attention.out_proj, skipping
  Layer 30 (encoder.layers.encoder_layer_10.mlp.0): input_col=31 -> output_neuron=2008 (grad=0.0070)
  Layer 31 (encoder.layers.encoder_layer_10.mlp.3): input_col=40 -> output_neuron=223 (grad=0.0039)
  Warning: No gradients for layer encoder.layers.encoder_layer_11.self_attention.out_proj, skipping
  Layer 33 (encoder.layers.encoder_layer_11.mlp.0): input_col=31 -> output_neuron=916 (grad=0.0042)
  Layer 34 (encoder.layers.encoder_layer_11.mlp.3): input_col=4 -> output_neuron=477 (grad=0.0060)

============================================================
✓ Successfully built 5 gradient chains
============================================================

Epoch 2/100 | LR: 0.000200 | Time: 221.04s
Train Loss: 2.5067 | Train Acc: 50.66%
Val Loss: 1.3480 | Val Acc: 73.32%

Gradient Chain Statistics:
[PacaGradientChainManager - Gradient Chain Logs]
  Chains Built: True
  Number of Chains: 5
  Current Epoch: 1
  Selected Arms: [4, 3, 0]
  Arm Means: [0.0, 0.0, 0.0, 0.0, 0.0]
  Arm Stds: [10.0, 10.0, 10.0, 10.0, 10.0]
  Arm Observation Counts: [0, 0, 0, 0, 0]
  Last Sampled Values: [4.151424884796143, -5.560389518737793, -12.490744590759277, 5.351524353027344, 12.453641891479492]
------------------------------------------------------------

Reward: 8.32% (normalized: 0.83)

Epoch 3/100 | LR: 0.000300 | Time: 219.64s
Train Loss: 0.9909 | Train Acc: 79.46%
Val Loss: 0.8222 | Val Acc: 81.64%

Gradient Chain Statistics:
[PacaGradientChainManager - Gradient Chain Logs]
  Chains Built: True
  Number of Chains: 5
  Current Epoch: 2
  Selected Arms: [2, 0, 4]
  Arm Means: [0.6656000018119812, 0.0, 0.0, 0.6656000018119812, 0.6656000018119812]
  Arm Stds: [4.4721360206604, 10.0, 10.0, 4.4721360206604, 4.4721360206604]
  Arm Observation Counts: [1, 0, 0, 1, 1]
  Last Sampled Values: [8.584513664245605, -5.771286487579346, 9.93747615814209, -2.681563138961792, 1.8995864391326904]
------------------------------------------------------------

Reward: 1.78% (normalized: 0.18)

Epoch 4/100 | LR: 0.000400 | Time: 219.57s
Train Loss: 0.6236 | Train Acc: 85.89%
Val Loss: 0.6642 | Val Acc: 83.42%

Gradient Chain Statistics:
[PacaGradientChainManager - Gradient Chain Logs]
  Chains Built: True
  Number of Chains: 5
  Current Epoch: 3
  Selected Arms: [1, 0, 3]
  Arm Means: [0.448888897895813, 0.0, 0.14239999651908875, 0.6656000018119812, 0.448888897895813]
  Arm Stds: [3.3333334922790527, 10.0, 4.4721360206604, 4.4721360206604, 3.3333334922790527]
  Arm Observation Counts: [2, 0, 1, 1, 2]
  Last Sampled Values: [4.8799824714660645, 15.128766059875488, -1.0746276378631592, 0.2034074366092682, -1.029435396194458]
------------------------------------------------------------

Reward: 1.61% (normalized: 0.16)

Epoch 5/100 | LR: 0.000500 | Time: 219.74s
Train Loss: 0.4224 | Train Acc: 89.97%
Val Loss: 0.5838 | Val Acc: 85.03%

Gradient Chain Statistics:
[PacaGradientChainManager - Gradient Chain Logs]
  Chains Built: True
  Number of Chains: 5
  Current Epoch: 4
  Selected Arms: [3, 4, 2]
  Arm Means: [0.3603076934814453, 0.12880000472068787, 0.14239999651908875, 0.4413333237171173, 0.448888897895813]
  Arm Stds: [2.77350115776062, 4.4721360206604, 4.4721360206604, 3.3333334922790527, 3.3333334922790527]
  Arm Observation Counts: [3, 1, 1, 2, 2]
  Last Sampled Values: [-3.008490800857544, -1.9601718187332153, -0.38667353987693787, 2.944871664047241, 1.089054822921753]
------------------------------------------------------------

Reward: -0.02% (normalized: -0.00)

Epoch 6/100 | LR: 0.000600 | Time: 219.71s
Train Loss: 0.3138 | Train Acc: 92.51%
Val Loss: 0.5693 | Val Acc: 85.01%

Gradient Chain Statistics:
[PacaGradientChainManager - Gradient Chain Logs]
  Chains Built: True
  Number of Chains: 5
  Current Epoch: 5
  Selected Arms: [4, 0, 1]
  Arm Means: [0.3603076934814453, 0.12880000472068787, 0.07822222262620926, 0.30492305755615234, 0.3101538419723511]
  Arm Stds: [2.77350115776062, 4.4721360206604, 3.3333334922790527, 2.77350115776062, 2.77350115776062]
  Arm Observation Counts: [3, 1, 2, 3, 3]
  Last Sampled Values: [-0.057978272438049316, -0.5231795310974121, -1.479772686958313, -5.887758731842041, 1.7830382585525513]
------------------------------------------------------------

Reward: -0.64% (normalized: -0.06)

Epoch 7/100 | LR: 0.000700 | Time: 219.81s
Train Loss: 0.2823 | Train Acc: 93.08%
Val Loss: 0.6016 | Val Acc: 84.37%

Gradient Chain Statistics:
[PacaGradientChainManager - Gradient Chain Logs]
  Chains Built: True
  Number of Chains: 5
  Current Epoch: 6
  Selected Arms: [1, 2, 4]
  Arm Means: [0.26047056913375854, 0.04311111196875572, 0.07822222262620926, 0.30492305755615234, 0.22211763262748718]
  Arm Stds: [2.425356388092041, 3.3333334922790527, 3.3333334922790527, 2.77350115776062, 2.425356388092041]
  Arm Observation Counts: [4, 2, 2, 3, 4]
  Last Sampled Values: [-0.5736777782440186, 5.651800632476807, 3.5061376094818115, 0.021971285343170166, 2.608278751373291]
------------------------------------------------------------
No improvement for 1 epoch(s)

Reward: 0.58% (normalized: 0.06)

Epoch 8/100 | LR: 0.000800 | Time: 219.67s
Train Loss: 0.2576 | Train Acc: 93.53%
Val Loss: 0.5803 | Val Acc: 84.95%

Gradient Chain Statistics:
[PacaGradientChainManager - Gradient Chain Logs]
  Chains Built: True
  Number of Chains: 5
  Current Epoch: 7
  Selected Arms: [4, 2, 3]
  Arm Means: [0.26047056913375854, 0.04769231006503105, 0.07199999690055847, 0.30492305755615234, 0.19085712730884552]
  Arm Stds: [2.425356388092041, 2.77350115776062, 2.77350115776062, 2.77350115776062, 2.1821789741516113]
  Arm Observation Counts: [4, 3, 3, 3, 5]
  Last Sampled Values: [-3.578545331954956, -5.173773765563965, 0.8393635749816895, -2.4993789196014404, 1.5421215295791626]
------------------------------------------------------------
No improvement for 2 epoch(s)

Reward: -0.73% (normalized: -0.07)

Epoch 9/100 | LR: 0.000900 | Time: 219.73s
Train Loss: 0.2505 | Train Acc: 93.71%
Val Loss: 0.6163 | Val Acc: 84.22%

Gradient Chain Statistics:
[PacaGradientChainManager - Gradient Chain Logs]
  Chains Built: True
  Number of Chains: 5
  Current Epoch: 8
  Selected Arms: [4, 3, 1]
  Arm Means: [0.26047056913375854, 0.04769231006503105, 0.03788234665989876, 0.21599997580051422, 0.1486399918794632]
  Arm Stds: [2.425356388092041, 2.77350115776062, 2.425356388092041, 2.425356388092041, 2.0]
  Arm Observation Counts: [4, 3, 4, 4, 6]
  Last Sampled Values: [-0.7095186710357666, -0.026368629187345505, -0.7421470284461975, 0.4691205620765686, 2.1433403491973877]
------------------------------------------------------------
No improvement for 3 epoch(s)

Reward: 0.10% (normalized: 0.01)

Epoch 10/100 | LR: 0.001000 | Time: 219.81s
Train Loss: 0.2768 | Train Acc: 92.82%
Val Loss: 0.6197 | Val Acc: 84.32%

Gradient Chain Statistics:
[PacaGradientChainManager - Gradient Chain Logs]
  Chains Built: True
  Number of Chains: 5
  Current Epoch: 9
  Selected Arms: [2, 1, 4]
  Arm Means: [0.26047056913375854, 0.038823530077934265, 0.03788234665989876, 0.17676188051700592, 0.12951722741127014]
  Arm Stds: [2.425356388092041, 2.425356388092041, 2.425356388092041, 2.1821789741516113, 1.8569533824920654]
  Arm Observation Counts: [4, 4, 4, 5, 7]
  Last Sampled Values: [-4.820809841156006, 1.766292691230774, 2.212790012359619, 0.1576649397611618, 1.343481421470642]
------------------------------------------------------------
No improvement for 4 epoch(s)

Reward: -1.78% (normalized: -0.18)

Epoch 11/100 | LR: 0.001000 | Time: 220.95s
Train Loss: 0.2675 | Train Acc: 93.01%
Val Loss: 0.6834 | Val Acc: 82.54%

Gradient Chain Statistics:
[PacaGradientChainManager - Gradient Chain Logs]
  Chains Built: True
  Number of Chains: 5
  Current Epoch: 10
  Selected Arms: [4, 3, 2]
  Arm Means: [0.26047056913375854, -0.0024761937092989683, -0.003238104050979018, 0.17676188051700592, 0.09224241226911545]
  Arm Stds: [2.425356388092041, 2.1821789741516113, 2.1821789741516113, 2.1821789741516113, 1.740776538848877]
  Arm Observation Counts: [4, 5, 5, 5, 8]
  Last Sampled Values: [0.4552459716796875, 1.2326067686080933, 3.3859877586364746, 4.363242149353027, 5.208405017852783]
------------------------------------------------------------
No improvement for 5 epoch(s)

Reward: -0.17% (normalized: -0.02)

Epoch 12/100 | LR: 0.000999 | Time: 220.91s
Train Loss: 0.2524 | Train Acc: 93.29%
Val Loss: 0.6948 | Val Acc: 82.37%

Gradient Chain Statistics:
[PacaGradientChainManager - Gradient Chain Logs]
  Chains Built: True
  Number of Chains: 5
  Current Epoch: 11
  Selected Arms: [1, 0, 3]
  Arm Means: [0.26047056913375854, -0.0024761937092989683, -0.00544000742956996, 0.14575998485088348, 0.08043242245912552]
  Arm Stds: [2.425356388092041, 2.1821789741516113, 2.0, 2.0, 1.64398992061615]
  Arm Observation Counts: [4, 5, 6, 6, 9]
  Last Sampled Values: [3.036559581756592, 3.198995590209961, -1.9169436693191528, 1.227151870727539, 1.1366448402404785]
------------------------------------------------------------
No improvement for 6 epoch(s)

Reward: 0.27% (normalized: 0.03)

Epoch 13/100 | LR: 0.000997 | Time: 220.85s
Train Loss: 0.2339 | Train Acc: 93.75%
Val Loss: 0.6844 | Val Acc: 82.64%

Gradient Chain Statistics:
[PacaGradientChainManager - Gradient Chain Logs]
  Chains Built: True
  Number of Chains: 5
  Current Epoch: 12
  Selected Arms: [1, 0, 2]
  Arm Means: [0.21599997580051422, 0.002239997498691082, -0.00544000742956996, 0.1293793022632599, 0.08043242245912552]
  Arm Stds: [2.1821789741516113, 2.0, 2.0, 1.8569533824920654, 1.64398992061615]
  Arm Observation Counts: [5, 6, 6, 7, 9]
  Last Sampled Values: [1.9558123350143433, 3.713747262954712, 1.8398882150650024, 1.6253992319107056, -4.062399387359619]
------------------------------------------------------------
No improvement for 7 epoch(s)
Early stopping triggered after 13 epochs.
Total training time: 2860.47 seconds
Average time per epoch: 220.04 seconds

============================================================
Training completed!
============================================================
Using device: cuda
============================================================
Vision Transformer Fine-tuning on CIFAR-100
Using Gradient Chain Selection (Ablation)
Num Arms: 5, Num Arms to Select: 4
============================================================
Using random seed: 3140

Loading dataset...
Files already downloaded and verified
Files already downloaded and verified
Dataset loaded: 50000 train samples, 10000 val samples
Number of classes: 100

Creating ViT model for 100 classes...

PEFT config: PacaConfig(peft_type=<PeftType.PACA: 'PACA'>, auto_mapping=None, base_model_name_or_path=None, revision=None, task_type=<TaskType.FEATURE_EXTRACTION: 'FEATURE_EXTRACTION'>, inference_mode=False, r=48, target_modules={'mlp.3', 'mlp.0', 'out_proj'}, paca_alpha=96, fan_in_fan_out=False, bias='all', modules_to_save=['head'], layers_to_transform=None, layers_pattern=None, rank_pattern={}, alpha_pattern={}, megatron_config=None, megatron_core='megatron.core', layer_replication=None, gradient_accumulation_steps=1, steps_per_epoch=782, arm_distribution='gradient_chain', num_arms=5, num_arms_to_select=4, ucb_alpha=0.5, use_fixed_indices=False, arm_selection_method='thompson', thompson_distribution='gaussian', thompson_alpha_prior=1.0, thompson_beta_prior=1.0, thompson_gaussian_prior_mean=0.0, thompson_gaussian_prior_std=10.0, thompson_gaussian_noise_std=5.0, gradient_chain_warmup_epochs=2, gradient_chain_num_samples=5)
Total parameters: 149,653,448
Trainable parameters: 2,757,320 (1.84%)
Frozen parameters: 146,896,128 (98.16%)

============================================================
Fine-tuning ViT using Gradient Chain Selection:
============================================================
Calculating initial validation accuracy...
Initial Val Acc: 0.86%

Reward: 0.00% (normalized: 0.00)
Gradient chain warmup: 1/2

Epoch 1/100 | LR: 0.000100 | Time: 218.76s
Train Loss: 4.6956 | Train Acc: 0.92%
Val Loss: 4.6909 | Val Acc: 0.86%

Gradient Chain Statistics:
[PacaGradientChainManager - Gradient Chain Logs]
  Chains Built: False
  Number of Chains: 0
  Current Epoch: 0
  Arm Means: [0.0, 0.0, 0.0, 0.0, 0.0]
  Arm Stds: [10.0, 10.0, 10.0, 10.0, 10.0]
  Arm Observation Counts: [0, 0, 0, 0, 0]
------------------------------------------------------------

Reward: 73.31% (normalized: 7.33)

============================================================
Building Gradient Chains...
============================================================
Sampling 5 batches to estimate gradients...
  Batch 1/5 processed
  Batch 2/5 processed
  Batch 3/5 processed
  Batch 4/5 processed
  Batch 5/5 processed

Averaging gradients across batches...

Building 5 gradient chains...

Chain 0: Starting from neuron 45
  Layer 0 (encoder.layers.encoder_layer_0.mlp.0): input_col=45 -> output_neuron=2437 (grad=0.0000)
  Layer 1 (encoder.layers.encoder_layer_0.mlp.3): input_col=37 -> output_neuron=298 (grad=0.0013)
  Warning: No gradients for layer encoder.layers.encoder_layer_1.self_attention.out_proj, skipping
  Layer 3 (encoder.layers.encoder_layer_1.mlp.0): input_col=10 -> output_neuron=178 (grad=0.0008)
  Layer 4 (encoder.layers.encoder_layer_1.mlp.3): input_col=34 -> output_neuron=679 (grad=0.0011)
  Warning: No gradients for layer encoder.layers.encoder_layer_2.self_attention.out_proj, skipping
  Layer 6 (encoder.layers.encoder_layer_2.mlp.0): input_col=7 -> output_neuron=1923 (grad=0.0004)
  Layer 7 (encoder.layers.encoder_layer_2.mlp.3): input_col=3 -> output_neuron=679 (grad=0.0019)
  Warning: No gradients for layer encoder.layers.encoder_layer_3.self_attention.out_proj, skipping
  Layer 9 (encoder.layers.encoder_layer_3.mlp.0): input_col=7 -> output_neuron=1628 (grad=0.0002)
  Layer 10 (encoder.layers.encoder_layer_3.mlp.3): input_col=44 -> output_neuron=679 (grad=0.0018)
  Warning: No gradients for layer encoder.layers.encoder_layer_4.self_attention.out_proj, skipping
  Layer 12 (encoder.layers.encoder_layer_4.mlp.0): input_col=7 -> output_neuron=1178 (grad=0.0030)
  Layer 13 (encoder.layers.encoder_layer_4.mlp.3): input_col=26 -> output_neuron=674 (grad=0.0033)
  Warning: No gradients for layer encoder.layers.encoder_layer_5.self_attention.out_proj, skipping
  Layer 15 (encoder.layers.encoder_layer_5.mlp.0): input_col=2 -> output_neuron=2905 (grad=0.0003)
  Layer 16 (encoder.layers.encoder_layer_5.mlp.3): input_col=25 -> output_neuron=679 (grad=0.0016)
  Warning: No gradients for layer encoder.layers.encoder_layer_6.self_attention.out_proj, skipping
  Layer 18 (encoder.layers.encoder_layer_6.mlp.0): input_col=7 -> output_neuron=1897 (grad=0.0003)
  Layer 19 (encoder.layers.encoder_layer_6.mlp.3): input_col=25 -> output_neuron=535 (grad=0.0008)
  Warning: No gradients for layer encoder.layers.encoder_layer_7.self_attention.out_proj, skipping
  Layer 21 (encoder.layers.encoder_layer_7.mlp.0): input_col=7 -> output_neuron=104 (grad=0.0003)
  Layer 22 (encoder.layers.encoder_layer_7.mlp.3): input_col=8 -> output_neuron=583 (grad=0.0005)
  Warning: No gradients for layer encoder.layers.encoder_layer_8.self_attention.out_proj, skipping
  Layer 24 (encoder.layers.encoder_layer_8.mlp.0): input_col=7 -> output_neuron=2252 (grad=0.0037)
  Layer 25 (encoder.layers.encoder_layer_8.mlp.3): input_col=44 -> output_neuron=502 (grad=0.0022)
  Warning: No gradients for layer encoder.layers.encoder_layer_9.self_attention.out_proj, skipping
  Layer 27 (encoder.layers.encoder_layer_9.mlp.0): input_col=22 -> output_neuron=284 (grad=0.0118)
  Layer 28 (encoder.layers.encoder_layer_9.mlp.3): input_col=44 -> output_neuron=475 (grad=0.0026)
  Warning: No gradients for layer encoder.layers.encoder_layer_10.self_attention.out_proj, skipping
  Layer 30 (encoder.layers.encoder_layer_10.mlp.0): input_col=43 -> output_neuron=2687 (grad=0.0207)
  Layer 31 (encoder.layers.encoder_layer_10.mlp.3): input_col=47 -> output_neuron=475 (grad=0.0028)
  Warning: No gradients for layer encoder.layers.encoder_layer_11.self_attention.out_proj, skipping
  Layer 33 (encoder.layers.encoder_layer_11.mlp.0): input_col=43 -> output_neuron=1972 (grad=0.0195)
  Layer 34 (encoder.layers.encoder_layer_11.mlp.3): input_col=4 -> output_neuron=674 (grad=0.0046)

Chain 1: Starting from neuron 19
  Layer 0 (encoder.layers.encoder_layer_0.mlp.0): input_col=19 -> output_neuron=2386 (grad=0.0004)
  Layer 1 (encoder.layers.encoder_layer_0.mlp.3): input_col=34 -> output_neuron=126 (grad=0.0015)
  Warning: No gradients for layer encoder.layers.encoder_layer_1.self_attention.out_proj, skipping
  Layer 3 (encoder.layers.encoder_layer_1.mlp.0): input_col=30 -> output_neuron=2234 (grad=0.0004)
  Layer 4 (encoder.layers.encoder_layer_1.mlp.3): input_col=26 -> output_neuron=95 (grad=0.0022)
  Warning: No gradients for layer encoder.layers.encoder_layer_2.self_attention.out_proj, skipping
  Layer 6 (encoder.layers.encoder_layer_2.mlp.0): input_col=47 -> output_neuron=1419 (grad=0.0001)
  Layer 7 (encoder.layers.encoder_layer_2.mlp.3): input_col=27 -> output_neuron=679 (grad=0.0011)
  Warning: No gradients for layer encoder.layers.encoder_layer_3.self_attention.out_proj, skipping
  Layer 9 (encoder.layers.encoder_layer_3.mlp.0): input_col=7 -> output_neuron=1628 (grad=0.0002)
  Layer 10 (encoder.layers.encoder_layer_3.mlp.3): input_col=44 -> output_neuron=679 (grad=0.0018)
  Warning: No gradients for layer encoder.layers.encoder_layer_4.self_attention.out_proj, skipping
  Layer 12 (encoder.layers.encoder_layer_4.mlp.0): input_col=7 -> output_neuron=1178 (grad=0.0030)
  Layer 13 (encoder.layers.encoder_layer_4.mlp.3): input_col=26 -> output_neuron=674 (grad=0.0033)
  Warning: No gradients for layer encoder.layers.encoder_layer_5.self_attention.out_proj, skipping
  Layer 15 (encoder.layers.encoder_layer_5.mlp.0): input_col=2 -> output_neuron=2905 (grad=0.0003)
  Layer 16 (encoder.layers.encoder_layer_5.mlp.3): input_col=25 -> output_neuron=679 (grad=0.0016)
  Warning: No gradients for layer encoder.layers.encoder_layer_6.self_attention.out_proj, skipping
  Layer 18 (encoder.layers.encoder_layer_6.mlp.0): input_col=7 -> output_neuron=1897 (grad=0.0003)
  Layer 19 (encoder.layers.encoder_layer_6.mlp.3): input_col=25 -> output_neuron=535 (grad=0.0008)
  Warning: No gradients for layer encoder.layers.encoder_layer_7.self_attention.out_proj, skipping
  Layer 21 (encoder.layers.encoder_layer_7.mlp.0): input_col=7 -> output_neuron=104 (grad=0.0003)
  Layer 22 (encoder.layers.encoder_layer_7.mlp.3): input_col=8 -> output_neuron=583 (grad=0.0005)
  Warning: No gradients for layer encoder.layers.encoder_layer_8.self_attention.out_proj, skipping
  Layer 24 (encoder.layers.encoder_layer_8.mlp.0): input_col=7 -> output_neuron=2252 (grad=0.0037)
  Layer 25 (encoder.layers.encoder_layer_8.mlp.3): input_col=44 -> output_neuron=502 (grad=0.0022)
  Warning: No gradients for layer encoder.layers.encoder_layer_9.self_attention.out_proj, skipping
  Layer 27 (encoder.layers.encoder_layer_9.mlp.0): input_col=22 -> output_neuron=284 (grad=0.0118)
  Layer 28 (encoder.layers.encoder_layer_9.mlp.3): input_col=44 -> output_neuron=475 (grad=0.0026)
  Warning: No gradients for layer encoder.layers.encoder_layer_10.self_attention.out_proj, skipping
  Layer 30 (encoder.layers.encoder_layer_10.mlp.0): input_col=43 -> output_neuron=2687 (grad=0.0207)
  Layer 31 (encoder.layers.encoder_layer_10.mlp.3): input_col=47 -> output_neuron=475 (grad=0.0028)
  Warning: No gradients for layer encoder.layers.encoder_layer_11.self_attention.out_proj, skipping
  Layer 33 (encoder.layers.encoder_layer_11.mlp.0): input_col=43 -> output_neuron=1972 (grad=0.0195)
  Layer 34 (encoder.layers.encoder_layer_11.mlp.3): input_col=4 -> output_neuron=674 (grad=0.0046)

Chain 2: Starting from neuron 17
  Layer 0 (encoder.layers.encoder_layer_0.mlp.0): input_col=17 -> output_neuron=1213 (grad=0.0011)
  Layer 1 (encoder.layers.encoder_layer_0.mlp.3): input_col=13 -> output_neuron=126 (grad=0.0013)
  Warning: No gradients for layer encoder.layers.encoder_layer_1.self_attention.out_proj, skipping
  Layer 3 (encoder.layers.encoder_layer_1.mlp.0): input_col=30 -> output_neuron=2234 (grad=0.0004)
  Layer 4 (encoder.layers.encoder_layer_1.mlp.3): input_col=26 -> output_neuron=95 (grad=0.0022)
  Warning: No gradients for layer encoder.layers.encoder_layer_2.self_attention.out_proj, skipping
  Layer 6 (encoder.layers.encoder_layer_2.mlp.0): input_col=47 -> output_neuron=1419 (grad=0.0001)
  Layer 7 (encoder.layers.encoder_layer_2.mlp.3): input_col=27 -> output_neuron=679 (grad=0.0011)
  Warning: No gradients for layer encoder.layers.encoder_layer_3.self_attention.out_proj, skipping
  Layer 9 (encoder.layers.encoder_layer_3.mlp.0): input_col=7 -> output_neuron=1628 (grad=0.0002)
  Layer 10 (encoder.layers.encoder_layer_3.mlp.3): input_col=44 -> output_neuron=679 (grad=0.0018)
  Warning: No gradients for layer encoder.layers.encoder_layer_4.self_attention.out_proj, skipping
  Layer 12 (encoder.layers.encoder_layer_4.mlp.0): input_col=7 -> output_neuron=1178 (grad=0.0030)
  Layer 13 (encoder.layers.encoder_layer_4.mlp.3): input_col=26 -> output_neuron=674 (grad=0.0033)
  Warning: No gradients for layer encoder.layers.encoder_layer_5.self_attention.out_proj, skipping
  Layer 15 (encoder.layers.encoder_layer_5.mlp.0): input_col=2 -> output_neuron=2905 (grad=0.0003)
  Layer 16 (encoder.layers.encoder_layer_5.mlp.3): input_col=25 -> output_neuron=679 (grad=0.0016)
  Warning: No gradients for layer encoder.layers.encoder_layer_6.self_attention.out_proj, skipping
  Layer 18 (encoder.layers.encoder_layer_6.mlp.0): input_col=7 -> output_neuron=1897 (grad=0.0003)
  Layer 19 (encoder.layers.encoder_layer_6.mlp.3): input_col=25 -> output_neuron=535 (grad=0.0008)
  Warning: No gradients for layer encoder.layers.encoder_layer_7.self_attention.out_proj, skipping
  Layer 21 (encoder.layers.encoder_layer_7.mlp.0): input_col=7 -> output_neuron=104 (grad=0.0003)
  Layer 22 (encoder.layers.encoder_layer_7.mlp.3): input_col=8 -> output_neuron=583 (grad=0.0005)
  Warning: No gradients for layer encoder.layers.encoder_layer_8.self_attention.out_proj, skipping
  Layer 24 (encoder.layers.encoder_layer_8.mlp.0): input_col=7 -> output_neuron=2252 (grad=0.0037)
  Layer 25 (encoder.layers.encoder_layer_8.mlp.3): input_col=44 -> output_neuron=502 (grad=0.0022)
  Warning: No gradients for layer encoder.layers.encoder_layer_9.self_attention.out_proj, skipping
  Layer 27 (encoder.layers.encoder_layer_9.mlp.0): input_col=22 -> output_neuron=284 (grad=0.0118)
  Layer 28 (encoder.layers.encoder_layer_9.mlp.3): input_col=44 -> output_neuron=475 (grad=0.0026)
  Warning: No gradients for layer encoder.layers.encoder_layer_10.self_attention.out_proj, skipping
  Layer 30 (encoder.layers.encoder_layer_10.mlp.0): input_col=43 -> output_neuron=2687 (grad=0.0207)
  Layer 31 (encoder.layers.encoder_layer_10.mlp.3): input_col=47 -> output_neuron=475 (grad=0.0028)
  Warning: No gradients for layer encoder.layers.encoder_layer_11.self_attention.out_proj, skipping
  Layer 33 (encoder.layers.encoder_layer_11.mlp.0): input_col=43 -> output_neuron=1972 (grad=0.0195)
  Layer 34 (encoder.layers.encoder_layer_11.mlp.3): input_col=4 -> output_neuron=674 (grad=0.0046)

Chain 3: Starting from neuron 32
  Layer 0 (encoder.layers.encoder_layer_0.mlp.0): input_col=32 -> output_neuron=2437 (grad=0.0006)
  Layer 1 (encoder.layers.encoder_layer_0.mlp.3): input_col=37 -> output_neuron=298 (grad=0.0013)
  Warning: No gradients for layer encoder.layers.encoder_layer_1.self_attention.out_proj, skipping
  Layer 3 (encoder.layers.encoder_layer_1.mlp.0): input_col=10 -> output_neuron=178 (grad=0.0008)
  Layer 4 (encoder.layers.encoder_layer_1.mlp.3): input_col=34 -> output_neuron=679 (grad=0.0011)
  Warning: No gradients for layer encoder.layers.encoder_layer_2.self_attention.out_proj, skipping
  Layer 6 (encoder.layers.encoder_layer_2.mlp.0): input_col=7 -> output_neuron=1923 (grad=0.0004)
  Layer 7 (encoder.layers.encoder_layer_2.mlp.3): input_col=3 -> output_neuron=679 (grad=0.0019)
  Warning: No gradients for layer encoder.layers.encoder_layer_3.self_attention.out_proj, skipping
  Layer 9 (encoder.layers.encoder_layer_3.mlp.0): input_col=7 -> output_neuron=1628 (grad=0.0002)
  Layer 10 (encoder.layers.encoder_layer_3.mlp.3): input_col=44 -> output_neuron=679 (grad=0.0018)
  Warning: No gradients for layer encoder.layers.encoder_layer_4.self_attention.out_proj, skipping
  Layer 12 (encoder.layers.encoder_layer_4.mlp.0): input_col=7 -> output_neuron=1178 (grad=0.0030)
  Layer 13 (encoder.layers.encoder_layer_4.mlp.3): input_col=26 -> output_neuron=674 (grad=0.0033)
  Warning: No gradients for layer encoder.layers.encoder_layer_5.self_attention.out_proj, skipping
  Layer 15 (encoder.layers.encoder_layer_5.mlp.0): input_col=2 -> output_neuron=2905 (grad=0.0003)
  Layer 16 (encoder.layers.encoder_layer_5.mlp.3): input_col=25 -> output_neuron=679 (grad=0.0016)
  Warning: No gradients for layer encoder.layers.encoder_layer_6.self_attention.out_proj, skipping
  Layer 18 (encoder.layers.encoder_layer_6.mlp.0): input_col=7 -> output_neuron=1897 (grad=0.0003)
  Layer 19 (encoder.layers.encoder_layer_6.mlp.3): input_col=25 -> output_neuron=535 (grad=0.0008)
  Warning: No gradients for layer encoder.layers.encoder_layer_7.self_attention.out_proj, skipping
  Layer 21 (encoder.layers.encoder_layer_7.mlp.0): input_col=7 -> output_neuron=104 (grad=0.0003)
  Layer 22 (encoder.layers.encoder_layer_7.mlp.3): input_col=8 -> output_neuron=583 (grad=0.0005)
  Warning: No gradients for layer encoder.layers.encoder_layer_8.self_attention.out_proj, skipping
  Layer 24 (encoder.layers.encoder_layer_8.mlp.0): input_col=7 -> output_neuron=2252 (grad=0.0037)
  Layer 25 (encoder.layers.encoder_layer_8.mlp.3): input_col=44 -> output_neuron=502 (grad=0.0022)
  Warning: No gradients for layer encoder.layers.encoder_layer_9.self_attention.out_proj, skipping
  Layer 27 (encoder.layers.encoder_layer_9.mlp.0): input_col=22 -> output_neuron=284 (grad=0.0118)
  Layer 28 (encoder.layers.encoder_layer_9.mlp.3): input_col=44 -> output_neuron=475 (grad=0.0026)
  Warning: No gradients for layer encoder.layers.encoder_layer_10.self_attention.out_proj, skipping
  Layer 30 (encoder.layers.encoder_layer_10.mlp.0): input_col=43 -> output_neuron=2687 (grad=0.0207)
  Layer 31 (encoder.layers.encoder_layer_10.mlp.3): input_col=47 -> output_neuron=475 (grad=0.0028)
  Warning: No gradients for layer encoder.layers.encoder_layer_11.self_attention.out_proj, skipping
  Layer 33 (encoder.layers.encoder_layer_11.mlp.0): input_col=43 -> output_neuron=1972 (grad=0.0195)
  Layer 34 (encoder.layers.encoder_layer_11.mlp.3): input_col=4 -> output_neuron=674 (grad=0.0046)

Chain 4: Starting from neuron 9
  Layer 0 (encoder.layers.encoder_layer_0.mlp.0): input_col=9 -> output_neuron=2383 (grad=0.0004)
  Layer 1 (encoder.layers.encoder_layer_0.mlp.3): input_col=31 -> output_neuron=126 (grad=0.0023)
  Warning: No gradients for layer encoder.layers.encoder_layer_1.self_attention.out_proj, skipping
  Layer 3 (encoder.layers.encoder_layer_1.mlp.0): input_col=30 -> output_neuron=2234 (grad=0.0004)
  Layer 4 (encoder.layers.encoder_layer_1.mlp.3): input_col=26 -> output_neuron=95 (grad=0.0022)
  Warning: No gradients for layer encoder.layers.encoder_layer_2.self_attention.out_proj, skipping
  Layer 6 (encoder.layers.encoder_layer_2.mlp.0): input_col=47 -> output_neuron=1419 (grad=0.0001)
  Layer 7 (encoder.layers.encoder_layer_2.mlp.3): input_col=27 -> output_neuron=679 (grad=0.0011)
  Warning: No gradients for layer encoder.layers.encoder_layer_3.self_attention.out_proj, skipping
  Layer 9 (encoder.layers.encoder_layer_3.mlp.0): input_col=7 -> output_neuron=1628 (grad=0.0002)
  Layer 10 (encoder.layers.encoder_layer_3.mlp.3): input_col=44 -> output_neuron=679 (grad=0.0018)
  Warning: No gradients for layer encoder.layers.encoder_layer_4.self_attention.out_proj, skipping
  Layer 12 (encoder.layers.encoder_layer_4.mlp.0): input_col=7 -> output_neuron=1178 (grad=0.0030)
  Layer 13 (encoder.layers.encoder_layer_4.mlp.3): input_col=26 -> output_neuron=674 (grad=0.0033)
  Warning: No gradients for layer encoder.layers.encoder_layer_5.self_attention.out_proj, skipping
  Layer 15 (encoder.layers.encoder_layer_5.mlp.0): input_col=2 -> output_neuron=2905 (grad=0.0003)
  Layer 16 (encoder.layers.encoder_layer_5.mlp.3): input_col=25 -> output_neuron=679 (grad=0.0016)
  Warning: No gradients for layer encoder.layers.encoder_layer_6.self_attention.out_proj, skipping
  Layer 18 (encoder.layers.encoder_layer_6.mlp.0): input_col=7 -> output_neuron=1897 (grad=0.0003)
  Layer 19 (encoder.layers.encoder_layer_6.mlp.3): input_col=25 -> output_neuron=535 (grad=0.0008)
  Warning: No gradients for layer encoder.layers.encoder_layer_7.self_attention.out_proj, skipping
  Layer 21 (encoder.layers.encoder_layer_7.mlp.0): input_col=7 -> output_neuron=104 (grad=0.0003)
  Layer 22 (encoder.layers.encoder_layer_7.mlp.3): input_col=8 -> output_neuron=583 (grad=0.0005)
  Warning: No gradients for layer encoder.layers.encoder_layer_8.self_attention.out_proj, skipping
  Layer 24 (encoder.layers.encoder_layer_8.mlp.0): input_col=7 -> output_neuron=2252 (grad=0.0037)
  Layer 25 (encoder.layers.encoder_layer_8.mlp.3): input_col=44 -> output_neuron=502 (grad=0.0022)
  Warning: No gradients for layer encoder.layers.encoder_layer_9.self_attention.out_proj, skipping
  Layer 27 (encoder.layers.encoder_layer_9.mlp.0): input_col=22 -> output_neuron=284 (grad=0.0118)
  Layer 28 (encoder.layers.encoder_layer_9.mlp.3): input_col=44 -> output_neuron=475 (grad=0.0026)
  Warning: No gradients for layer encoder.layers.encoder_layer_10.self_attention.out_proj, skipping
  Layer 30 (encoder.layers.encoder_layer_10.mlp.0): input_col=43 -> output_neuron=2687 (grad=0.0207)
  Layer 31 (encoder.layers.encoder_layer_10.mlp.3): input_col=47 -> output_neuron=475 (grad=0.0028)
  Warning: No gradients for layer encoder.layers.encoder_layer_11.self_attention.out_proj, skipping
  Layer 33 (encoder.layers.encoder_layer_11.mlp.0): input_col=43 -> output_neuron=1972 (grad=0.0195)
  Layer 34 (encoder.layers.encoder_layer_11.mlp.3): input_col=4 -> output_neuron=674 (grad=0.0046)

============================================================
✓ Successfully built 5 gradient chains
============================================================

Epoch 2/100 | LR: 0.000200 | Time: 220.83s
Train Loss: 2.4611 | Train Acc: 52.12%
Val Loss: 1.3232 | Val Acc: 74.17%

Gradient Chain Statistics:
[PacaGradientChainManager - Gradient Chain Logs]
  Chains Built: True
  Number of Chains: 5
  Current Epoch: 1
  Selected Arms: [2, 1, 4, 3]
  Arm Means: [0.0, 0.0, 0.0, 0.0, 0.0]
  Arm Stds: [10.0, 10.0, 10.0, 10.0, 10.0]
  Arm Observation Counts: [0, 0, 0, 0, 0]
  Last Sampled Values: [-12.410882949829102, 17.03052520751953, 17.821271896362305, -6.4589948654174805, 8.276823997497559]
------------------------------------------------------------

Reward: 7.84% (normalized: 0.78)

Epoch 3/100 | LR: 0.000300 | Time: 219.13s
Train Loss: 0.9755 | Train Acc: 79.88%
Val Loss: 0.8057 | Val Acc: 82.01%

Gradient Chain Statistics:
[PacaGradientChainManager - Gradient Chain Logs]
  Chains Built: True
  Number of Chains: 5
  Current Epoch: 2
  Selected Arms: [3, 4, 0, 2]
  Arm Means: [0.0, 0.6272000074386597, 0.6272000074386597, 0.6272000074386597, 0.6272000074386597]
  Arm Stds: [10.0, 4.4721360206604, 4.4721360206604, 4.4721360206604, 4.4721360206604]
  Arm Observation Counts: [0, 1, 1, 1, 1]
  Last Sampled Values: [4.6999406814575195, -11.138739585876465, -4.87060022354126, 11.159114837646484, 7.68554162979126]
------------------------------------------------------------

Reward: 1.72% (normalized: 0.17)

Epoch 4/100 | LR: 0.000400 | Time: 219.31s
Train Loss: 0.6261 | Train Acc: 85.89%
Val Loss: 0.6481 | Val Acc: 83.73%

Gradient Chain Statistics:
[PacaGradientChainManager - Gradient Chain Logs]
  Chains Built: True
  Number of Chains: 5
  Current Epoch: 3
  Selected Arms: [1, 2, 4, 3]
  Arm Means: [0.13760000467300415, 0.6272000074386597, 0.42488887906074524, 0.42488887906074524, 0.42488887906074524]
  Arm Stds: [4.4721360206604, 4.4721360206604, 3.3333334922790527, 3.3333334922790527, 3.3333334922790527]
  Arm Observation Counts: [1, 1, 2, 2, 2]
  Last Sampled Values: [-7.881000518798828, 10.18691349029541, 0.6923179626464844, -0.5950092077255249, -0.001865386962890625]
------------------------------------------------------------

Reward: 1.43% (normalized: 0.14)

Epoch 5/100 | LR: 0.000500 | Time: 219.31s
Train Loss: 0.4375 | Train Acc: 89.82%
Val Loss: 0.5642 | Val Acc: 85.16%

Gradient Chain Statistics:
[PacaGradientChainManager - Gradient Chain Logs]
  Chains Built: True
  Number of Chains: 5
  Current Epoch: 4
  Selected Arms: [2, 0, 3, 4]
  Arm Means: [0.13760000467300415, 0.41200000047683716, 0.3381538391113281, 0.3381538391113281, 0.3381538391113281]
  Arm Stds: [4.4721360206604, 3.3333334922790527, 2.77350115776062, 2.77350115776062, 2.77350115776062]
  Arm Observation Counts: [1, 2, 3, 3, 3]
  Last Sampled Values: [2.5786538124084473, -3.999208688735962, 4.534196376800537, -0.0221845805644989, -2.440678358078003]
------------------------------------------------------------

Reward: -0.25% (normalized: -0.03)

Epoch 6/100 | LR: 0.000600 | Time: 219.38s
Train Loss: 0.3393 | Train Acc: 91.84%
Val Loss: 0.5692 | Val Acc: 84.91%

Gradient Chain Statistics:
[PacaGradientChainManager - Gradient Chain Logs]
  Chains Built: True
  Number of Chains: 5
  Current Epoch: 5
  Selected Arms: [0, 1, 2, 4]
  Arm Means: [0.06533333659172058, 0.41200000047683716, 0.2527058720588684, 0.2527058720588684, 0.2527058720588684]
  Arm Stds: [3.3333334922790527, 3.3333334922790527, 2.425356388092041, 2.425356388092041, 2.425356388092041]
  Arm Observation Counts: [2, 2, 4, 4, 4]
  Last Sampled Values: [2.5869038105010986, 0.9390059113502502, -3.3440332412719727, -5.523360729217529, -3.3728082180023193]
------------------------------------------------------------
No improvement for 1 epoch(s)

Reward: -0.13% (normalized: -0.01)

Epoch 7/100 | LR: 0.000700 | Time: 219.29s
Train Loss: 0.2814 | Train Acc: 93.06%
Val Loss: 0.5739 | Val Acc: 84.78%

Gradient Chain Statistics:
[PacaGradientChainManager - Gradient Chain Logs]
  Chains Built: True
  Number of Chains: 5
  Current Epoch: 6
  Selected Arms: [1, 2, 4, 3]
  Arm Means: [0.04123077169060707, 0.28123074769973755, 0.20209522545337677, 0.2527058720588684, 0.20209522545337677]
  Arm Stds: [2.77350115776062, 2.77350115776062, 2.1821789741516113, 2.425356388092041, 2.1821789741516113]
  Arm Observation Counts: [3, 3, 5, 4, 5]
  Last Sampled Values: [-5.240079879760742, 4.2939348220825195, -0.19126658141613007, -1.4677505493164062, -0.37681978940963745]
------------------------------------------------------------
No improvement for 2 epoch(s)

Reward: 0.41% (normalized: 0.04)

Epoch 8/100 | LR: 0.000800 | Time: 219.46s
Train Loss: 0.2654 | Train Acc: 93.26%
Val Loss: 0.5892 | Val Acc: 85.19%

Gradient Chain Statistics:
[PacaGradientChainManager - Gradient Chain Logs]
  Chains Built: True
  Number of Chains: 5
  Current Epoch: 7
  Selected Arms: [3, 1, 2, 4]
  Arm Means: [0.04123077169060707, 0.22470586001873016, 0.17631998658180237, 0.21238094568252563, 0.17631998658180237]
  Arm Stds: [2.77350115776062, 2.425356388092041, 2.0, 2.1821789741516113, 2.0]
  Arm Observation Counts: [3, 4, 6, 5, 6]
  Last Sampled Values: [-1.8417606353759766, -0.4726012945175171, -1.3048577308654785, 4.45570707321167, -1.5689618587493896]
------------------------------------------------------------
No improvement for 3 epoch(s)

Reward: -0.38% (normalized: -0.04)

Epoch 9/100 | LR: 0.000900 | Time: 219.58s
Train Loss: 0.2505 | Train Acc: 93.42%
Val Loss: 0.5895 | Val Acc: 84.81%

Gradient Chain Statistics:
[PacaGradientChainManager - Gradient Chain Logs]
  Chains Built: True
  Number of Chains: 5
  Current Epoch: 8
  Selected Arms: [3, 2, 4, 0]
  Arm Means: [0.04123077169060707, 0.1746666431427002, 0.14675861597061157, 0.17231999337673187, 0.14675861597061157]
  Arm Stds: [2.77350115776062, 2.1821789741516113, 1.8569533824920654, 2.0, 1.8569533824920654]
  Arm Observation Counts: [3, 5, 7, 6, 7]
  Last Sampled Values: [-1.5587596893310547, -4.433394432067871, -0.7498076558113098, -0.6690051555633545, -1.0101473331451416]
------------------------------------------------------------
No improvement for 4 epoch(s)

Reward: -0.78% (normalized: -0.08)

Epoch 10/100 | LR: 0.001000 | Time: 219.52s
Train Loss: 0.2677 | Train Acc: 93.06%
Val Loss: 0.6339 | Val Acc: 84.03%

Gradient Chain Statistics:
[PacaGradientChainManager - Gradient Chain Logs]
  Chains Built: True
  Number of Chains: 5
  Current Epoch: 9
  Selected Arms: [0, 2, 3, 1]
  Arm Means: [0.013176470063626766, 0.1746666431427002, 0.11951515078544617, 0.13779309391975403, 0.11951515078544617]
  Arm Stds: [2.425356388092041, 2.1821789741516113, 1.740776538848877, 1.8569533824920654, 1.740776538848877]
  Arm Observation Counts: [4, 5, 8, 7, 8]
  Last Sampled Values: [5.193667888641357, 1.1539011001586914, 2.0042808055877686, 1.6031984090805054, 0.9040927886962891]
------------------------------------------------------------
No improvement for 5 epoch(s)

Reward: -0.76% (normalized: -0.08)

Epoch 11/100 | LR: 0.001000 | Time: 220.79s
Train Loss: 0.2596 | Train Acc: 93.10%
Val Loss: 0.6533 | Val Acc: 83.27%

Gradient Chain Statistics:
[PacaGradientChainManager - Gradient Chain Logs]
  Chains Built: True
  Number of Chains: 5
  Current Epoch: 10
  Selected Arms: [1, 0, 3, 4]
  Arm Means: [-0.003809525864198804, 0.1345599740743637, 0.09837837517261505, 0.11187878251075745, 0.11951515078544617]
  Arm Stds: [2.1821789741516113, 2.0, 1.64398992061615, 1.740776538848877, 1.740776538848877]
  Arm Observation Counts: [5, 6, 9, 8, 8]
  Last Sampled Values: [0.25230205059051514, 0.5880765914916992, -2.998361825942993, -1.043065071105957, -2.0064518451690674]
------------------------------------------------------------
No improvement for 6 epoch(s)

Reward: -0.76% (normalized: -0.08)

Epoch 12/100 | LR: 0.000999 | Time: 220.68s
Train Loss: 0.2480 | Train Acc: 93.38%
Val Loss: 0.7099 | Val Acc: 82.51%

Gradient Chain Statistics:
[PacaGradientChainManager - Gradient Chain Logs]
  Chains Built: True
  Number of Chains: 5
  Current Epoch: 11
  Selected Arms: [2, 3, 1, 4]
  Arm Means: [-0.015360002405941486, 0.10551721602678299, 0.09837837517261505, 0.09156756103038788, 0.09837837517261505]
  Arm Stds: [2.0, 1.8569533824920654, 1.64398992061615, 1.64398992061615, 1.64398992061615]
  Arm Observation Counts: [6, 7, 9, 9, 9]
  Last Sampled Values: [-0.9811936616897583, 0.621407687664032, 1.6784162521362305, 0.8343715667724609, 0.47441554069519043]
------------------------------------------------------------
No improvement for 7 epoch(s)
Early stopping triggered after 12 epochs.
Total training time: 2636.06 seconds
Average time per epoch: 219.67 seconds

============================================================
Training completed!
============================================================
Using device: cuda
============================================================
Vision Transformer Fine-tuning on CIFAR-100
Using Gradient Chain Selection (Ablation)
Num Arms: 6, Num Arms to Select: 1
============================================================
Using random seed: 5846

Loading dataset...
Files already downloaded and verified
Files already downloaded and verified
Dataset loaded: 50000 train samples, 10000 val samples
Number of classes: 100

Creating ViT model for 100 classes...

PEFT config: PacaConfig(peft_type=<PeftType.PACA: 'PACA'>, auto_mapping=None, base_model_name_or_path=None, revision=None, task_type=<TaskType.FEATURE_EXTRACTION: 'FEATURE_EXTRACTION'>, inference_mode=False, r=48, target_modules={'out_proj', 'mlp.0', 'mlp.3'}, paca_alpha=96, fan_in_fan_out=False, bias='all', modules_to_save=['head'], layers_to_transform=None, layers_pattern=None, rank_pattern={}, alpha_pattern={}, megatron_config=None, megatron_core='megatron.core', layer_replication=None, gradient_accumulation_steps=1, steps_per_epoch=782, arm_distribution='gradient_chain', num_arms=6, num_arms_to_select=1, ucb_alpha=0.5, use_fixed_indices=False, arm_selection_method='thompson', thompson_distribution='gaussian', thompson_alpha_prior=1.0, thompson_beta_prior=1.0, thompson_gaussian_prior_mean=0.0, thompson_gaussian_prior_std=10.0, thompson_gaussian_noise_std=5.0, gradient_chain_warmup_epochs=2, gradient_chain_num_samples=5)
Total parameters: 149,653,448
Trainable parameters: 2,757,320 (1.84%)
Frozen parameters: 146,896,128 (98.16%)

============================================================
Fine-tuning ViT using Gradient Chain Selection:
============================================================
Calculating initial validation accuracy...
Initial Val Acc: 0.97%

Reward: 0.00% (normalized: 0.00)
Gradient chain warmup: 1/2

Epoch 1/100 | LR: 0.000100 | Time: 218.79s
Train Loss: 4.6707 | Train Acc: 0.94%
Val Loss: 4.6689 | Val Acc: 0.97%

Gradient Chain Statistics:
[PacaGradientChainManager - Gradient Chain Logs]
  Chains Built: False
  Number of Chains: 0
  Current Epoch: 0
  Arm Means: [0.0, 0.0, 0.0, 0.0, 0.0, 0.0]
  Arm Stds: [10.0, 10.0, 10.0, 10.0, 10.0, 10.0]
  Arm Observation Counts: [0, 0, 0, 0, 0, 0]
------------------------------------------------------------

Reward: 71.41% (normalized: 7.14)

============================================================
Building Gradient Chains...
============================================================
Sampling 5 batches to estimate gradients...
  Batch 1/5 processed
  Batch 2/5 processed
  Batch 3/5 processed
  Batch 4/5 processed
  Batch 5/5 processed

Averaging gradients across batches...

Building 6 gradient chains...

Chain 0: Starting from neuron 25
  Layer 0 (encoder.layers.encoder_layer_0.mlp.0): input_col=25 -> output_neuron=2437 (grad=0.0015)
  Layer 1 (encoder.layers.encoder_layer_0.mlp.3): input_col=37 -> output_neuron=584 (grad=0.0003)
  Warning: No gradients for layer encoder.layers.encoder_layer_1.self_attention.out_proj, skipping
  Layer 3 (encoder.layers.encoder_layer_1.mlp.0): input_col=8 -> output_neuron=2977 (grad=0.0005)
  Layer 4 (encoder.layers.encoder_layer_1.mlp.3): input_col=1 -> output_neuron=584 (grad=0.0022)
  Warning: No gradients for layer encoder.layers.encoder_layer_2.self_attention.out_proj, skipping
  Layer 6 (encoder.layers.encoder_layer_2.mlp.0): input_col=8 -> output_neuron=2561 (grad=0.0001)
  Layer 7 (encoder.layers.encoder_layer_2.mlp.3): input_col=17 -> output_neuron=488 (grad=0.0012)
  Warning: No gradients for layer encoder.layers.encoder_layer_3.self_attention.out_proj, skipping
  Layer 9 (encoder.layers.encoder_layer_3.mlp.0): input_col=8 -> output_neuron=32 (grad=0.0009)
  Layer 10 (encoder.layers.encoder_layer_3.mlp.3): input_col=32 -> output_neuron=298 (grad=0.0018)
  Warning: No gradients for layer encoder.layers.encoder_layer_4.self_attention.out_proj, skipping
  Layer 12 (encoder.layers.encoder_layer_4.mlp.0): input_col=10 -> output_neuron=2526 (grad=0.0044)
  Layer 13 (encoder.layers.encoder_layer_4.mlp.3): input_col=30 -> output_neuron=48 (grad=0.0013)
  Warning: No gradients for layer encoder.layers.encoder_layer_5.self_attention.out_proj, skipping
  Layer 15 (encoder.layers.encoder_layer_5.mlp.0): input_col=0 -> output_neuron=2726 (grad=0.0026)
  Layer 16 (encoder.layers.encoder_layer_5.mlp.3): input_col=38 -> output_neuron=93 (grad=0.0019)
  Warning: No gradients for layer encoder.layers.encoder_layer_6.self_attention.out_proj, skipping
  Layer 18 (encoder.layers.encoder_layer_6.mlp.0): input_col=45 -> output_neuron=411 (grad=0.0197)
  Layer 19 (encoder.layers.encoder_layer_6.mlp.3): input_col=27 -> output_neuron=751 (grad=0.0014)
  Warning: No gradients for layer encoder.layers.encoder_layer_7.self_attention.out_proj, skipping
  Layer 21 (encoder.layers.encoder_layer_7.mlp.0): input_col=31 -> output_neuron=921 (grad=0.0037)
  Layer 22 (encoder.layers.encoder_layer_7.mlp.3): input_col=9 -> output_neuron=302 (grad=0.0009)
  Warning: No gradients for layer encoder.layers.encoder_layer_8.self_attention.out_proj, skipping
  Layer 24 (encoder.layers.encoder_layer_8.mlp.0): input_col=14 -> output_neuron=2929 (grad=0.0017)
  Layer 25 (encoder.layers.encoder_layer_8.mlp.3): input_col=1 -> output_neuron=765 (grad=0.0005)
  Warning: No gradients for layer encoder.layers.encoder_layer_9.self_attention.out_proj, skipping
  Layer 27 (encoder.layers.encoder_layer_9.mlp.0): input_col=45 -> output_neuron=237 (grad=0.0062)
  Layer 28 (encoder.layers.encoder_layer_9.mlp.3): input_col=45 -> output_neuron=632 (grad=0.0029)
  Warning: No gradients for layer encoder.layers.encoder_layer_10.self_attention.out_proj, skipping
  Layer 30 (encoder.layers.encoder_layer_10.mlp.0): input_col=8 -> output_neuron=561 (grad=0.0146)
  Layer 31 (encoder.layers.encoder_layer_10.mlp.3): input_col=33 -> output_neuron=562 (grad=0.0035)
  Warning: No gradients for layer encoder.layers.encoder_layer_11.self_attention.out_proj, skipping
  Layer 33 (encoder.layers.encoder_layer_11.mlp.0): input_col=34 -> output_neuron=2006 (grad=0.0055)
  Layer 34 (encoder.layers.encoder_layer_11.mlp.3): input_col=38 -> output_neuron=486 (grad=0.0038)

Chain 1: Starting from neuron 41
  Layer 0 (encoder.layers.encoder_layer_0.mlp.0): input_col=41 -> output_neuron=2437 (grad=0.0006)
  Layer 1 (encoder.layers.encoder_layer_0.mlp.3): input_col=37 -> output_neuron=584 (grad=0.0003)
  Warning: No gradients for layer encoder.layers.encoder_layer_1.self_attention.out_proj, skipping
  Layer 3 (encoder.layers.encoder_layer_1.mlp.0): input_col=8 -> output_neuron=2977 (grad=0.0005)
  Layer 4 (encoder.layers.encoder_layer_1.mlp.3): input_col=1 -> output_neuron=584 (grad=0.0022)
  Warning: No gradients for layer encoder.layers.encoder_layer_2.self_attention.out_proj, skipping
  Layer 6 (encoder.layers.encoder_layer_2.mlp.0): input_col=8 -> output_neuron=2561 (grad=0.0001)
  Layer 7 (encoder.layers.encoder_layer_2.mlp.3): input_col=17 -> output_neuron=488 (grad=0.0012)
  Warning: No gradients for layer encoder.layers.encoder_layer_3.self_attention.out_proj, skipping
  Layer 9 (encoder.layers.encoder_layer_3.mlp.0): input_col=8 -> output_neuron=32 (grad=0.0009)
  Layer 10 (encoder.layers.encoder_layer_3.mlp.3): input_col=32 -> output_neuron=298 (grad=0.0018)
  Warning: No gradients for layer encoder.layers.encoder_layer_4.self_attention.out_proj, skipping
  Layer 12 (encoder.layers.encoder_layer_4.mlp.0): input_col=10 -> output_neuron=2526 (grad=0.0044)
  Layer 13 (encoder.layers.encoder_layer_4.mlp.3): input_col=30 -> output_neuron=48 (grad=0.0013)
  Warning: No gradients for layer encoder.layers.encoder_layer_5.self_attention.out_proj, skipping
  Layer 15 (encoder.layers.encoder_layer_5.mlp.0): input_col=0 -> output_neuron=2726 (grad=0.0026)
  Layer 16 (encoder.layers.encoder_layer_5.mlp.3): input_col=38 -> output_neuron=93 (grad=0.0019)
  Warning: No gradients for layer encoder.layers.encoder_layer_6.self_attention.out_proj, skipping
  Layer 18 (encoder.layers.encoder_layer_6.mlp.0): input_col=45 -> output_neuron=411 (grad=0.0197)
  Layer 19 (encoder.layers.encoder_layer_6.mlp.3): input_col=27 -> output_neuron=751 (grad=0.0014)
  Warning: No gradients for layer encoder.layers.encoder_layer_7.self_attention.out_proj, skipping
  Layer 21 (encoder.layers.encoder_layer_7.mlp.0): input_col=31 -> output_neuron=921 (grad=0.0037)
  Layer 22 (encoder.layers.encoder_layer_7.mlp.3): input_col=9 -> output_neuron=302 (grad=0.0009)
  Warning: No gradients for layer encoder.layers.encoder_layer_8.self_attention.out_proj, skipping
  Layer 24 (encoder.layers.encoder_layer_8.mlp.0): input_col=14 -> output_neuron=2929 (grad=0.0017)
  Layer 25 (encoder.layers.encoder_layer_8.mlp.3): input_col=1 -> output_neuron=765 (grad=0.0005)
  Warning: No gradients for layer encoder.layers.encoder_layer_9.self_attention.out_proj, skipping
  Layer 27 (encoder.layers.encoder_layer_9.mlp.0): input_col=45 -> output_neuron=237 (grad=0.0062)
  Layer 28 (encoder.layers.encoder_layer_9.mlp.3): input_col=45 -> output_neuron=632 (grad=0.0029)
  Warning: No gradients for layer encoder.layers.encoder_layer_10.self_attention.out_proj, skipping
  Layer 30 (encoder.layers.encoder_layer_10.mlp.0): input_col=8 -> output_neuron=561 (grad=0.0146)
  Layer 31 (encoder.layers.encoder_layer_10.mlp.3): input_col=33 -> output_neuron=562 (grad=0.0035)
  Warning: No gradients for layer encoder.layers.encoder_layer_11.self_attention.out_proj, skipping
  Layer 33 (encoder.layers.encoder_layer_11.mlp.0): input_col=34 -> output_neuron=2006 (grad=0.0055)
  Layer 34 (encoder.layers.encoder_layer_11.mlp.3): input_col=38 -> output_neuron=486 (grad=0.0038)

Chain 2: Starting from neuron 46
  Layer 0 (encoder.layers.encoder_layer_0.mlp.0): input_col=46 -> output_neuron=1085 (grad=0.0003)
  Layer 1 (encoder.layers.encoder_layer_0.mlp.3): input_col=29 -> output_neuron=584 (grad=0.0018)
  Warning: No gradients for layer encoder.layers.encoder_layer_1.self_attention.out_proj, skipping
  Layer 3 (encoder.layers.encoder_layer_1.mlp.0): input_col=8 -> output_neuron=2977 (grad=0.0005)
  Layer 4 (encoder.layers.encoder_layer_1.mlp.3): input_col=1 -> output_neuron=584 (grad=0.0022)
  Warning: No gradients for layer encoder.layers.encoder_layer_2.self_attention.out_proj, skipping
  Layer 6 (encoder.layers.encoder_layer_2.mlp.0): input_col=8 -> output_neuron=2561 (grad=0.0001)
  Layer 7 (encoder.layers.encoder_layer_2.mlp.3): input_col=17 -> output_neuron=488 (grad=0.0012)
  Warning: No gradients for layer encoder.layers.encoder_layer_3.self_attention.out_proj, skipping
  Layer 9 (encoder.layers.encoder_layer_3.mlp.0): input_col=8 -> output_neuron=32 (grad=0.0009)
  Layer 10 (encoder.layers.encoder_layer_3.mlp.3): input_col=32 -> output_neuron=298 (grad=0.0018)
  Warning: No gradients for layer encoder.layers.encoder_layer_4.self_attention.out_proj, skipping
  Layer 12 (encoder.layers.encoder_layer_4.mlp.0): input_col=10 -> output_neuron=2526 (grad=0.0044)
  Layer 13 (encoder.layers.encoder_layer_4.mlp.3): input_col=30 -> output_neuron=48 (grad=0.0013)
  Warning: No gradients for layer encoder.layers.encoder_layer_5.self_attention.out_proj, skipping
  Layer 15 (encoder.layers.encoder_layer_5.mlp.0): input_col=0 -> output_neuron=2726 (grad=0.0026)
  Layer 16 (encoder.layers.encoder_layer_5.mlp.3): input_col=38 -> output_neuron=93 (grad=0.0019)
  Warning: No gradients for layer encoder.layers.encoder_layer_6.self_attention.out_proj, skipping
  Layer 18 (encoder.layers.encoder_layer_6.mlp.0): input_col=45 -> output_neuron=411 (grad=0.0197)
  Layer 19 (encoder.layers.encoder_layer_6.mlp.3): input_col=27 -> output_neuron=751 (grad=0.0014)
  Warning: No gradients for layer encoder.layers.encoder_layer_7.self_attention.out_proj, skipping
  Layer 21 (encoder.layers.encoder_layer_7.mlp.0): input_col=31 -> output_neuron=921 (grad=0.0037)
  Layer 22 (encoder.layers.encoder_layer_7.mlp.3): input_col=9 -> output_neuron=302 (grad=0.0009)
  Warning: No gradients for layer encoder.layers.encoder_layer_8.self_attention.out_proj, skipping
  Layer 24 (encoder.layers.encoder_layer_8.mlp.0): input_col=14 -> output_neuron=2929 (grad=0.0017)
  Layer 25 (encoder.layers.encoder_layer_8.mlp.3): input_col=1 -> output_neuron=765 (grad=0.0005)
  Warning: No gradients for layer encoder.layers.encoder_layer_9.self_attention.out_proj, skipping
  Layer 27 (encoder.layers.encoder_layer_9.mlp.0): input_col=45 -> output_neuron=237 (grad=0.0062)
  Layer 28 (encoder.layers.encoder_layer_9.mlp.3): input_col=45 -> output_neuron=632 (grad=0.0029)
  Warning: No gradients for layer encoder.layers.encoder_layer_10.self_attention.out_proj, skipping
  Layer 30 (encoder.layers.encoder_layer_10.mlp.0): input_col=8 -> output_neuron=561 (grad=0.0146)
  Layer 31 (encoder.layers.encoder_layer_10.mlp.3): input_col=33 -> output_neuron=562 (grad=0.0035)
  Warning: No gradients for layer encoder.layers.encoder_layer_11.self_attention.out_proj, skipping
  Layer 33 (encoder.layers.encoder_layer_11.mlp.0): input_col=34 -> output_neuron=2006 (grad=0.0055)
  Layer 34 (encoder.layers.encoder_layer_11.mlp.3): input_col=38 -> output_neuron=486 (grad=0.0038)

Chain 3: Starting from neuron 34
  Layer 0 (encoder.layers.encoder_layer_0.mlp.0): input_col=34 -> output_neuron=2437 (grad=0.0080)
  Layer 1 (encoder.layers.encoder_layer_0.mlp.3): input_col=37 -> output_neuron=584 (grad=0.0003)
  Warning: No gradients for layer encoder.layers.encoder_layer_1.self_attention.out_proj, skipping
  Layer 3 (encoder.layers.encoder_layer_1.mlp.0): input_col=8 -> output_neuron=2977 (grad=0.0005)
  Layer 4 (encoder.layers.encoder_layer_1.mlp.3): input_col=1 -> output_neuron=584 (grad=0.0022)
  Warning: No gradients for layer encoder.layers.encoder_layer_2.self_attention.out_proj, skipping
  Layer 6 (encoder.layers.encoder_layer_2.mlp.0): input_col=8 -> output_neuron=2561 (grad=0.0001)
  Layer 7 (encoder.layers.encoder_layer_2.mlp.3): input_col=17 -> output_neuron=488 (grad=0.0012)
  Warning: No gradients for layer encoder.layers.encoder_layer_3.self_attention.out_proj, skipping
  Layer 9 (encoder.layers.encoder_layer_3.mlp.0): input_col=8 -> output_neuron=32 (grad=0.0009)
  Layer 10 (encoder.layers.encoder_layer_3.mlp.3): input_col=32 -> output_neuron=298 (grad=0.0018)
  Warning: No gradients for layer encoder.layers.encoder_layer_4.self_attention.out_proj, skipping
  Layer 12 (encoder.layers.encoder_layer_4.mlp.0): input_col=10 -> output_neuron=2526 (grad=0.0044)
  Layer 13 (encoder.layers.encoder_layer_4.mlp.3): input_col=30 -> output_neuron=48 (grad=0.0013)
  Warning: No gradients for layer encoder.layers.encoder_layer_5.self_attention.out_proj, skipping
  Layer 15 (encoder.layers.encoder_layer_5.mlp.0): input_col=0 -> output_neuron=2726 (grad=0.0026)
  Layer 16 (encoder.layers.encoder_layer_5.mlp.3): input_col=38 -> output_neuron=93 (grad=0.0019)
  Warning: No gradients for layer encoder.layers.encoder_layer_6.self_attention.out_proj, skipping
  Layer 18 (encoder.layers.encoder_layer_6.mlp.0): input_col=45 -> output_neuron=411 (grad=0.0197)
  Layer 19 (encoder.layers.encoder_layer_6.mlp.3): input_col=27 -> output_neuron=751 (grad=0.0014)
  Warning: No gradients for layer encoder.layers.encoder_layer_7.self_attention.out_proj, skipping
  Layer 21 (encoder.layers.encoder_layer_7.mlp.0): input_col=31 -> output_neuron=921 (grad=0.0037)
  Layer 22 (encoder.layers.encoder_layer_7.mlp.3): input_col=9 -> output_neuron=302 (grad=0.0009)
  Warning: No gradients for layer encoder.layers.encoder_layer_8.self_attention.out_proj, skipping
  Layer 24 (encoder.layers.encoder_layer_8.mlp.0): input_col=14 -> output_neuron=2929 (grad=0.0017)
  Layer 25 (encoder.layers.encoder_layer_8.mlp.3): input_col=1 -> output_neuron=765 (grad=0.0005)
  Warning: No gradients for layer encoder.layers.encoder_layer_9.self_attention.out_proj, skipping
  Layer 27 (encoder.layers.encoder_layer_9.mlp.0): input_col=45 -> output_neuron=237 (grad=0.0062)
  Layer 28 (encoder.layers.encoder_layer_9.mlp.3): input_col=45 -> output_neuron=632 (grad=0.0029)
  Warning: No gradients for layer encoder.layers.encoder_layer_10.self_attention.out_proj, skipping
  Layer 30 (encoder.layers.encoder_layer_10.mlp.0): input_col=8 -> output_neuron=561 (grad=0.0146)
  Layer 31 (encoder.layers.encoder_layer_10.mlp.3): input_col=33 -> output_neuron=562 (grad=0.0035)
  Warning: No gradients for layer encoder.layers.encoder_layer_11.self_attention.out_proj, skipping
  Layer 33 (encoder.layers.encoder_layer_11.mlp.0): input_col=34 -> output_neuron=2006 (grad=0.0055)
  Layer 34 (encoder.layers.encoder_layer_11.mlp.3): input_col=38 -> output_neuron=486 (grad=0.0038)

Chain 4: Starting from neuron 33
  Layer 0 (encoder.layers.encoder_layer_0.mlp.0): input_col=33 -> output_neuron=1085 (grad=0.0031)
  Layer 1 (encoder.layers.encoder_layer_0.mlp.3): input_col=29 -> output_neuron=584 (grad=0.0018)
  Warning: No gradients for layer encoder.layers.encoder_layer_1.self_attention.out_proj, skipping
  Layer 3 (encoder.layers.encoder_layer_1.mlp.0): input_col=8 -> output_neuron=2977 (grad=0.0005)
  Layer 4 (encoder.layers.encoder_layer_1.mlp.3): input_col=1 -> output_neuron=584 (grad=0.0022)
  Warning: No gradients for layer encoder.layers.encoder_layer_2.self_attention.out_proj, skipping
  Layer 6 (encoder.layers.encoder_layer_2.mlp.0): input_col=8 -> output_neuron=2561 (grad=0.0001)
  Layer 7 (encoder.layers.encoder_layer_2.mlp.3): input_col=17 -> output_neuron=488 (grad=0.0012)
  Warning: No gradients for layer encoder.layers.encoder_layer_3.self_attention.out_proj, skipping
  Layer 9 (encoder.layers.encoder_layer_3.mlp.0): input_col=8 -> output_neuron=32 (grad=0.0009)
  Layer 10 (encoder.layers.encoder_layer_3.mlp.3): input_col=32 -> output_neuron=298 (grad=0.0018)
  Warning: No gradients for layer encoder.layers.encoder_layer_4.self_attention.out_proj, skipping
  Layer 12 (encoder.layers.encoder_layer_4.mlp.0): input_col=10 -> output_neuron=2526 (grad=0.0044)
  Layer 13 (encoder.layers.encoder_layer_4.mlp.3): input_col=30 -> output_neuron=48 (grad=0.0013)
  Warning: No gradients for layer encoder.layers.encoder_layer_5.self_attention.out_proj, skipping
  Layer 15 (encoder.layers.encoder_layer_5.mlp.0): input_col=0 -> output_neuron=2726 (grad=0.0026)
  Layer 16 (encoder.layers.encoder_layer_5.mlp.3): input_col=38 -> output_neuron=93 (grad=0.0019)
  Warning: No gradients for layer encoder.layers.encoder_layer_6.self_attention.out_proj, skipping
  Layer 18 (encoder.layers.encoder_layer_6.mlp.0): input_col=45 -> output_neuron=411 (grad=0.0197)
  Layer 19 (encoder.layers.encoder_layer_6.mlp.3): input_col=27 -> output_neuron=751 (grad=0.0014)
  Warning: No gradients for layer encoder.layers.encoder_layer_7.self_attention.out_proj, skipping
  Layer 21 (encoder.layers.encoder_layer_7.mlp.0): input_col=31 -> output_neuron=921 (grad=0.0037)
  Layer 22 (encoder.layers.encoder_layer_7.mlp.3): input_col=9 -> output_neuron=302 (grad=0.0009)
  Warning: No gradients for layer encoder.layers.encoder_layer_8.self_attention.out_proj, skipping
  Layer 24 (encoder.layers.encoder_layer_8.mlp.0): input_col=14 -> output_neuron=2929 (grad=0.0017)
  Layer 25 (encoder.layers.encoder_layer_8.mlp.3): input_col=1 -> output_neuron=765 (grad=0.0005)
  Warning: No gradients for layer encoder.layers.encoder_layer_9.self_attention.out_proj, skipping
  Layer 27 (encoder.layers.encoder_layer_9.mlp.0): input_col=45 -> output_neuron=237 (grad=0.0062)
  Layer 28 (encoder.layers.encoder_layer_9.mlp.3): input_col=45 -> output_neuron=632 (grad=0.0029)
  Warning: No gradients for layer encoder.layers.encoder_layer_10.self_attention.out_proj, skipping
  Layer 30 (encoder.layers.encoder_layer_10.mlp.0): input_col=8 -> output_neuron=561 (grad=0.0146)
  Layer 31 (encoder.layers.encoder_layer_10.mlp.3): input_col=33 -> output_neuron=562 (grad=0.0035)
  Warning: No gradients for layer encoder.layers.encoder_layer_11.self_attention.out_proj, skipping
  Layer 33 (encoder.layers.encoder_layer_11.mlp.0): input_col=34 -> output_neuron=2006 (grad=0.0055)
  Layer 34 (encoder.layers.encoder_layer_11.mlp.3): input_col=38 -> output_neuron=486 (grad=0.0038)

Chain 5: Starting from neuron 0
  Layer 0 (encoder.layers.encoder_layer_0.mlp.0): input_col=0 -> output_neuron=1085 (grad=0.0002)
  Layer 1 (encoder.layers.encoder_layer_0.mlp.3): input_col=29 -> output_neuron=584 (grad=0.0018)
  Warning: No gradients for layer encoder.layers.encoder_layer_1.self_attention.out_proj, skipping
  Layer 3 (encoder.layers.encoder_layer_1.mlp.0): input_col=8 -> output_neuron=2977 (grad=0.0005)
  Layer 4 (encoder.layers.encoder_layer_1.mlp.3): input_col=1 -> output_neuron=584 (grad=0.0022)
  Warning: No gradients for layer encoder.layers.encoder_layer_2.self_attention.out_proj, skipping
  Layer 6 (encoder.layers.encoder_layer_2.mlp.0): input_col=8 -> output_neuron=2561 (grad=0.0001)
  Layer 7 (encoder.layers.encoder_layer_2.mlp.3): input_col=17 -> output_neuron=488 (grad=0.0012)
  Warning: No gradients for layer encoder.layers.encoder_layer_3.self_attention.out_proj, skipping
  Layer 9 (encoder.layers.encoder_layer_3.mlp.0): input_col=8 -> output_neuron=32 (grad=0.0009)
  Layer 10 (encoder.layers.encoder_layer_3.mlp.3): input_col=32 -> output_neuron=298 (grad=0.0018)
  Warning: No gradients for layer encoder.layers.encoder_layer_4.self_attention.out_proj, skipping
  Layer 12 (encoder.layers.encoder_layer_4.mlp.0): input_col=10 -> output_neuron=2526 (grad=0.0044)
  Layer 13 (encoder.layers.encoder_layer_4.mlp.3): input_col=30 -> output_neuron=48 (grad=0.0013)
  Warning: No gradients for layer encoder.layers.encoder_layer_5.self_attention.out_proj, skipping
  Layer 15 (encoder.layers.encoder_layer_5.mlp.0): input_col=0 -> output_neuron=2726 (grad=0.0026)
  Layer 16 (encoder.layers.encoder_layer_5.mlp.3): input_col=38 -> output_neuron=93 (grad=0.0019)
  Warning: No gradients for layer encoder.layers.encoder_layer_6.self_attention.out_proj, skipping
  Layer 18 (encoder.layers.encoder_layer_6.mlp.0): input_col=45 -> output_neuron=411 (grad=0.0197)
  Layer 19 (encoder.layers.encoder_layer_6.mlp.3): input_col=27 -> output_neuron=751 (grad=0.0014)
  Warning: No gradients for layer encoder.layers.encoder_layer_7.self_attention.out_proj, skipping
  Layer 21 (encoder.layers.encoder_layer_7.mlp.0): input_col=31 -> output_neuron=921 (grad=0.0037)
  Layer 22 (encoder.layers.encoder_layer_7.mlp.3): input_col=9 -> output_neuron=302 (grad=0.0009)
  Warning: No gradients for layer encoder.layers.encoder_layer_8.self_attention.out_proj, skipping
  Layer 24 (encoder.layers.encoder_layer_8.mlp.0): input_col=14 -> output_neuron=2929 (grad=0.0017)
  Layer 25 (encoder.layers.encoder_layer_8.mlp.3): input_col=1 -> output_neuron=765 (grad=0.0005)
  Warning: No gradients for layer encoder.layers.encoder_layer_9.self_attention.out_proj, skipping
  Layer 27 (encoder.layers.encoder_layer_9.mlp.0): input_col=45 -> output_neuron=237 (grad=0.0062)
  Layer 28 (encoder.layers.encoder_layer_9.mlp.3): input_col=45 -> output_neuron=632 (grad=0.0029)
  Warning: No gradients for layer encoder.layers.encoder_layer_10.self_attention.out_proj, skipping
  Layer 30 (encoder.layers.encoder_layer_10.mlp.0): input_col=8 -> output_neuron=561 (grad=0.0146)
  Layer 31 (encoder.layers.encoder_layer_10.mlp.3): input_col=33 -> output_neuron=562 (grad=0.0035)
  Warning: No gradients for layer encoder.layers.encoder_layer_11.self_attention.out_proj, skipping
  Layer 33 (encoder.layers.encoder_layer_11.mlp.0): input_col=34 -> output_neuron=2006 (grad=0.0055)
  Layer 34 (encoder.layers.encoder_layer_11.mlp.3): input_col=38 -> output_neuron=486 (grad=0.0038)

============================================================
✓ Successfully built 6 gradient chains
============================================================

Epoch 2/100 | LR: 0.000200 | Time: 220.76s
Train Loss: 2.5013 | Train Acc: 50.39%
Val Loss: 1.4046 | Val Acc: 72.38%

Gradient Chain Statistics:
[PacaGradientChainManager - Gradient Chain Logs]
  Chains Built: True
  Number of Chains: 6
  Current Epoch: 1
  Selected Arms: [0]
  Arm Means: [0.0, 0.0, 0.0, 0.0, 0.0, 0.0]
  Arm Stds: [10.0, 10.0, 10.0, 10.0, 10.0, 10.0]
  Arm Observation Counts: [0, 0, 0, 0, 0, 0]
  Last Sampled Values: [17.996322631835938, 3.976292371749878, 5.658054828643799, -17.04383659362793, -2.325307607650757, 9.539074897766113]
------------------------------------------------------------

Reward: 8.22% (normalized: 0.82)

Epoch 3/100 | LR: 0.000300 | Time: 219.59s
Train Loss: 1.0048 | Train Acc: 79.48%
Val Loss: 0.8557 | Val Acc: 80.60%

Gradient Chain Statistics:
[PacaGradientChainManager - Gradient Chain Logs]
  Chains Built: True
  Number of Chains: 6
  Current Epoch: 2
  Selected Arms: [1]
  Arm Means: [0.6575999855995178, 0.0, 0.0, 0.0, 0.0, 0.0]
  Arm Stds: [4.4721360206604, 10.0, 10.0, 10.0, 10.0, 10.0]
  Arm Observation Counts: [1, 0, 0, 0, 0, 0]
  Last Sampled Values: [-5.455751895904541, 13.307497024536133, -6.988948822021484, 3.3593788146972656, 3.1623449325561523, -2.7997779846191406]
------------------------------------------------------------

Reward: 2.88% (normalized: 0.29)

Epoch 4/100 | LR: 0.000400 | Time: 219.64s
Train Loss: 0.6205 | Train Acc: 86.04%
Val Loss: 0.6541 | Val Acc: 83.48%

Gradient Chain Statistics:
[PacaGradientChainManager - Gradient Chain Logs]
  Chains Built: True
  Number of Chains: 6
  Current Epoch: 3
  Selected Arms: [5]
  Arm Means: [0.6575999855995178, 0.2303999960422516, 0.0, 0.0, 0.0, 0.0]
  Arm Stds: [4.4721360206604, 4.4721360206604, 10.0, 10.0, 10.0, 10.0]
  Arm Observation Counts: [1, 1, 0, 0, 0, 0]
  Last Sampled Values: [3.786583662033081, -2.9415459632873535, -3.2486085891723633, 7.638540267944336, 0.8864854574203491, 8.323291778564453]
------------------------------------------------------------

Reward: 1.08% (normalized: 0.11)

Epoch 5/100 | LR: 0.000500 | Time: 219.56s
Train Loss: 0.4314 | Train Acc: 89.81%
Val Loss: 0.5932 | Val Acc: 84.56%

Gradient Chain Statistics:
[PacaGradientChainManager - Gradient Chain Logs]
  Chains Built: True
  Number of Chains: 6
  Current Epoch: 4
  Selected Arms: [4]
  Arm Means: [0.6575999855995178, 0.2303999960422516, 0.0, 0.0, 0.0, 0.08640000224113464]
  Arm Stds: [4.4721360206604, 4.4721360206604, 10.0, 10.0, 10.0, 4.4721360206604]
  Arm Observation Counts: [1, 1, 0, 0, 0, 1]
  Last Sampled Values: [5.071737766265869, -2.0907950401306152, -4.707502365112305, 6.196534633636475, 13.547649383544922, 2.0903244018554688]
------------------------------------------------------------

Reward: 0.36% (normalized: 0.04)

Epoch 6/100 | LR: 0.000600 | Time: 219.59s
Train Loss: 0.3316 | Train Acc: 91.90%
Val Loss: 0.5782 | Val Acc: 84.92%

Gradient Chain Statistics:
[PacaGradientChainManager - Gradient Chain Logs]
  Chains Built: True
  Number of Chains: 6
  Current Epoch: 5
  Selected Arms: [3]
  Arm Means: [0.6575999855995178, 0.2303999960422516, 0.0, 0.0, 0.02879999950528145, 0.08640000224113464]
  Arm Stds: [4.4721360206604, 4.4721360206604, 10.0, 10.0, 4.4721360206604, 4.4721360206604]
  Arm Observation Counts: [1, 1, 0, 0, 1, 1]
  Last Sampled Values: [-0.06339782476425171, -0.7952059507369995, -12.19742202758789, 8.375211715698242, 0.19228236377239227, -3.0027663707733154]
------------------------------------------------------------

Reward: -0.38% (normalized: -0.04)

Epoch 7/100 | LR: 0.000700 | Time: 219.60s
Train Loss: 0.2791 | Train Acc: 93.03%
Val Loss: 0.5920 | Val Acc: 84.54%

Gradient Chain Statistics:
[PacaGradientChainManager - Gradient Chain Logs]
  Chains Built: True
  Number of Chains: 6
  Current Epoch: 6
  Selected Arms: [0]
  Arm Means: [0.6575999855995178, 0.2303999960422516, 0.0, -0.030400000512599945, 0.02879999950528145, 0.08640000224113464]
  Arm Stds: [4.4721360206604, 4.4721360206604, 10.0, 4.4721360206604, 4.4721360206604, 4.4721360206604]
  Arm Observation Counts: [1, 1, 0, 1, 1, 1]
  Last Sampled Values: [10.699066162109375, 2.86649751663208, -5.450315952301025, 1.4878692626953125, -2.2192368507385254, 0.9645177125930786]
------------------------------------------------------------
No improvement for 1 epoch(s)

Reward: -0.24% (normalized: -0.02)

Epoch 8/100 | LR: 0.000800 | Time: 219.70s
Train Loss: 0.2711 | Train Acc: 93.11%
Val Loss: 0.6214 | Val Acc: 84.30%

Gradient Chain Statistics:
[PacaGradientChainManager - Gradient Chain Logs]
  Chains Built: True
  Number of Chains: 6
  Current Epoch: 7
  Selected Arms: [2]
  Arm Means: [0.35466665029525757, 0.2303999960422516, 0.0, -0.030400000512599945, 0.02879999950528145, 0.08640000224113464]
  Arm Stds: [3.3333334922790527, 4.4721360206604, 10.0, 4.4721360206604, 4.4721360206604, 4.4721360206604]
  Arm Observation Counts: [2, 1, 0, 1, 1, 1]
  Last Sampled Values: [-0.05701178312301636, -4.786074161529541, 19.2343692779541, -6.447051048278809, -0.05514605715870857, 2.039674758911133]
------------------------------------------------------------
No improvement for 2 epoch(s)

Reward: -0.39% (normalized: -0.04)

Epoch 9/100 | LR: 0.000900 | Time: 219.68s
Train Loss: 0.2558 | Train Acc: 93.33%
Val Loss: 0.6384 | Val Acc: 83.91%

Gradient Chain Statistics:
[PacaGradientChainManager - Gradient Chain Logs]
  Chains Built: True
  Number of Chains: 6
  Current Epoch: 8
  Selected Arms: [4]
  Arm Means: [0.35466665029525757, 0.2303999960422516, -0.031199999153614044, -0.030400000512599945, 0.02879999950528145, 0.08640000224113464]
  Arm Stds: [3.3333334922790527, 4.4721360206604, 4.4721360206604, 4.4721360206604, 4.4721360206604, 4.4721360206604]
  Arm Observation Counts: [2, 1, 1, 1, 1, 1]
  Last Sampled Values: [-6.324906826019287, -4.018255233764648, 1.29196035861969, -1.1019797325134277, 3.9409568309783936, 2.216000556945801]
------------------------------------------------------------
No improvement for 3 epoch(s)

Reward: -0.58% (normalized: -0.06)

Epoch 10/100 | LR: 0.001000 | Time: 219.73s
Train Loss: 0.2666 | Train Acc: 92.96%
Val Loss: 0.6655 | Val Acc: 83.33%

Gradient Chain Statistics:
[PacaGradientChainManager - Gradient Chain Logs]
  Chains Built: True
  Number of Chains: 6
  Current Epoch: 9
  Selected Arms: [0]
  Arm Means: [0.35466665029525757, 0.2303999960422516, -0.031199999153614044, -0.030400000512599945, -0.009777778759598732, 0.08640000224113464]
  Arm Stds: [3.3333334922790527, 4.4721360206604, 4.4721360206604, 4.4721360206604, 3.3333334922790527, 4.4721360206604]
  Arm Observation Counts: [2, 1, 1, 1, 2, 1]
  Last Sampled Values: [6.20494270324707, 1.328152060508728, -5.170085906982422, 4.33418607711792, -2.7718396186828613, 2.588275909423828]
------------------------------------------------------------
No improvement for 4 epoch(s)

Reward: -1.05% (normalized: -0.10)

Epoch 11/100 | LR: 0.001000 | Time: 221.05s
Train Loss: 0.2702 | Train Acc: 92.77%
Val Loss: 0.7032 | Val Acc: 82.28%

Gradient Chain Statistics:
[PacaGradientChainManager - Gradient Chain Logs]
  Chains Built: True
  Number of Chains: 6
  Current Epoch: 10
  Selected Arms: [1]
  Arm Means: [0.21323074400424957, 0.2303999960422516, -0.031199999153614044, -0.030400000512599945, -0.009777778759598732, 0.08640000224113464]
  Arm Stds: [2.77350115776062, 4.4721360206604, 4.4721360206604, 4.4721360206604, 3.3333334922790527, 4.4721360206604]
  Arm Observation Counts: [3, 1, 1, 1, 2, 1]
  Last Sampled Values: [-6.439188480377197, 5.162665367126465, -6.945981025695801, -0.5045668482780457, -1.672629714012146, 1.9455479383468628]
------------------------------------------------------------
No improvement for 5 epoch(s)

Reward: 0.46% (normalized: 0.05)

Epoch 12/100 | LR: 0.000999 | Time: 220.81s
Train Loss: 0.2601 | Train Acc: 93.10%
Val Loss: 0.6893 | Val Acc: 82.74%

Gradient Chain Statistics:
[PacaGradientChainManager - Gradient Chain Logs]
  Chains Built: True
  Number of Chains: 6
  Current Epoch: 11
  Selected Arms: [3]
  Arm Means: [0.21323074400424957, 0.14844444394111633, -0.031199999153614044, -0.030400000512599945, -0.009777778759598732, 0.08640000224113464]
  Arm Stds: [2.77350115776062, 3.3333334922790527, 4.4721360206604, 4.4721360206604, 3.3333334922790527, 4.4721360206604]
  Arm Observation Counts: [3, 2, 1, 1, 2, 1]
  Last Sampled Values: [-1.5168266296386719, -1.7649309635162354, -5.236309051513672, 3.211569309234619, 2.1286683082580566, -4.560093402862549]
------------------------------------------------------------
No improvement for 6 epoch(s)

Reward: -0.21% (normalized: -0.02)

Epoch 13/100 | LR: 0.000997 | Time: 220.85s
Train Loss: 0.2383 | Train Acc: 93.55%
Val Loss: 0.6987 | Val Acc: 82.53%

Gradient Chain Statistics:
[PacaGradientChainManager - Gradient Chain Logs]
  Chains Built: True
  Number of Chains: 6
  Current Epoch: 12
  Selected Arms: [2]
  Arm Means: [0.21323074400424957, 0.14844444394111633, -0.031199999153614044, -0.026222221553325653, -0.009777778759598732, 0.08640000224113464]
  Arm Stds: [2.77350115776062, 3.3333334922790527, 4.4721360206604, 3.3333334922790527, 3.3333334922790527, 4.4721360206604]
  Arm Observation Counts: [3, 2, 1, 2, 2, 1]
  Last Sampled Values: [0.3452266454696655, -2.1569318771362305, 2.0578806400299072, -1.117034912109375, -1.2823270559310913, 1.0002506971359253]
------------------------------------------------------------
No improvement for 7 epoch(s)
Early stopping triggered after 13 epochs.
Total training time: 2859.35 seconds
Average time per epoch: 219.95 seconds

============================================================
Training completed!
============================================================
Using device: cuda
============================================================
Vision Transformer Fine-tuning on CIFAR-100
Using Gradient Chain Selection (Ablation)
Num Arms: 6, Num Arms to Select: 2
============================================================
Using random seed: 9612

Loading dataset...
Files already downloaded and verified
Files already downloaded and verified
Dataset loaded: 50000 train samples, 10000 val samples
Number of classes: 100

Creating ViT model for 100 classes...

PEFT config: PacaConfig(peft_type=<PeftType.PACA: 'PACA'>, auto_mapping=None, base_model_name_or_path=None, revision=None, task_type=<TaskType.FEATURE_EXTRACTION: 'FEATURE_EXTRACTION'>, inference_mode=False, r=48, target_modules={'mlp.0', 'mlp.3', 'out_proj'}, paca_alpha=96, fan_in_fan_out=False, bias='all', modules_to_save=['head'], layers_to_transform=None, layers_pattern=None, rank_pattern={}, alpha_pattern={}, megatron_config=None, megatron_core='megatron.core', layer_replication=None, gradient_accumulation_steps=1, steps_per_epoch=782, arm_distribution='gradient_chain', num_arms=6, num_arms_to_select=2, ucb_alpha=0.5, use_fixed_indices=False, arm_selection_method='thompson', thompson_distribution='gaussian', thompson_alpha_prior=1.0, thompson_beta_prior=1.0, thompson_gaussian_prior_mean=0.0, thompson_gaussian_prior_std=10.0, thompson_gaussian_noise_std=5.0, gradient_chain_warmup_epochs=2, gradient_chain_num_samples=5)
Total parameters: 149,653,448
Trainable parameters: 2,757,320 (1.84%)
Frozen parameters: 146,896,128 (98.16%)

============================================================
Fine-tuning ViT using Gradient Chain Selection:
============================================================
Calculating initial validation accuracy...
Initial Val Acc: 0.96%

Reward: 0.00% (normalized: 0.00)
Gradient chain warmup: 1/2

Epoch 1/100 | LR: 0.000100 | Time: 219.12s
Train Loss: 4.6784 | Train Acc: 0.93%
Val Loss: 4.6802 | Val Acc: 0.96%

Gradient Chain Statistics:
[PacaGradientChainManager - Gradient Chain Logs]
  Chains Built: False
  Number of Chains: 0
  Current Epoch: 0
  Arm Means: [0.0, 0.0, 0.0, 0.0, 0.0, 0.0]
  Arm Stds: [10.0, 10.0, 10.0, 10.0, 10.0, 10.0]
  Arm Observation Counts: [0, 0, 0, 0, 0, 0]
------------------------------------------------------------

Reward: 74.51% (normalized: 7.45)

============================================================
Building Gradient Chains...
============================================================
Sampling 5 batches to estimate gradients...
  Batch 1/5 processed
  Batch 2/5 processed
  Batch 3/5 processed
  Batch 4/5 processed
  Batch 5/5 processed

Averaging gradients across batches...

Building 6 gradient chains...

Chain 0: Starting from neuron 36
  Layer 0 (encoder.layers.encoder_layer_0.mlp.0): input_col=36 -> output_neuron=1762 (grad=0.0000)
  Layer 1 (encoder.layers.encoder_layer_0.mlp.3): input_col=34 -> output_neuron=298 (grad=0.0009)
  Warning: No gradients for layer encoder.layers.encoder_layer_1.self_attention.out_proj, skipping
  Layer 3 (encoder.layers.encoder_layer_1.mlp.0): input_col=10 -> output_neuron=2977 (grad=0.0018)
  Layer 4 (encoder.layers.encoder_layer_1.mlp.3): input_col=1 -> output_neuron=298 (grad=0.0008)
  Warning: No gradients for layer encoder.layers.encoder_layer_2.self_attention.out_proj, skipping
  Layer 6 (encoder.layers.encoder_layer_2.mlp.0): input_col=10 -> output_neuron=645 (grad=0.0063)
  Layer 7 (encoder.layers.encoder_layer_2.mlp.3): input_col=21 -> output_neuron=261 (grad=0.0013)
  Warning: No gradients for layer encoder.layers.encoder_layer_3.self_attention.out_proj, skipping
  Layer 9 (encoder.layers.encoder_layer_3.mlp.0): input_col=21 -> output_neuron=2706 (grad=0.0007)
  Layer 10 (encoder.layers.encoder_layer_3.mlp.3): input_col=18 -> output_neuron=52 (grad=0.0014)
  Warning: No gradients for layer encoder.layers.encoder_layer_4.self_attention.out_proj, skipping
  Layer 12 (encoder.layers.encoder_layer_4.mlp.0): input_col=4 -> output_neuron=2357 (grad=0.0015)
  Layer 13 (encoder.layers.encoder_layer_4.mlp.3): input_col=5 -> output_neuron=471 (grad=0.0011)
  Warning: No gradients for layer encoder.layers.encoder_layer_5.self_attention.out_proj, skipping
  Layer 15 (encoder.layers.encoder_layer_5.mlp.0): input_col=39 -> output_neuron=82 (grad=0.0013)
  Layer 16 (encoder.layers.encoder_layer_5.mlp.3): input_col=34 -> output_neuron=52 (grad=0.0049)
  Warning: No gradients for layer encoder.layers.encoder_layer_6.self_attention.out_proj, skipping
  Layer 18 (encoder.layers.encoder_layer_6.mlp.0): input_col=4 -> output_neuron=2507 (grad=0.0013)
  Layer 19 (encoder.layers.encoder_layer_6.mlp.3): input_col=11 -> output_neuron=114 (grad=0.0038)
  Warning: No gradients for layer encoder.layers.encoder_layer_7.self_attention.out_proj, skipping
  Layer 21 (encoder.layers.encoder_layer_7.mlp.0): input_col=18 -> output_neuron=1716 (grad=0.0038)
  Layer 22 (encoder.layers.encoder_layer_7.mlp.3): input_col=36 -> output_neuron=52 (grad=0.0015)
  Warning: No gradients for layer encoder.layers.encoder_layer_8.self_attention.out_proj, skipping
  Layer 24 (encoder.layers.encoder_layer_8.mlp.0): input_col=4 -> output_neuron=2892 (grad=0.0016)
  Layer 25 (encoder.layers.encoder_layer_8.mlp.3): input_col=12 -> output_neuron=696 (grad=0.0013)
  Warning: No gradients for layer encoder.layers.encoder_layer_9.self_attention.out_proj, skipping
  Layer 27 (encoder.layers.encoder_layer_9.mlp.0): input_col=24 -> output_neuron=1112 (grad=0.0271)
  Layer 28 (encoder.layers.encoder_layer_9.mlp.3): input_col=8 -> output_neuron=532 (grad=0.0108)
  Warning: No gradients for layer encoder.layers.encoder_layer_10.self_attention.out_proj, skipping
  Layer 30 (encoder.layers.encoder_layer_10.mlp.0): input_col=4 -> output_neuron=2491 (grad=0.0091)
  Layer 31 (encoder.layers.encoder_layer_10.mlp.3): input_col=43 -> output_neuron=532 (grad=0.0085)
  Warning: No gradients for layer encoder.layers.encoder_layer_11.self_attention.out_proj, skipping
  Layer 33 (encoder.layers.encoder_layer_11.mlp.0): input_col=4 -> output_neuron=68 (grad=0.0084)
  Layer 34 (encoder.layers.encoder_layer_11.mlp.3): input_col=20 -> output_neuron=114 (grad=0.0050)

Chain 1: Starting from neuron 42
  Layer 0 (encoder.layers.encoder_layer_0.mlp.0): input_col=42 -> output_neuron=1762 (grad=0.0002)
  Layer 1 (encoder.layers.encoder_layer_0.mlp.3): input_col=34 -> output_neuron=298 (grad=0.0009)
  Warning: No gradients for layer encoder.layers.encoder_layer_1.self_attention.out_proj, skipping
  Layer 3 (encoder.layers.encoder_layer_1.mlp.0): input_col=10 -> output_neuron=2977 (grad=0.0018)
  Layer 4 (encoder.layers.encoder_layer_1.mlp.3): input_col=1 -> output_neuron=298 (grad=0.0008)
  Warning: No gradients for layer encoder.layers.encoder_layer_2.self_attention.out_proj, skipping
  Layer 6 (encoder.layers.encoder_layer_2.mlp.0): input_col=10 -> output_neuron=645 (grad=0.0063)
  Layer 7 (encoder.layers.encoder_layer_2.mlp.3): input_col=21 -> output_neuron=261 (grad=0.0013)
  Warning: No gradients for layer encoder.layers.encoder_layer_3.self_attention.out_proj, skipping
  Layer 9 (encoder.layers.encoder_layer_3.mlp.0): input_col=21 -> output_neuron=2706 (grad=0.0007)
  Layer 10 (encoder.layers.encoder_layer_3.mlp.3): input_col=18 -> output_neuron=52 (grad=0.0014)
  Warning: No gradients for layer encoder.layers.encoder_layer_4.self_attention.out_proj, skipping
  Layer 12 (encoder.layers.encoder_layer_4.mlp.0): input_col=4 -> output_neuron=2357 (grad=0.0015)
  Layer 13 (encoder.layers.encoder_layer_4.mlp.3): input_col=5 -> output_neuron=471 (grad=0.0011)
  Warning: No gradients for layer encoder.layers.encoder_layer_5.self_attention.out_proj, skipping
  Layer 15 (encoder.layers.encoder_layer_5.mlp.0): input_col=39 -> output_neuron=82 (grad=0.0013)
  Layer 16 (encoder.layers.encoder_layer_5.mlp.3): input_col=34 -> output_neuron=52 (grad=0.0049)
  Warning: No gradients for layer encoder.layers.encoder_layer_6.self_attention.out_proj, skipping
  Layer 18 (encoder.layers.encoder_layer_6.mlp.0): input_col=4 -> output_neuron=2507 (grad=0.0013)
  Layer 19 (encoder.layers.encoder_layer_6.mlp.3): input_col=11 -> output_neuron=114 (grad=0.0038)
  Warning: No gradients for layer encoder.layers.encoder_layer_7.self_attention.out_proj, skipping
  Layer 21 (encoder.layers.encoder_layer_7.mlp.0): input_col=18 -> output_neuron=1716 (grad=0.0038)
  Layer 22 (encoder.layers.encoder_layer_7.mlp.3): input_col=36 -> output_neuron=52 (grad=0.0015)
  Warning: No gradients for layer encoder.layers.encoder_layer_8.self_attention.out_proj, skipping
  Layer 24 (encoder.layers.encoder_layer_8.mlp.0): input_col=4 -> output_neuron=2892 (grad=0.0016)
  Layer 25 (encoder.layers.encoder_layer_8.mlp.3): input_col=12 -> output_neuron=696 (grad=0.0013)
  Warning: No gradients for layer encoder.layers.encoder_layer_9.self_attention.out_proj, skipping
  Layer 27 (encoder.layers.encoder_layer_9.mlp.0): input_col=24 -> output_neuron=1112 (grad=0.0271)
  Layer 28 (encoder.layers.encoder_layer_9.mlp.3): input_col=8 -> output_neuron=532 (grad=0.0108)
  Warning: No gradients for layer encoder.layers.encoder_layer_10.self_attention.out_proj, skipping
  Layer 30 (encoder.layers.encoder_layer_10.mlp.0): input_col=4 -> output_neuron=2491 (grad=0.0091)
  Layer 31 (encoder.layers.encoder_layer_10.mlp.3): input_col=43 -> output_neuron=532 (grad=0.0085)
  Warning: No gradients for layer encoder.layers.encoder_layer_11.self_attention.out_proj, skipping
  Layer 33 (encoder.layers.encoder_layer_11.mlp.0): input_col=4 -> output_neuron=68 (grad=0.0084)
  Layer 34 (encoder.layers.encoder_layer_11.mlp.3): input_col=20 -> output_neuron=114 (grad=0.0050)

Chain 2: Starting from neuron 0
  Layer 0 (encoder.layers.encoder_layer_0.mlp.0): input_col=0 -> output_neuron=1762 (grad=0.0011)
  Layer 1 (encoder.layers.encoder_layer_0.mlp.3): input_col=34 -> output_neuron=298 (grad=0.0009)
  Warning: No gradients for layer encoder.layers.encoder_layer_1.self_attention.out_proj, skipping
  Layer 3 (encoder.layers.encoder_layer_1.mlp.0): input_col=10 -> output_neuron=2977 (grad=0.0018)
  Layer 4 (encoder.layers.encoder_layer_1.mlp.3): input_col=1 -> output_neuron=298 (grad=0.0008)
  Warning: No gradients for layer encoder.layers.encoder_layer_2.self_attention.out_proj, skipping
  Layer 6 (encoder.layers.encoder_layer_2.mlp.0): input_col=10 -> output_neuron=645 (grad=0.0063)
  Layer 7 (encoder.layers.encoder_layer_2.mlp.3): input_col=21 -> output_neuron=261 (grad=0.0013)
  Warning: No gradients for layer encoder.layers.encoder_layer_3.self_attention.out_proj, skipping
  Layer 9 (encoder.layers.encoder_layer_3.mlp.0): input_col=21 -> output_neuron=2706 (grad=0.0007)
  Layer 10 (encoder.layers.encoder_layer_3.mlp.3): input_col=18 -> output_neuron=52 (grad=0.0014)
  Warning: No gradients for layer encoder.layers.encoder_layer_4.self_attention.out_proj, skipping
  Layer 12 (encoder.layers.encoder_layer_4.mlp.0): input_col=4 -> output_neuron=2357 (grad=0.0015)
  Layer 13 (encoder.layers.encoder_layer_4.mlp.3): input_col=5 -> output_neuron=471 (grad=0.0011)
  Warning: No gradients for layer encoder.layers.encoder_layer_5.self_attention.out_proj, skipping
  Layer 15 (encoder.layers.encoder_layer_5.mlp.0): input_col=39 -> output_neuron=82 (grad=0.0013)
  Layer 16 (encoder.layers.encoder_layer_5.mlp.3): input_col=34 -> output_neuron=52 (grad=0.0049)
  Warning: No gradients for layer encoder.layers.encoder_layer_6.self_attention.out_proj, skipping
  Layer 18 (encoder.layers.encoder_layer_6.mlp.0): input_col=4 -> output_neuron=2507 (grad=0.0013)
  Layer 19 (encoder.layers.encoder_layer_6.mlp.3): input_col=11 -> output_neuron=114 (grad=0.0038)
  Warning: No gradients for layer encoder.layers.encoder_layer_7.self_attention.out_proj, skipping
  Layer 21 (encoder.layers.encoder_layer_7.mlp.0): input_col=18 -> output_neuron=1716 (grad=0.0038)
  Layer 22 (encoder.layers.encoder_layer_7.mlp.3): input_col=36 -> output_neuron=52 (grad=0.0015)
  Warning: No gradients for layer encoder.layers.encoder_layer_8.self_attention.out_proj, skipping
  Layer 24 (encoder.layers.encoder_layer_8.mlp.0): input_col=4 -> output_neuron=2892 (grad=0.0016)
  Layer 25 (encoder.layers.encoder_layer_8.mlp.3): input_col=12 -> output_neuron=696 (grad=0.0013)
  Warning: No gradients for layer encoder.layers.encoder_layer_9.self_attention.out_proj, skipping
  Layer 27 (encoder.layers.encoder_layer_9.mlp.0): input_col=24 -> output_neuron=1112 (grad=0.0271)
  Layer 28 (encoder.layers.encoder_layer_9.mlp.3): input_col=8 -> output_neuron=532 (grad=0.0108)
  Warning: No gradients for layer encoder.layers.encoder_layer_10.self_attention.out_proj, skipping
  Layer 30 (encoder.layers.encoder_layer_10.mlp.0): input_col=4 -> output_neuron=2491 (grad=0.0091)
  Layer 31 (encoder.layers.encoder_layer_10.mlp.3): input_col=43 -> output_neuron=532 (grad=0.0085)
  Warning: No gradients for layer encoder.layers.encoder_layer_11.self_attention.out_proj, skipping
  Layer 33 (encoder.layers.encoder_layer_11.mlp.0): input_col=4 -> output_neuron=68 (grad=0.0084)
  Layer 34 (encoder.layers.encoder_layer_11.mlp.3): input_col=20 -> output_neuron=114 (grad=0.0050)

Chain 3: Starting from neuron 5
  Layer 0 (encoder.layers.encoder_layer_0.mlp.0): input_col=5 -> output_neuron=1625 (grad=0.0005)
  Layer 1 (encoder.layers.encoder_layer_0.mlp.3): input_col=41 -> output_neuron=298 (grad=0.0024)
  Warning: No gradients for layer encoder.layers.encoder_layer_1.self_attention.out_proj, skipping
  Layer 3 (encoder.layers.encoder_layer_1.mlp.0): input_col=10 -> output_neuron=2977 (grad=0.0018)
  Layer 4 (encoder.layers.encoder_layer_1.mlp.3): input_col=1 -> output_neuron=298 (grad=0.0008)
  Warning: No gradients for layer encoder.layers.encoder_layer_2.self_attention.out_proj, skipping
  Layer 6 (encoder.layers.encoder_layer_2.mlp.0): input_col=10 -> output_neuron=645 (grad=0.0063)
  Layer 7 (encoder.layers.encoder_layer_2.mlp.3): input_col=21 -> output_neuron=261 (grad=0.0013)
  Warning: No gradients for layer encoder.layers.encoder_layer_3.self_attention.out_proj, skipping
  Layer 9 (encoder.layers.encoder_layer_3.mlp.0): input_col=21 -> output_neuron=2706 (grad=0.0007)
  Layer 10 (encoder.layers.encoder_layer_3.mlp.3): input_col=18 -> output_neuron=52 (grad=0.0014)
  Warning: No gradients for layer encoder.layers.encoder_layer_4.self_attention.out_proj, skipping
  Layer 12 (encoder.layers.encoder_layer_4.mlp.0): input_col=4 -> output_neuron=2357 (grad=0.0015)
  Layer 13 (encoder.layers.encoder_layer_4.mlp.3): input_col=5 -> output_neuron=471 (grad=0.0011)
  Warning: No gradients for layer encoder.layers.encoder_layer_5.self_attention.out_proj, skipping
  Layer 15 (encoder.layers.encoder_layer_5.mlp.0): input_col=39 -> output_neuron=82 (grad=0.0013)
  Layer 16 (encoder.layers.encoder_layer_5.mlp.3): input_col=34 -> output_neuron=52 (grad=0.0049)
  Warning: No gradients for layer encoder.layers.encoder_layer_6.self_attention.out_proj, skipping
  Layer 18 (encoder.layers.encoder_layer_6.mlp.0): input_col=4 -> output_neuron=2507 (grad=0.0013)
  Layer 19 (encoder.layers.encoder_layer_6.mlp.3): input_col=11 -> output_neuron=114 (grad=0.0038)
  Warning: No gradients for layer encoder.layers.encoder_layer_7.self_attention.out_proj, skipping
  Layer 21 (encoder.layers.encoder_layer_7.mlp.0): input_col=18 -> output_neuron=1716 (grad=0.0038)
  Layer 22 (encoder.layers.encoder_layer_7.mlp.3): input_col=36 -> output_neuron=52 (grad=0.0015)
  Warning: No gradients for layer encoder.layers.encoder_layer_8.self_attention.out_proj, skipping
  Layer 24 (encoder.layers.encoder_layer_8.mlp.0): input_col=4 -> output_neuron=2892 (grad=0.0016)
  Layer 25 (encoder.layers.encoder_layer_8.mlp.3): input_col=12 -> output_neuron=696 (grad=0.0013)
  Warning: No gradients for layer encoder.layers.encoder_layer_9.self_attention.out_proj, skipping
  Layer 27 (encoder.layers.encoder_layer_9.mlp.0): input_col=24 -> output_neuron=1112 (grad=0.0271)
  Layer 28 (encoder.layers.encoder_layer_9.mlp.3): input_col=8 -> output_neuron=532 (grad=0.0108)
  Warning: No gradients for layer encoder.layers.encoder_layer_10.self_attention.out_proj, skipping
  Layer 30 (encoder.layers.encoder_layer_10.mlp.0): input_col=4 -> output_neuron=2491 (grad=0.0091)
  Layer 31 (encoder.layers.encoder_layer_10.mlp.3): input_col=43 -> output_neuron=532 (grad=0.0085)
  Warning: No gradients for layer encoder.layers.encoder_layer_11.self_attention.out_proj, skipping
  Layer 33 (encoder.layers.encoder_layer_11.mlp.0): input_col=4 -> output_neuron=68 (grad=0.0084)
  Layer 34 (encoder.layers.encoder_layer_11.mlp.3): input_col=20 -> output_neuron=114 (grad=0.0050)

Chain 4: Starting from neuron 33
  Layer 0 (encoder.layers.encoder_layer_0.mlp.0): input_col=33 -> output_neuron=1625 (grad=0.0002)
  Layer 1 (encoder.layers.encoder_layer_0.mlp.3): input_col=41 -> output_neuron=298 (grad=0.0024)
  Warning: No gradients for layer encoder.layers.encoder_layer_1.self_attention.out_proj, skipping
  Layer 3 (encoder.layers.encoder_layer_1.mlp.0): input_col=10 -> output_neuron=2977 (grad=0.0018)
  Layer 4 (encoder.layers.encoder_layer_1.mlp.3): input_col=1 -> output_neuron=298 (grad=0.0008)
  Warning: No gradients for layer encoder.layers.encoder_layer_2.self_attention.out_proj, skipping
  Layer 6 (encoder.layers.encoder_layer_2.mlp.0): input_col=10 -> output_neuron=645 (grad=0.0063)
  Layer 7 (encoder.layers.encoder_layer_2.mlp.3): input_col=21 -> output_neuron=261 (grad=0.0013)
  Warning: No gradients for layer encoder.layers.encoder_layer_3.self_attention.out_proj, skipping
  Layer 9 (encoder.layers.encoder_layer_3.mlp.0): input_col=21 -> output_neuron=2706 (grad=0.0007)
  Layer 10 (encoder.layers.encoder_layer_3.mlp.3): input_col=18 -> output_neuron=52 (grad=0.0014)
  Warning: No gradients for layer encoder.layers.encoder_layer_4.self_attention.out_proj, skipping
  Layer 12 (encoder.layers.encoder_layer_4.mlp.0): input_col=4 -> output_neuron=2357 (grad=0.0015)
  Layer 13 (encoder.layers.encoder_layer_4.mlp.3): input_col=5 -> output_neuron=471 (grad=0.0011)
  Warning: No gradients for layer encoder.layers.encoder_layer_5.self_attention.out_proj, skipping
  Layer 15 (encoder.layers.encoder_layer_5.mlp.0): input_col=39 -> output_neuron=82 (grad=0.0013)
  Layer 16 (encoder.layers.encoder_layer_5.mlp.3): input_col=34 -> output_neuron=52 (grad=0.0049)
  Warning: No gradients for layer encoder.layers.encoder_layer_6.self_attention.out_proj, skipping
  Layer 18 (encoder.layers.encoder_layer_6.mlp.0): input_col=4 -> output_neuron=2507 (grad=0.0013)
  Layer 19 (encoder.layers.encoder_layer_6.mlp.3): input_col=11 -> output_neuron=114 (grad=0.0038)
  Warning: No gradients for layer encoder.layers.encoder_layer_7.self_attention.out_proj, skipping
  Layer 21 (encoder.layers.encoder_layer_7.mlp.0): input_col=18 -> output_neuron=1716 (grad=0.0038)
  Layer 22 (encoder.layers.encoder_layer_7.mlp.3): input_col=36 -> output_neuron=52 (grad=0.0015)
  Warning: No gradients for layer encoder.layers.encoder_layer_8.self_attention.out_proj, skipping
  Layer 24 (encoder.layers.encoder_layer_8.mlp.0): input_col=4 -> output_neuron=2892 (grad=0.0016)
  Layer 25 (encoder.layers.encoder_layer_8.mlp.3): input_col=12 -> output_neuron=696 (grad=0.0013)
  Warning: No gradients for layer encoder.layers.encoder_layer_9.self_attention.out_proj, skipping
  Layer 27 (encoder.layers.encoder_layer_9.mlp.0): input_col=24 -> output_neuron=1112 (grad=0.0271)
  Layer 28 (encoder.layers.encoder_layer_9.mlp.3): input_col=8 -> output_neuron=532 (grad=0.0108)
  Warning: No gradients for layer encoder.layers.encoder_layer_10.self_attention.out_proj, skipping
  Layer 30 (encoder.layers.encoder_layer_10.mlp.0): input_col=4 -> output_neuron=2491 (grad=0.0091)
  Layer 31 (encoder.layers.encoder_layer_10.mlp.3): input_col=43 -> output_neuron=532 (grad=0.0085)
  Warning: No gradients for layer encoder.layers.encoder_layer_11.self_attention.out_proj, skipping
  Layer 33 (encoder.layers.encoder_layer_11.mlp.0): input_col=4 -> output_neuron=68 (grad=0.0084)
  Layer 34 (encoder.layers.encoder_layer_11.mlp.3): input_col=20 -> output_neuron=114 (grad=0.0050)

Chain 5: Starting from neuron 29
  Layer 0 (encoder.layers.encoder_layer_0.mlp.0): input_col=29 -> output_neuron=1625 (grad=0.0005)
  Layer 1 (encoder.layers.encoder_layer_0.mlp.3): input_col=41 -> output_neuron=298 (grad=0.0024)
  Warning: No gradients for layer encoder.layers.encoder_layer_1.self_attention.out_proj, skipping
  Layer 3 (encoder.layers.encoder_layer_1.mlp.0): input_col=10 -> output_neuron=2977 (grad=0.0018)
  Layer 4 (encoder.layers.encoder_layer_1.mlp.3): input_col=1 -> output_neuron=298 (grad=0.0008)
  Warning: No gradients for layer encoder.layers.encoder_layer_2.self_attention.out_proj, skipping
  Layer 6 (encoder.layers.encoder_layer_2.mlp.0): input_col=10 -> output_neuron=645 (grad=0.0063)
  Layer 7 (encoder.layers.encoder_layer_2.mlp.3): input_col=21 -> output_neuron=261 (grad=0.0013)
  Warning: No gradients for layer encoder.layers.encoder_layer_3.self_attention.out_proj, skipping
  Layer 9 (encoder.layers.encoder_layer_3.mlp.0): input_col=21 -> output_neuron=2706 (grad=0.0007)
  Layer 10 (encoder.layers.encoder_layer_3.mlp.3): input_col=18 -> output_neuron=52 (grad=0.0014)
  Warning: No gradients for layer encoder.layers.encoder_layer_4.self_attention.out_proj, skipping
  Layer 12 (encoder.layers.encoder_layer_4.mlp.0): input_col=4 -> output_neuron=2357 (grad=0.0015)
  Layer 13 (encoder.layers.encoder_layer_4.mlp.3): input_col=5 -> output_neuron=471 (grad=0.0011)
  Warning: No gradients for layer encoder.layers.encoder_layer_5.self_attention.out_proj, skipping
  Layer 15 (encoder.layers.encoder_layer_5.mlp.0): input_col=39 -> output_neuron=82 (grad=0.0013)
  Layer 16 (encoder.layers.encoder_layer_5.mlp.3): input_col=34 -> output_neuron=52 (grad=0.0049)
  Warning: No gradients for layer encoder.layers.encoder_layer_6.self_attention.out_proj, skipping
  Layer 18 (encoder.layers.encoder_layer_6.mlp.0): input_col=4 -> output_neuron=2507 (grad=0.0013)
  Layer 19 (encoder.layers.encoder_layer_6.mlp.3): input_col=11 -> output_neuron=114 (grad=0.0038)
  Warning: No gradients for layer encoder.layers.encoder_layer_7.self_attention.out_proj, skipping
  Layer 21 (encoder.layers.encoder_layer_7.mlp.0): input_col=18 -> output_neuron=1716 (grad=0.0038)
  Layer 22 (encoder.layers.encoder_layer_7.mlp.3): input_col=36 -> output_neuron=52 (grad=0.0015)
  Warning: No gradients for layer encoder.layers.encoder_layer_8.self_attention.out_proj, skipping
  Layer 24 (encoder.layers.encoder_layer_8.mlp.0): input_col=4 -> output_neuron=2892 (grad=0.0016)
  Layer 25 (encoder.layers.encoder_layer_8.mlp.3): input_col=12 -> output_neuron=696 (grad=0.0013)
  Warning: No gradients for layer encoder.layers.encoder_layer_9.self_attention.out_proj, skipping
  Layer 27 (encoder.layers.encoder_layer_9.mlp.0): input_col=24 -> output_neuron=1112 (grad=0.0271)
  Layer 28 (encoder.layers.encoder_layer_9.mlp.3): input_col=8 -> output_neuron=532 (grad=0.0108)
  Warning: No gradients for layer encoder.layers.encoder_layer_10.self_attention.out_proj, skipping
  Layer 30 (encoder.layers.encoder_layer_10.mlp.0): input_col=4 -> output_neuron=2491 (grad=0.0091)
  Layer 31 (encoder.layers.encoder_layer_10.mlp.3): input_col=43 -> output_neuron=532 (grad=0.0085)
  Warning: No gradients for layer encoder.layers.encoder_layer_11.self_attention.out_proj, skipping
  Layer 33 (encoder.layers.encoder_layer_11.mlp.0): input_col=4 -> output_neuron=68 (grad=0.0084)
  Layer 34 (encoder.layers.encoder_layer_11.mlp.3): input_col=20 -> output_neuron=114 (grad=0.0050)

============================================================
✓ Successfully built 6 gradient chains
============================================================

Epoch 2/100 | LR: 0.000200 | Time: 221.03s
Train Loss: 2.3511 | Train Acc: 53.21%
Val Loss: 1.2301 | Val Acc: 75.47%

Gradient Chain Statistics:
[PacaGradientChainManager - Gradient Chain Logs]
  Chains Built: True
  Number of Chains: 6
  Current Epoch: 1
  Selected Arms: [3, 5]
  Arm Means: [0.0, 0.0, 0.0, 0.0, 0.0, 0.0]
  Arm Stds: [10.0, 10.0, 10.0, 10.0, 10.0, 10.0]
  Arm Observation Counts: [0, 0, 0, 0, 0, 0]
  Last Sampled Values: [-27.71623992919922, -3.7405025959014893, -5.791459560394287, 18.460540771484375, 3.4861536026000977, 11.488133430480957]
------------------------------------------------------------

Reward: 5.67% (normalized: 0.57)

Epoch 3/100 | LR: 0.000300 | Time: 219.59s
Train Loss: 0.9296 | Train Acc: 80.60%
Val Loss: 0.8136 | Val Acc: 81.14%

Gradient Chain Statistics:
[PacaGradientChainManager - Gradient Chain Logs]
  Chains Built: True
  Number of Chains: 6
  Current Epoch: 2
  Selected Arms: [2, 4]
  Arm Means: [0.0, 0.0, 0.0, 0.4535999894142151, 0.0, 0.4535999894142151]
  Arm Stds: [10.0, 10.0, 10.0, 4.4721360206604, 10.0, 4.4721360206604]
  Arm Observation Counts: [0, 0, 0, 1, 0, 1]
  Last Sampled Values: [-9.167348861694336, -8.497034072875977, 11.368000030517578, -3.1776046752929688, 7.5577850341796875, -1.6210741996765137]
------------------------------------------------------------

Reward: 2.93% (normalized: 0.29)

Epoch 4/100 | LR: 0.000400 | Time: 219.53s
Train Loss: 0.6024 | Train Acc: 86.24%
Val Loss: 0.6424 | Val Acc: 84.07%

Gradient Chain Statistics:
[PacaGradientChainManager - Gradient Chain Logs]
  Chains Built: True
  Number of Chains: 6
  Current Epoch: 3
  Selected Arms: [0, 4]
  Arm Means: [0.0, 0.0, 0.23440000414848328, 0.4535999894142151, 0.23440000414848328, 0.4535999894142151]
  Arm Stds: [10.0, 10.0, 4.4721360206604, 4.4721360206604, 4.4721360206604, 4.4721360206604]
  Arm Observation Counts: [0, 0, 1, 1, 1, 1]
  Last Sampled Values: [17.570951461791992, -15.473889350891113, -2.076655149459839, 2.4267630577087402, 5.254980564117432, 2.2797412872314453]
------------------------------------------------------------

Reward: 0.77% (normalized: 0.08)

Epoch 5/100 | LR: 0.000500 | Time: 219.67s
Train Loss: 0.4242 | Train Acc: 90.08%
Val Loss: 0.5807 | Val Acc: 84.84%

Gradient Chain Statistics:
[PacaGradientChainManager - Gradient Chain Logs]
  Chains Built: True
  Number of Chains: 6
  Current Epoch: 4
  Selected Arms: [5, 4]
  Arm Means: [0.06159999966621399, 0.0, 0.23440000414848328, 0.4535999894142151, 0.1644444465637207, 0.4535999894142151]
  Arm Stds: [4.4721360206604, 10.0, 4.4721360206604, 4.4721360206604, 3.3333334922790527, 4.4721360206604]
  Arm Observation Counts: [1, 0, 1, 1, 2, 1]
  Last Sampled Values: [-4.07280158996582, -4.656154632568359, -7.261325836181641, -13.71768856048584, 1.3174039125442505, 2.5885818004608154]
------------------------------------------------------------

Reward: 0.43% (normalized: 0.04)

Epoch 6/100 | LR: 0.000600 | Time: 219.67s
Train Loss: 0.3133 | Train Acc: 92.58%
Val Loss: 0.5683 | Val Acc: 85.27%

Gradient Chain Statistics:
[PacaGradientChainManager - Gradient Chain Logs]
  Chains Built: True
  Number of Chains: 6
  Current Epoch: 5
  Selected Arms: [2, 5]
  Arm Means: [0.06159999966621399, 0.0, 0.23440000414848328, 0.4535999894142151, 0.1270769238471985, 0.2711111009120941]
  Arm Stds: [4.4721360206604, 10.0, 4.4721360206604, 4.4721360206604, 2.77350115776062, 3.3333334922790527]
  Arm Observation Counts: [1, 0, 1, 1, 3, 2]
  Last Sampled Values: [-8.3933744430542, 2.138571262359619, 4.46097993850708, 0.8777693510055542, -2.54764986038208, 2.4673824310302734]
------------------------------------------------------------

Reward: -0.73% (normalized: -0.07)

Epoch 7/100 | LR: 0.000700 | Time: 219.69s
Train Loss: 0.2745 | Train Acc: 93.19%
Val Loss: 0.6002 | Val Acc: 84.54%

Gradient Chain Statistics:
[PacaGradientChainManager - Gradient Chain Logs]
  Chains Built: True
  Number of Chains: 6
  Current Epoch: 6
  Selected Arms: [1, 5]
  Arm Means: [0.06159999966621399, 0.0, 0.09777777642011642, 0.4535999894142151, 0.1270769238471985, 0.16523075103759766]
  Arm Stds: [4.4721360206604, 10.0, 3.3333334922790527, 4.4721360206604, 2.77350115776062, 2.77350115776062]
  Arm Observation Counts: [1, 0, 2, 1, 3, 3]
  Last Sampled Values: [-2.345834732055664, 5.64328145980835, -4.530954837799072, -4.134251594543457, -2.0579886436462402, 4.0356879234313965]
------------------------------------------------------------
No improvement for 1 epoch(s)

Reward: 0.24% (normalized: 0.02)

Epoch 8/100 | LR: 0.000800 | Time: 219.62s
Train Loss: 0.2548 | Train Acc: 93.57%
Val Loss: 0.5881 | Val Acc: 84.78%

Gradient Chain Statistics:
[PacaGradientChainManager - Gradient Chain Logs]
  Chains Built: True
  Number of Chains: 6
  Current Epoch: 7
  Selected Arms: [4, 1]
  Arm Means: [0.06159999966621399, 0.019200000911951065, 0.09777777642011642, 0.4535999894142151, 0.1270769238471985, 0.13199998438358307]
  Arm Stds: [4.4721360206604, 4.4721360206604, 3.3333334922790527, 4.4721360206604, 2.77350115776062, 2.425356388092041]
  Arm Observation Counts: [1, 1, 2, 1, 3, 4]
  Last Sampled Values: [-7.365217208862305, 4.847824573516846, -2.817314386367798, 3.0963494777679443, 5.159102439880371, -2.725806713104248]
------------------------------------------------------------
No improvement for 2 epoch(s)

Reward: -0.78% (normalized: -0.08)

Epoch 9/100 | LR: 0.000900 | Time: 219.74s
Train Loss: 0.2452 | Train Acc: 93.56%
Val Loss: 0.6160 | Val Acc: 84.00%

Gradient Chain Statistics:
[PacaGradientChainManager - Gradient Chain Logs]
  Chains Built: True
  Number of Chains: 6
  Current Epoch: 8
  Selected Arms: [0, 2]
  Arm Means: [0.06159999966621399, -0.024000000208616257, 0.09777777642011642, 0.4535999894142151, 0.078823521733284, 0.13199998438358307]
  Arm Stds: [4.4721360206604, 3.3333334922790527, 3.3333334922790527, 4.4721360206604, 2.425356388092041, 2.425356388092041]
  Arm Observation Counts: [1, 2, 2, 1, 4, 4]
  Last Sampled Values: [8.385533332824707, -1.0379530191421509, 2.1968960762023926, 1.9193203449249268, -1.7826589345932007, -3.322021245956421]
------------------------------------------------------------
No improvement for 3 epoch(s)

Reward: 0.12% (normalized: 0.01)

Epoch 10/100 | LR: 0.001000 | Time: 219.65s
Train Loss: 0.2673 | Train Acc: 92.87%
Val Loss: 0.6224 | Val Acc: 84.12%

Gradient Chain Statistics:
[PacaGradientChainManager - Gradient Chain Logs]
  Chains Built: True
  Number of Chains: 6
  Current Epoch: 9
  Selected Arms: [0, 5]
  Arm Means: [0.03955555334687233, -0.024000000208616257, 0.07138461619615555, 0.4535999894142151, 0.078823521733284, 0.13199998438358307]
  Arm Stds: [3.3333334922790527, 3.3333334922790527, 2.77350115776062, 4.4721360206604, 2.425356388092041, 2.425356388092041]
  Arm Observation Counts: [2, 2, 3, 1, 4, 4]
  Last Sampled Values: [1.9289209842681885, 0.28202664852142334, 1.0640743970870972, 1.6939690113067627, -0.28881579637527466, 1.6986057758331299]
------------------------------------------------------------
No improvement for 4 epoch(s)

Reward: -0.64% (normalized: -0.06)

Epoch 11/100 | LR: 0.001000 | Time: 220.91s
Train Loss: 0.2544 | Train Acc: 93.16%
Val Loss: 0.6256 | Val Acc: 83.48%

Gradient Chain Statistics:
[PacaGradientChainManager - Gradient Chain Logs]
  Chains Built: True
  Number of Chains: 6
  Current Epoch: 10
  Selected Arms: [3, 5]
  Arm Means: [0.007692303974181414, -0.024000000208616257, 0.07138461619615555, 0.4535999894142151, 0.078823521733284, 0.09466665238142014]
  Arm Stds: [2.77350115776062, 3.3333334922790527, 2.77350115776062, 4.4721360206604, 2.425356388092041, 2.1821789741516113]
  Arm Observation Counts: [3, 2, 3, 1, 4, 5]
  Last Sampled Values: [-0.5979196429252625, 4.081777095794678, -2.1844186782836914, 8.988707542419434, -5.3702239990234375, 4.215035915374756]
------------------------------------------------------------
No improvement for 5 epoch(s)

Reward: -0.99% (normalized: -0.10)

Epoch 12/100 | LR: 0.000999 | Time: 220.87s
Train Loss: 0.2555 | Train Acc: 93.21%
Val Loss: 0.6961 | Val Acc: 82.49%

Gradient Chain Statistics:
[PacaGradientChainManager - Gradient Chain Logs]
  Chains Built: True
  Number of Chains: 6
  Current Epoch: 11
  Selected Arms: [0, 5]
  Arm Means: [0.007692303974181414, -0.024000000208616257, 0.07138461619615555, 0.20799998939037323, 0.078823521733284, 0.06367998570203781]
  Arm Stds: [2.77350115776062, 3.3333334922790527, 2.77350115776062, 3.3333334922790527, 2.425356388092041, 2.0]
  Arm Observation Counts: [3, 2, 3, 2, 4, 6]
  Last Sampled Values: [5.1287031173706055, 3.5802736282348633, 1.2810455560684204, -1.547658920288086, -1.1252167224884033, 3.669933319091797]
------------------------------------------------------------
No improvement for 6 epoch(s)

Reward: -0.01% (normalized: -0.00)

Epoch 13/100 | LR: 0.000997 | Time: 221.07s
Train Loss: 0.2378 | Train Acc: 93.63%
Val Loss: 0.7012 | Val Acc: 82.48%

Gradient Chain Statistics:
[PacaGradientChainManager - Gradient Chain Logs]
  Chains Built: True
  Number of Chains: 6
  Current Epoch: 12
  Selected Arms: [1, 2]
  Arm Means: [0.005647055804729462, -0.024000000208616257, 0.07138461619615555, 0.20799998939037323, 0.078823521733284, 0.05475860834121704]
  Arm Stds: [2.425356388092041, 3.3333334922790527, 2.77350115776062, 3.3333334922790527, 2.425356388092041, 1.8569533824920654]
  Arm Observation Counts: [4, 2, 3, 2, 4, 7]
  Last Sampled Values: [-0.5001256465911865, 8.47395133972168, 4.065135955810547, 3.3471946716308594, 3.141791582107544, 1.4487903118133545]
------------------------------------------------------------
No improvement for 7 epoch(s)
Early stopping triggered after 13 epochs.
Total training time: 2860.16 seconds
Average time per epoch: 220.01 seconds

============================================================
Training completed!
============================================================
Using device: cuda
============================================================
Vision Transformer Fine-tuning on CIFAR-100
Using Gradient Chain Selection (Ablation)
Num Arms: 6, Num Arms to Select: 3
============================================================
Using random seed: 7346

Loading dataset...
Files already downloaded and verified
Files already downloaded and verified
Dataset loaded: 50000 train samples, 10000 val samples
Number of classes: 100

Creating ViT model for 100 classes...

PEFT config: PacaConfig(peft_type=<PeftType.PACA: 'PACA'>, auto_mapping=None, base_model_name_or_path=None, revision=None, task_type=<TaskType.FEATURE_EXTRACTION: 'FEATURE_EXTRACTION'>, inference_mode=False, r=48, target_modules={'mlp.3', 'mlp.0', 'out_proj'}, paca_alpha=96, fan_in_fan_out=False, bias='all', modules_to_save=['head'], layers_to_transform=None, layers_pattern=None, rank_pattern={}, alpha_pattern={}, megatron_config=None, megatron_core='megatron.core', layer_replication=None, gradient_accumulation_steps=1, steps_per_epoch=782, arm_distribution='gradient_chain', num_arms=6, num_arms_to_select=3, ucb_alpha=0.5, use_fixed_indices=False, arm_selection_method='thompson', thompson_distribution='gaussian', thompson_alpha_prior=1.0, thompson_beta_prior=1.0, thompson_gaussian_prior_mean=0.0, thompson_gaussian_prior_std=10.0, thompson_gaussian_noise_std=5.0, gradient_chain_warmup_epochs=2, gradient_chain_num_samples=5)
Total parameters: 149,653,448
Trainable parameters: 2,757,320 (1.84%)
Frozen parameters: 146,896,128 (98.16%)

============================================================
Fine-tuning ViT using Gradient Chain Selection:
============================================================
Calculating initial validation accuracy...
Initial Val Acc: 1.14%

Reward: 0.00% (normalized: 0.00)
Gradient chain warmup: 1/2

Epoch 1/100 | LR: 0.000100 | Time: 218.95s
Train Loss: 4.6858 | Train Acc: 0.99%
Val Loss: 4.6812 | Val Acc: 1.14%

Gradient Chain Statistics:
[PacaGradientChainManager - Gradient Chain Logs]
  Chains Built: False
  Number of Chains: 0
  Current Epoch: 0
  Arm Means: [0.0, 0.0, 0.0, 0.0, 0.0, 0.0]
  Arm Stds: [10.0, 10.0, 10.0, 10.0, 10.0, 10.0]
  Arm Observation Counts: [0, 0, 0, 0, 0, 0]
------------------------------------------------------------

Reward: 73.51% (normalized: 7.35)

============================================================
Building Gradient Chains...
============================================================
Sampling 5 batches to estimate gradients...
  Batch 1/5 processed
  Batch 2/5 processed
  Batch 3/5 processed
  Batch 4/5 processed
  Batch 5/5 processed

Averaging gradients across batches...

Building 6 gradient chains...

Chain 0: Starting from neuron 8
  Layer 0 (encoder.layers.encoder_layer_0.mlp.0): input_col=8 -> output_neuron=2581 (grad=0.0020)
  Layer 1 (encoder.layers.encoder_layer_0.mlp.3): input_col=37 -> output_neuron=165 (grad=0.0031)
  Warning: No gradients for layer encoder.layers.encoder_layer_1.self_attention.out_proj, skipping
  Layer 3 (encoder.layers.encoder_layer_1.mlp.0): input_col=21 -> output_neuron=2977 (grad=0.0001)
  Layer 4 (encoder.layers.encoder_layer_1.mlp.3): input_col=1 -> output_neuron=679 (grad=0.0021)
  Warning: No gradients for layer encoder.layers.encoder_layer_2.self_attention.out_proj, skipping
  Layer 6 (encoder.layers.encoder_layer_2.mlp.0): input_col=7 -> output_neuron=1923 (grad=0.0011)
  Layer 7 (encoder.layers.encoder_layer_2.mlp.3): input_col=3 -> output_neuron=532 (grad=0.0022)
  Warning: No gradients for layer encoder.layers.encoder_layer_3.self_attention.out_proj, skipping
  Layer 9 (encoder.layers.encoder_layer_3.mlp.0): input_col=4 -> output_neuron=498 (grad=0.0056)
  Layer 10 (encoder.layers.encoder_layer_3.mlp.3): input_col=18 -> output_neuron=40 (grad=0.0009)
  Warning: No gradients for layer encoder.layers.encoder_layer_4.self_attention.out_proj, skipping
  Layer 12 (encoder.layers.encoder_layer_4.mlp.0): input_col=40 -> output_neuron=304 (grad=0.0038)
  Layer 13 (encoder.layers.encoder_layer_4.mlp.3): input_col=16 -> output_neuron=679 (grad=0.0019)
  Warning: No gradients for layer encoder.layers.encoder_layer_5.self_attention.out_proj, skipping
  Layer 15 (encoder.layers.encoder_layer_5.mlp.0): input_col=7 -> output_neuron=763 (grad=0.0009)
  Layer 16 (encoder.layers.encoder_layer_5.mlp.3): input_col=43 -> output_neuron=701 (grad=0.0046)
  Warning: No gradients for layer encoder.layers.encoder_layer_6.self_attention.out_proj, skipping
  Layer 18 (encoder.layers.encoder_layer_6.mlp.0): input_col=29 -> output_neuron=411 (grad=0.0113)
  Layer 19 (encoder.layers.encoder_layer_6.mlp.3): input_col=27 -> output_neuron=730 (grad=0.0017)
  Warning: No gradients for layer encoder.layers.encoder_layer_7.self_attention.out_proj, skipping
  Layer 21 (encoder.layers.encoder_layer_7.mlp.0): input_col=10 -> output_neuron=1293 (grad=0.0001)
  Layer 22 (encoder.layers.encoder_layer_7.mlp.3): input_col=45 -> output_neuron=110 (grad=0.0053)
  Warning: No gradients for layer encoder.layers.encoder_layer_8.self_attention.out_proj, skipping
  Layer 24 (encoder.layers.encoder_layer_8.mlp.0): input_col=14 -> output_neuron=1641 (grad=0.0098)
  Layer 25 (encoder.layers.encoder_layer_8.mlp.3): input_col=9 -> output_neuron=110 (grad=0.0030)
  Warning: No gradients for layer encoder.layers.encoder_layer_9.self_attention.out_proj, skipping
  Layer 27 (encoder.layers.encoder_layer_9.mlp.0): input_col=14 -> output_neuron=1825 (grad=0.0131)
  Layer 28 (encoder.layers.encoder_layer_9.mlp.3): input_col=1 -> output_neuron=519 (grad=0.0092)
  Warning: No gradients for layer encoder.layers.encoder_layer_10.self_attention.out_proj, skipping
  Layer 30 (encoder.layers.encoder_layer_10.mlp.0): input_col=39 -> output_neuron=2110 (grad=0.0138)
  Layer 31 (encoder.layers.encoder_layer_10.mlp.3): input_col=46 -> output_neuron=368 (grad=0.0073)
  Warning: No gradients for layer encoder.layers.encoder_layer_11.self_attention.out_proj, skipping
  Layer 33 (encoder.layers.encoder_layer_11.mlp.0): input_col=32 -> output_neuron=1089 (grad=0.0282)
  Layer 34 (encoder.layers.encoder_layer_11.mlp.3): input_col=33 -> output_neuron=701 (grad=0.0058)

Chain 1: Starting from neuron 11
  Layer 0 (encoder.layers.encoder_layer_0.mlp.0): input_col=11 -> output_neuron=2437 (grad=0.0001)
  Layer 1 (encoder.layers.encoder_layer_0.mlp.3): input_col=37 -> output_neuron=165 (grad=0.0031)
  Warning: No gradients for layer encoder.layers.encoder_layer_1.self_attention.out_proj, skipping
  Layer 3 (encoder.layers.encoder_layer_1.mlp.0): input_col=21 -> output_neuron=2977 (grad=0.0001)
  Layer 4 (encoder.layers.encoder_layer_1.mlp.3): input_col=1 -> output_neuron=679 (grad=0.0021)
  Warning: No gradients for layer encoder.layers.encoder_layer_2.self_attention.out_proj, skipping
  Layer 6 (encoder.layers.encoder_layer_2.mlp.0): input_col=7 -> output_neuron=1923 (grad=0.0011)
  Layer 7 (encoder.layers.encoder_layer_2.mlp.3): input_col=3 -> output_neuron=532 (grad=0.0022)
  Warning: No gradients for layer encoder.layers.encoder_layer_3.self_attention.out_proj, skipping
  Layer 9 (encoder.layers.encoder_layer_3.mlp.0): input_col=4 -> output_neuron=498 (grad=0.0056)
  Layer 10 (encoder.layers.encoder_layer_3.mlp.3): input_col=18 -> output_neuron=40 (grad=0.0009)
  Warning: No gradients for layer encoder.layers.encoder_layer_4.self_attention.out_proj, skipping
  Layer 12 (encoder.layers.encoder_layer_4.mlp.0): input_col=40 -> output_neuron=304 (grad=0.0038)
  Layer 13 (encoder.layers.encoder_layer_4.mlp.3): input_col=16 -> output_neuron=679 (grad=0.0019)
  Warning: No gradients for layer encoder.layers.encoder_layer_5.self_attention.out_proj, skipping
  Layer 15 (encoder.layers.encoder_layer_5.mlp.0): input_col=7 -> output_neuron=763 (grad=0.0009)
  Layer 16 (encoder.layers.encoder_layer_5.mlp.3): input_col=43 -> output_neuron=701 (grad=0.0046)
  Warning: No gradients for layer encoder.layers.encoder_layer_6.self_attention.out_proj, skipping
  Layer 18 (encoder.layers.encoder_layer_6.mlp.0): input_col=29 -> output_neuron=411 (grad=0.0113)
  Layer 19 (encoder.layers.encoder_layer_6.mlp.3): input_col=27 -> output_neuron=730 (grad=0.0017)
  Warning: No gradients for layer encoder.layers.encoder_layer_7.self_attention.out_proj, skipping
  Layer 21 (encoder.layers.encoder_layer_7.mlp.0): input_col=10 -> output_neuron=1293 (grad=0.0001)
  Layer 22 (encoder.layers.encoder_layer_7.mlp.3): input_col=45 -> output_neuron=110 (grad=0.0053)
  Warning: No gradients for layer encoder.layers.encoder_layer_8.self_attention.out_proj, skipping
  Layer 24 (encoder.layers.encoder_layer_8.mlp.0): input_col=14 -> output_neuron=1641 (grad=0.0098)
  Layer 25 (encoder.layers.encoder_layer_8.mlp.3): input_col=9 -> output_neuron=110 (grad=0.0030)
  Warning: No gradients for layer encoder.layers.encoder_layer_9.self_attention.out_proj, skipping
  Layer 27 (encoder.layers.encoder_layer_9.mlp.0): input_col=14 -> output_neuron=1825 (grad=0.0131)
  Layer 28 (encoder.layers.encoder_layer_9.mlp.3): input_col=1 -> output_neuron=519 (grad=0.0092)
  Warning: No gradients for layer encoder.layers.encoder_layer_10.self_attention.out_proj, skipping
  Layer 30 (encoder.layers.encoder_layer_10.mlp.0): input_col=39 -> output_neuron=2110 (grad=0.0138)
  Layer 31 (encoder.layers.encoder_layer_10.mlp.3): input_col=46 -> output_neuron=368 (grad=0.0073)
  Warning: No gradients for layer encoder.layers.encoder_layer_11.self_attention.out_proj, skipping
  Layer 33 (encoder.layers.encoder_layer_11.mlp.0): input_col=32 -> output_neuron=1089 (grad=0.0282)
  Layer 34 (encoder.layers.encoder_layer_11.mlp.3): input_col=33 -> output_neuron=701 (grad=0.0058)

Chain 2: Starting from neuron 9
  Layer 0 (encoder.layers.encoder_layer_0.mlp.0): input_col=9 -> output_neuron=2437 (grad=0.0002)
  Layer 1 (encoder.layers.encoder_layer_0.mlp.3): input_col=37 -> output_neuron=165 (grad=0.0031)
  Warning: No gradients for layer encoder.layers.encoder_layer_1.self_attention.out_proj, skipping
  Layer 3 (encoder.layers.encoder_layer_1.mlp.0): input_col=21 -> output_neuron=2977 (grad=0.0001)
  Layer 4 (encoder.layers.encoder_layer_1.mlp.3): input_col=1 -> output_neuron=679 (grad=0.0021)
  Warning: No gradients for layer encoder.layers.encoder_layer_2.self_attention.out_proj, skipping
  Layer 6 (encoder.layers.encoder_layer_2.mlp.0): input_col=7 -> output_neuron=1923 (grad=0.0011)
  Layer 7 (encoder.layers.encoder_layer_2.mlp.3): input_col=3 -> output_neuron=532 (grad=0.0022)
  Warning: No gradients for layer encoder.layers.encoder_layer_3.self_attention.out_proj, skipping
  Layer 9 (encoder.layers.encoder_layer_3.mlp.0): input_col=4 -> output_neuron=498 (grad=0.0056)
  Layer 10 (encoder.layers.encoder_layer_3.mlp.3): input_col=18 -> output_neuron=40 (grad=0.0009)
  Warning: No gradients for layer encoder.layers.encoder_layer_4.self_attention.out_proj, skipping
  Layer 12 (encoder.layers.encoder_layer_4.mlp.0): input_col=40 -> output_neuron=304 (grad=0.0038)
  Layer 13 (encoder.layers.encoder_layer_4.mlp.3): input_col=16 -> output_neuron=679 (grad=0.0019)
  Warning: No gradients for layer encoder.layers.encoder_layer_5.self_attention.out_proj, skipping
  Layer 15 (encoder.layers.encoder_layer_5.mlp.0): input_col=7 -> output_neuron=763 (grad=0.0009)
  Layer 16 (encoder.layers.encoder_layer_5.mlp.3): input_col=43 -> output_neuron=701 (grad=0.0046)
  Warning: No gradients for layer encoder.layers.encoder_layer_6.self_attention.out_proj, skipping
  Layer 18 (encoder.layers.encoder_layer_6.mlp.0): input_col=29 -> output_neuron=411 (grad=0.0113)
  Layer 19 (encoder.layers.encoder_layer_6.mlp.3): input_col=27 -> output_neuron=730 (grad=0.0017)
  Warning: No gradients for layer encoder.layers.encoder_layer_7.self_attention.out_proj, skipping
  Layer 21 (encoder.layers.encoder_layer_7.mlp.0): input_col=10 -> output_neuron=1293 (grad=0.0001)
  Layer 22 (encoder.layers.encoder_layer_7.mlp.3): input_col=45 -> output_neuron=110 (grad=0.0053)
  Warning: No gradients for layer encoder.layers.encoder_layer_8.self_attention.out_proj, skipping
  Layer 24 (encoder.layers.encoder_layer_8.mlp.0): input_col=14 -> output_neuron=1641 (grad=0.0098)
  Layer 25 (encoder.layers.encoder_layer_8.mlp.3): input_col=9 -> output_neuron=110 (grad=0.0030)
  Warning: No gradients for layer encoder.layers.encoder_layer_9.self_attention.out_proj, skipping
  Layer 27 (encoder.layers.encoder_layer_9.mlp.0): input_col=14 -> output_neuron=1825 (grad=0.0131)
  Layer 28 (encoder.layers.encoder_layer_9.mlp.3): input_col=1 -> output_neuron=519 (grad=0.0092)
  Warning: No gradients for layer encoder.layers.encoder_layer_10.self_attention.out_proj, skipping
  Layer 30 (encoder.layers.encoder_layer_10.mlp.0): input_col=39 -> output_neuron=2110 (grad=0.0138)
  Layer 31 (encoder.layers.encoder_layer_10.mlp.3): input_col=46 -> output_neuron=368 (grad=0.0073)
  Warning: No gradients for layer encoder.layers.encoder_layer_11.self_attention.out_proj, skipping
  Layer 33 (encoder.layers.encoder_layer_11.mlp.0): input_col=32 -> output_neuron=1089 (grad=0.0282)
  Layer 34 (encoder.layers.encoder_layer_11.mlp.3): input_col=33 -> output_neuron=701 (grad=0.0058)

Chain 3: Starting from neuron 13
  Layer 0 (encoder.layers.encoder_layer_0.mlp.0): input_col=13 -> output_neuron=2437 (grad=0.0005)
  Layer 1 (encoder.layers.encoder_layer_0.mlp.3): input_col=37 -> output_neuron=165 (grad=0.0031)
  Warning: No gradients for layer encoder.layers.encoder_layer_1.self_attention.out_proj, skipping
  Layer 3 (encoder.layers.encoder_layer_1.mlp.0): input_col=21 -> output_neuron=2977 (grad=0.0001)
  Layer 4 (encoder.layers.encoder_layer_1.mlp.3): input_col=1 -> output_neuron=679 (grad=0.0021)
  Warning: No gradients for layer encoder.layers.encoder_layer_2.self_attention.out_proj, skipping
  Layer 6 (encoder.layers.encoder_layer_2.mlp.0): input_col=7 -> output_neuron=1923 (grad=0.0011)
  Layer 7 (encoder.layers.encoder_layer_2.mlp.3): input_col=3 -> output_neuron=532 (grad=0.0022)
  Warning: No gradients for layer encoder.layers.encoder_layer_3.self_attention.out_proj, skipping
  Layer 9 (encoder.layers.encoder_layer_3.mlp.0): input_col=4 -> output_neuron=498 (grad=0.0056)
  Layer 10 (encoder.layers.encoder_layer_3.mlp.3): input_col=18 -> output_neuron=40 (grad=0.0009)
  Warning: No gradients for layer encoder.layers.encoder_layer_4.self_attention.out_proj, skipping
  Layer 12 (encoder.layers.encoder_layer_4.mlp.0): input_col=40 -> output_neuron=304 (grad=0.0038)
  Layer 13 (encoder.layers.encoder_layer_4.mlp.3): input_col=16 -> output_neuron=679 (grad=0.0019)
  Warning: No gradients for layer encoder.layers.encoder_layer_5.self_attention.out_proj, skipping
  Layer 15 (encoder.layers.encoder_layer_5.mlp.0): input_col=7 -> output_neuron=763 (grad=0.0009)
  Layer 16 (encoder.layers.encoder_layer_5.mlp.3): input_col=43 -> output_neuron=701 (grad=0.0046)
  Warning: No gradients for layer encoder.layers.encoder_layer_6.self_attention.out_proj, skipping
  Layer 18 (encoder.layers.encoder_layer_6.mlp.0): input_col=29 -> output_neuron=411 (grad=0.0113)
  Layer 19 (encoder.layers.encoder_layer_6.mlp.3): input_col=27 -> output_neuron=730 (grad=0.0017)
  Warning: No gradients for layer encoder.layers.encoder_layer_7.self_attention.out_proj, skipping
  Layer 21 (encoder.layers.encoder_layer_7.mlp.0): input_col=10 -> output_neuron=1293 (grad=0.0001)
  Layer 22 (encoder.layers.encoder_layer_7.mlp.3): input_col=45 -> output_neuron=110 (grad=0.0053)
  Warning: No gradients for layer encoder.layers.encoder_layer_8.self_attention.out_proj, skipping
  Layer 24 (encoder.layers.encoder_layer_8.mlp.0): input_col=14 -> output_neuron=1641 (grad=0.0098)
  Layer 25 (encoder.layers.encoder_layer_8.mlp.3): input_col=9 -> output_neuron=110 (grad=0.0030)
  Warning: No gradients for layer encoder.layers.encoder_layer_9.self_attention.out_proj, skipping
  Layer 27 (encoder.layers.encoder_layer_9.mlp.0): input_col=14 -> output_neuron=1825 (grad=0.0131)
  Layer 28 (encoder.layers.encoder_layer_9.mlp.3): input_col=1 -> output_neuron=519 (grad=0.0092)
  Warning: No gradients for layer encoder.layers.encoder_layer_10.self_attention.out_proj, skipping
  Layer 30 (encoder.layers.encoder_layer_10.mlp.0): input_col=39 -> output_neuron=2110 (grad=0.0138)
  Layer 31 (encoder.layers.encoder_layer_10.mlp.3): input_col=46 -> output_neuron=368 (grad=0.0073)
  Warning: No gradients for layer encoder.layers.encoder_layer_11.self_attention.out_proj, skipping
  Layer 33 (encoder.layers.encoder_layer_11.mlp.0): input_col=32 -> output_neuron=1089 (grad=0.0282)
  Layer 34 (encoder.layers.encoder_layer_11.mlp.3): input_col=33 -> output_neuron=701 (grad=0.0058)

Chain 4: Starting from neuron 14
  Layer 0 (encoder.layers.encoder_layer_0.mlp.0): input_col=14 -> output_neuron=2437 (grad=0.0004)
  Layer 1 (encoder.layers.encoder_layer_0.mlp.3): input_col=37 -> output_neuron=165 (grad=0.0031)
  Warning: No gradients for layer encoder.layers.encoder_layer_1.self_attention.out_proj, skipping
  Layer 3 (encoder.layers.encoder_layer_1.mlp.0): input_col=21 -> output_neuron=2977 (grad=0.0001)
  Layer 4 (encoder.layers.encoder_layer_1.mlp.3): input_col=1 -> output_neuron=679 (grad=0.0021)
  Warning: No gradients for layer encoder.layers.encoder_layer_2.self_attention.out_proj, skipping
  Layer 6 (encoder.layers.encoder_layer_2.mlp.0): input_col=7 -> output_neuron=1923 (grad=0.0011)
  Layer 7 (encoder.layers.encoder_layer_2.mlp.3): input_col=3 -> output_neuron=532 (grad=0.0022)
  Warning: No gradients for layer encoder.layers.encoder_layer_3.self_attention.out_proj, skipping
  Layer 9 (encoder.layers.encoder_layer_3.mlp.0): input_col=4 -> output_neuron=498 (grad=0.0056)
  Layer 10 (encoder.layers.encoder_layer_3.mlp.3): input_col=18 -> output_neuron=40 (grad=0.0009)
  Warning: No gradients for layer encoder.layers.encoder_layer_4.self_attention.out_proj, skipping
  Layer 12 (encoder.layers.encoder_layer_4.mlp.0): input_col=40 -> output_neuron=304 (grad=0.0038)
  Layer 13 (encoder.layers.encoder_layer_4.mlp.3): input_col=16 -> output_neuron=679 (grad=0.0019)
  Warning: No gradients for layer encoder.layers.encoder_layer_5.self_attention.out_proj, skipping
  Layer 15 (encoder.layers.encoder_layer_5.mlp.0): input_col=7 -> output_neuron=763 (grad=0.0009)
  Layer 16 (encoder.layers.encoder_layer_5.mlp.3): input_col=43 -> output_neuron=701 (grad=0.0046)
  Warning: No gradients for layer encoder.layers.encoder_layer_6.self_attention.out_proj, skipping
  Layer 18 (encoder.layers.encoder_layer_6.mlp.0): input_col=29 -> output_neuron=411 (grad=0.0113)
  Layer 19 (encoder.layers.encoder_layer_6.mlp.3): input_col=27 -> output_neuron=730 (grad=0.0017)
  Warning: No gradients for layer encoder.layers.encoder_layer_7.self_attention.out_proj, skipping
  Layer 21 (encoder.layers.encoder_layer_7.mlp.0): input_col=10 -> output_neuron=1293 (grad=0.0001)
  Layer 22 (encoder.layers.encoder_layer_7.mlp.3): input_col=45 -> output_neuron=110 (grad=0.0053)
  Warning: No gradients for layer encoder.layers.encoder_layer_8.self_attention.out_proj, skipping
  Layer 24 (encoder.layers.encoder_layer_8.mlp.0): input_col=14 -> output_neuron=1641 (grad=0.0098)
  Layer 25 (encoder.layers.encoder_layer_8.mlp.3): input_col=9 -> output_neuron=110 (grad=0.0030)
  Warning: No gradients for layer encoder.layers.encoder_layer_9.self_attention.out_proj, skipping
  Layer 27 (encoder.layers.encoder_layer_9.mlp.0): input_col=14 -> output_neuron=1825 (grad=0.0131)
  Layer 28 (encoder.layers.encoder_layer_9.mlp.3): input_col=1 -> output_neuron=519 (grad=0.0092)
  Warning: No gradients for layer encoder.layers.encoder_layer_10.self_attention.out_proj, skipping
  Layer 30 (encoder.layers.encoder_layer_10.mlp.0): input_col=39 -> output_neuron=2110 (grad=0.0138)
  Layer 31 (encoder.layers.encoder_layer_10.mlp.3): input_col=46 -> output_neuron=368 (grad=0.0073)
  Warning: No gradients for layer encoder.layers.encoder_layer_11.self_attention.out_proj, skipping
  Layer 33 (encoder.layers.encoder_layer_11.mlp.0): input_col=32 -> output_neuron=1089 (grad=0.0282)
  Layer 34 (encoder.layers.encoder_layer_11.mlp.3): input_col=33 -> output_neuron=701 (grad=0.0058)

Chain 5: Starting from neuron 35
  Layer 0 (encoder.layers.encoder_layer_0.mlp.0): input_col=35 -> output_neuron=2437 (grad=0.0004)
  Layer 1 (encoder.layers.encoder_layer_0.mlp.3): input_col=37 -> output_neuron=165 (grad=0.0031)
  Warning: No gradients for layer encoder.layers.encoder_layer_1.self_attention.out_proj, skipping
  Layer 3 (encoder.layers.encoder_layer_1.mlp.0): input_col=21 -> output_neuron=2977 (grad=0.0001)
  Layer 4 (encoder.layers.encoder_layer_1.mlp.3): input_col=1 -> output_neuron=679 (grad=0.0021)
  Warning: No gradients for layer encoder.layers.encoder_layer_2.self_attention.out_proj, skipping
  Layer 6 (encoder.layers.encoder_layer_2.mlp.0): input_col=7 -> output_neuron=1923 (grad=0.0011)
  Layer 7 (encoder.layers.encoder_layer_2.mlp.3): input_col=3 -> output_neuron=532 (grad=0.0022)
  Warning: No gradients for layer encoder.layers.encoder_layer_3.self_attention.out_proj, skipping
  Layer 9 (encoder.layers.encoder_layer_3.mlp.0): input_col=4 -> output_neuron=498 (grad=0.0056)
  Layer 10 (encoder.layers.encoder_layer_3.mlp.3): input_col=18 -> output_neuron=40 (grad=0.0009)
  Warning: No gradients for layer encoder.layers.encoder_layer_4.self_attention.out_proj, skipping
  Layer 12 (encoder.layers.encoder_layer_4.mlp.0): input_col=40 -> output_neuron=304 (grad=0.0038)
  Layer 13 (encoder.layers.encoder_layer_4.mlp.3): input_col=16 -> output_neuron=679 (grad=0.0019)
  Warning: No gradients for layer encoder.layers.encoder_layer_5.self_attention.out_proj, skipping
  Layer 15 (encoder.layers.encoder_layer_5.mlp.0): input_col=7 -> output_neuron=763 (grad=0.0009)
  Layer 16 (encoder.layers.encoder_layer_5.mlp.3): input_col=43 -> output_neuron=701 (grad=0.0046)
  Warning: No gradients for layer encoder.layers.encoder_layer_6.self_attention.out_proj, skipping
  Layer 18 (encoder.layers.encoder_layer_6.mlp.0): input_col=29 -> output_neuron=411 (grad=0.0113)
  Layer 19 (encoder.layers.encoder_layer_6.mlp.3): input_col=27 -> output_neuron=730 (grad=0.0017)
  Warning: No gradients for layer encoder.layers.encoder_layer_7.self_attention.out_proj, skipping
  Layer 21 (encoder.layers.encoder_layer_7.mlp.0): input_col=10 -> output_neuron=1293 (grad=0.0001)
  Layer 22 (encoder.layers.encoder_layer_7.mlp.3): input_col=45 -> output_neuron=110 (grad=0.0053)
  Warning: No gradients for layer encoder.layers.encoder_layer_8.self_attention.out_proj, skipping
  Layer 24 (encoder.layers.encoder_layer_8.mlp.0): input_col=14 -> output_neuron=1641 (grad=0.0098)
  Layer 25 (encoder.layers.encoder_layer_8.mlp.3): input_col=9 -> output_neuron=110 (grad=0.0030)
  Warning: No gradients for layer encoder.layers.encoder_layer_9.self_attention.out_proj, skipping
  Layer 27 (encoder.layers.encoder_layer_9.mlp.0): input_col=14 -> output_neuron=1825 (grad=0.0131)
  Layer 28 (encoder.layers.encoder_layer_9.mlp.3): input_col=1 -> output_neuron=519 (grad=0.0092)
  Warning: No gradients for layer encoder.layers.encoder_layer_10.self_attention.out_proj, skipping
  Layer 30 (encoder.layers.encoder_layer_10.mlp.0): input_col=39 -> output_neuron=2110 (grad=0.0138)
  Layer 31 (encoder.layers.encoder_layer_10.mlp.3): input_col=46 -> output_neuron=368 (grad=0.0073)
  Warning: No gradients for layer encoder.layers.encoder_layer_11.self_attention.out_proj, skipping
  Layer 33 (encoder.layers.encoder_layer_11.mlp.0): input_col=32 -> output_neuron=1089 (grad=0.0282)
  Layer 34 (encoder.layers.encoder_layer_11.mlp.3): input_col=33 -> output_neuron=701 (grad=0.0058)

============================================================
✓ Successfully built 6 gradient chains
============================================================

Epoch 2/100 | LR: 0.000200 | Time: 220.93s
Train Loss: 2.4906 | Train Acc: 51.83%
Val Loss: 1.3298 | Val Acc: 74.65%

Gradient Chain Statistics:
[PacaGradientChainManager - Gradient Chain Logs]
  Chains Built: True
  Number of Chains: 6
  Current Epoch: 1
  Selected Arms: [5, 4, 2]
  Arm Means: [0.0, 0.0, 0.0, 0.0, 0.0, 0.0]
  Arm Stds: [10.0, 10.0, 10.0, 10.0, 10.0, 10.0]
  Arm Observation Counts: [0, 0, 0, 0, 0, 0]
  Last Sampled Values: [3.7397310733795166, -12.560909271240234, 4.561419486999512, -1.6752502918243408, 6.660055637359619, 7.69713020324707]
------------------------------------------------------------

Reward: 6.98% (normalized: 0.70)

Epoch 3/100 | LR: 0.000300 | Time: 219.44s
Train Loss: 0.9876 | Train Acc: 79.96%
Val Loss: 0.8272 | Val Acc: 81.63%

Gradient Chain Statistics:
[PacaGradientChainManager - Gradient Chain Logs]
  Chains Built: True
  Number of Chains: 6
  Current Epoch: 2
  Selected Arms: [5, 2, 1]
  Arm Means: [0.0, 0.0, 0.5583999752998352, 0.0, 0.5583999752998352, 0.5583999752998352]
  Arm Stds: [10.0, 10.0, 4.4721360206604, 10.0, 4.4721360206604, 4.4721360206604]
  Arm Observation Counts: [0, 0, 1, 0, 1, 1]
  Last Sampled Values: [1.0386993885040283, 3.1535913944244385, 5.436474800109863, -2.508615016937256, -3.3118174076080322, 14.869669914245605]
------------------------------------------------------------

Reward: 1.82% (normalized: 0.18)

Epoch 4/100 | LR: 0.000400 | Time: 219.60s
Train Loss: 0.6274 | Train Acc: 85.98%
Val Loss: 0.6702 | Val Acc: 83.45%

Gradient Chain Statistics:
[PacaGradientChainManager - Gradient Chain Logs]
  Chains Built: True
  Number of Chains: 6
  Current Epoch: 3
  Selected Arms: [4, 3, 5]
  Arm Means: [0.0, 0.14560000598430634, 0.3911111056804657, 0.0, 0.5583999752998352, 0.3911111056804657]
  Arm Stds: [10.0, 4.4721360206604, 3.3333334922790527, 10.0, 4.4721360206604, 3.3333334922790527]
  Arm Observation Counts: [0, 1, 2, 0, 1, 2]
  Last Sampled Values: [-4.757430553436279, -11.281658172607422, -0.43432989716529846, 6.128024578094482, 8.342093467712402, 1.2008637189865112]
------------------------------------------------------------

Reward: 1.12% (normalized: 0.11)

Epoch 5/100 | LR: 0.000500 | Time: 219.54s
Train Loss: 0.4498 | Train Acc: 89.41%
Val Loss: 0.5879 | Val Acc: 84.57%

Gradient Chain Statistics:
[PacaGradientChainManager - Gradient Chain Logs]
  Chains Built: True
  Number of Chains: 6
  Current Epoch: 4
  Selected Arms: [3, 0, 5]
  Arm Means: [0.0, 0.14560000598430634, 0.3911111056804657, 0.08959999680519104, 0.35999998450279236, 0.3052307665348053]
  Arm Stds: [10.0, 4.4721360206604, 3.3333334922790527, 4.4721360206604, 3.3333334922790527, 2.77350115776062]
  Arm Observation Counts: [0, 1, 2, 1, 2, 3]
  Last Sampled Values: [1.7098087072372437, 0.2907586991786957, 0.3355959355831146, 5.106179714202881, -0.4529675543308258, 1.0556691884994507]
------------------------------------------------------------

Reward: 0.26% (normalized: 0.03)

Epoch 6/100 | LR: 0.000600 | Time: 219.76s
Train Loss: 0.3404 | Train Acc: 91.68%
Val Loss: 0.5819 | Val Acc: 84.83%

Gradient Chain Statistics:
[PacaGradientChainManager - Gradient Chain Logs]
  Chains Built: True
  Number of Chains: 6
  Current Epoch: 5
  Selected Arms: [3, 0, 5]
  Arm Means: [0.020800000056624413, 0.14560000598430634, 0.3911111056804657, 0.06133333221077919, 0.35999998450279236, 0.23952940106391907]
  Arm Stds: [4.4721360206604, 4.4721360206604, 3.3333334922790527, 3.3333334922790527, 3.3333334922790527, 2.425356388092041]
  Arm Observation Counts: [1, 1, 2, 2, 2, 4]
  Last Sampled Values: [1.9141219854354858, -5.134427547454834, -2.140179395675659, 4.329222202301025, -0.9047338962554932, -0.20780619978904724]
------------------------------------------------------------

Reward: -0.14% (normalized: -0.01)

Epoch 7/100 | LR: 0.000700 | Time: 219.74s
Train Loss: 0.2889 | Train Acc: 92.79%
Val Loss: 0.6090 | Val Acc: 84.69%

Gradient Chain Statistics:
[PacaGradientChainManager - Gradient Chain Logs]
  Chains Built: True
  Number of Chains: 6
  Current Epoch: 6
  Selected Arms: [5, 3, 2]
  Arm Means: [0.005333333276212215, 0.14560000598430634, 0.3911111056804657, 0.038153842091560364, 0.35999998450279236, 0.19123807549476624]
  Arm Stds: [3.3333334922790527, 4.4721360206604, 3.3333334922790527, 2.77350115776062, 3.3333334922790527, 2.1821789741516113]
  Arm Observation Counts: [2, 1, 2, 3, 2, 5]
  Last Sampled Values: [-1.8552920818328857, -2.6470131874084473, -0.8971589803695679, 0.6319994926452637, -6.438426494598389, 1.8430839776992798]
------------------------------------------------------------
No improvement for 1 epoch(s)

Reward: 0.14% (normalized: 0.01)

Epoch 8/100 | LR: 0.000800 | Time: 219.53s
Train Loss: 0.2690 | Train Acc: 93.11%
Val Loss: 0.5943 | Val Acc: 84.83%

Gradient Chain Statistics:
[PacaGradientChainManager - Gradient Chain Logs]
  Chains Built: True
  Number of Chains: 6
  Current Epoch: 7
  Selected Arms: [1, 2, 0]
  Arm Means: [0.005333333276212215, 0.14560000598430634, 0.2750769257545471, 0.03247058391571045, 0.35999998450279236, 0.16287998855113983]
  Arm Stds: [3.3333334922790527, 4.4721360206604, 2.77350115776062, 2.425356388092041, 3.3333334922790527, 2.0]
  Arm Observation Counts: [2, 1, 3, 4, 2, 6]
  Last Sampled Values: [3.606215476989746, 4.273863315582275, 3.9310052394866943, 3.009495735168457, -3.191237449645996, 0.6130803227424622]
------------------------------------------------------------
No improvement for 2 epoch(s)

Reward: -1.26% (normalized: -0.13)

Epoch 9/100 | LR: 0.000900 | Time: 219.56s
Train Loss: 0.2661 | Train Acc: 93.08%
Val Loss: 0.6357 | Val Acc: 83.57%

Gradient Chain Statistics:
[PacaGradientChainManager - Gradient Chain Logs]
  Chains Built: True
  Number of Chains: 6
  Current Epoch: 8
  Selected Arms: [5, 3, 4]
  Arm Means: [-0.03507692739367485, 0.024888889864087105, 0.18070587515830994, 0.03247058391571045, 0.35999998450279236, 0.16287998855113983]
  Arm Stds: [2.77350115776062, 3.3333334922790527, 2.425356388092041, 2.425356388092041, 3.3333334922790527, 2.0]
  Arm Observation Counts: [3, 2, 4, 4, 2, 6]
  Last Sampled Values: [-5.691751956939697, -2.9013943672180176, -2.2450499534606934, 2.785953998565674, -0.2507587969303131, 3.2583813667297363]
------------------------------------------------------------
No improvement for 3 epoch(s)

Reward: -0.62% (normalized: -0.06)

Epoch 10/100 | LR: 0.001000 | Time: 219.62s
Train Loss: 0.2559 | Train Acc: 93.31%
Val Loss: 0.6682 | Val Acc: 82.95%

Gradient Chain Statistics:
[PacaGradientChainManager - Gradient Chain Logs]
  Chains Built: True
  Number of Chains: 6
  Current Epoch: 9
  Selected Arms: [3, 5, 1]
  Arm Means: [-0.03507692739367485, 0.024888889864087105, 0.18070587515830994, 0.014476185664534569, 0.23015382885932922, 0.13186205923557281]
  Arm Stds: [2.77350115776062, 3.3333334922790527, 2.425356388092041, 2.1821789741516113, 2.77350115776062, 1.8569533824920654]
  Arm Observation Counts: [3, 2, 4, 5, 3, 7]
  Last Sampled Values: [-2.120516061782837, -1.1576175689697266, -1.5974483489990234, -0.5097760558128357, -6.82495641708374, -0.6864240169525146]
------------------------------------------------------------
No improvement for 4 epoch(s)

Reward: -0.22% (normalized: -0.02)

Epoch 11/100 | LR: 0.001000 | Time: 220.93s
Train Loss: 0.2641 | Train Acc: 93.07%
Val Loss: 0.6831 | Val Acc: 82.73%

Gradient Chain Statistics:
[PacaGradientChainManager - Gradient Chain Logs]
  Chains Built: True
  Number of Chains: 6
  Current Epoch: 10
  Selected Arms: [2, 4, 5]
  Arm Means: [-0.03507692739367485, 0.010461538098752499, 0.18070587515830994, 0.008639995940029621, 0.23015382885932922, 0.11321211606264114]
  Arm Stds: [2.77350115776062, 2.77350115776062, 2.425356388092041, 2.0, 2.77350115776062, 1.740776538848877]
  Arm Observation Counts: [3, 3, 4, 6, 3, 8]
  Last Sampled Values: [-5.713596343994141, -2.482306480407715, 1.4873894453048706, 0.8985971808433533, 1.313117265701294, 1.225110650062561]
------------------------------------------------------------
No improvement for 5 epoch(s)

Reward: 0.07% (normalized: 0.01)

Epoch 12/100 | LR: 0.000999 | Time: 220.87s
Train Loss: 0.2553 | Train Acc: 93.26%
Val Loss: 0.6783 | Val Acc: 82.80%

Gradient Chain Statistics:
[PacaGradientChainManager - Gradient Chain Logs]
  Chains Built: True
  Number of Chains: 6
  Current Epoch: 11
  Selected Arms: [3, 5, 4]
  Arm Means: [-0.03507692739367485, 0.010461538098752499, 0.14761903882026672, 0.008639995940029621, 0.17764703929424286, 0.10172972828149796]
  Arm Stds: [2.77350115776062, 2.77350115776062, 2.1821789741516113, 2.0, 2.425356388092041, 1.64398992061615]
  Arm Observation Counts: [3, 3, 5, 6, 4, 9]
  Last Sampled Values: [0.1877232939004898, 0.181351900100708, -0.6396477222442627, 2.135814666748047, 0.7882082462310791, 1.4333521127700806]
------------------------------------------------------------
No improvement for 6 epoch(s)

Reward: 0.41% (normalized: 0.04)

Epoch 13/100 | LR: 0.000997 | Time: 220.79s
Train Loss: 0.2451 | Train Acc: 93.49%
Val Loss: 0.6593 | Val Acc: 83.21%

Gradient Chain Statistics:
[PacaGradientChainManager - Gradient Chain Logs]
  Chains Built: True
  Number of Chains: 6
  Current Epoch: 12
  Selected Arms: [0, 5, 1]
  Arm Means: [-0.03507692739367485, 0.010461538098752499, 0.14761903882026672, 0.013103445060551167, 0.15161903202533722, 0.09580487757921219]
  Arm Stds: [2.77350115776062, 2.77350115776062, 2.1821789741516113, 1.8569533824920654, 2.1821789741516113, 1.5617376565933228]
  Arm Observation Counts: [3, 3, 5, 7, 5, 10]
  Last Sampled Values: [2.1943960189819336, 1.4081312417984009, 1.2883104085922241, -1.0681127309799194, -0.280428409576416, 1.639018177986145]
------------------------------------------------------------
No improvement for 7 epoch(s)
Early stopping triggered after 13 epochs.
Total training time: 2859.25 seconds
Average time per epoch: 219.94 seconds

============================================================
Training completed!
============================================================
Using device: cuda
============================================================
Vision Transformer Fine-tuning on CIFAR-100
Using Gradient Chain Selection (Ablation)
Num Arms: 6, Num Arms to Select: 4
============================================================
Using random seed: 1050

Loading dataset...
Files already downloaded and verified
Files already downloaded and verified
Dataset loaded: 50000 train samples, 10000 val samples
Number of classes: 100

Creating ViT model for 100 classes...

PEFT config: PacaConfig(peft_type=<PeftType.PACA: 'PACA'>, auto_mapping=None, base_model_name_or_path=None, revision=None, task_type=<TaskType.FEATURE_EXTRACTION: 'FEATURE_EXTRACTION'>, inference_mode=False, r=48, target_modules={'mlp.0', 'out_proj', 'mlp.3'}, paca_alpha=96, fan_in_fan_out=False, bias='all', modules_to_save=['head'], layers_to_transform=None, layers_pattern=None, rank_pattern={}, alpha_pattern={}, megatron_config=None, megatron_core='megatron.core', layer_replication=None, gradient_accumulation_steps=1, steps_per_epoch=782, arm_distribution='gradient_chain', num_arms=6, num_arms_to_select=4, ucb_alpha=0.5, use_fixed_indices=False, arm_selection_method='thompson', thompson_distribution='gaussian', thompson_alpha_prior=1.0, thompson_beta_prior=1.0, thompson_gaussian_prior_mean=0.0, thompson_gaussian_prior_std=10.0, thompson_gaussian_noise_std=5.0, gradient_chain_warmup_epochs=2, gradient_chain_num_samples=5)
Total parameters: 149,653,448
Trainable parameters: 2,757,320 (1.84%)
Frozen parameters: 146,896,128 (98.16%)

============================================================
Fine-tuning ViT using Gradient Chain Selection:
============================================================
Calculating initial validation accuracy...
Initial Val Acc: 0.67%

Reward: 0.00% (normalized: 0.00)
Gradient chain warmup: 1/2

Epoch 1/100 | LR: 0.000100 | Time: 219.02s
Train Loss: 4.6706 | Train Acc: 0.91%
Val Loss: 4.6707 | Val Acc: 0.67%

Gradient Chain Statistics:
[PacaGradientChainManager - Gradient Chain Logs]
  Chains Built: False
  Number of Chains: 0
  Current Epoch: 0
  Arm Means: [0.0, 0.0, 0.0, 0.0, 0.0, 0.0]
  Arm Stds: [10.0, 10.0, 10.0, 10.0, 10.0, 10.0]
  Arm Observation Counts: [0, 0, 0, 0, 0, 0]
------------------------------------------------------------

Reward: 73.55% (normalized: 7.35)

============================================================
Building Gradient Chains...
============================================================
Sampling 5 batches to estimate gradients...
  Batch 1/5 processed
  Batch 2/5 processed
  Batch 3/5 processed
  Batch 4/5 processed
  Batch 5/5 processed

Averaging gradients across batches...

Building 6 gradient chains...

Chain 0: Starting from neuron 2
  Layer 0 (encoder.layers.encoder_layer_0.mlp.0): input_col=2 -> output_neuron=2437 (grad=0.0005)
  Layer 1 (encoder.layers.encoder_layer_0.mlp.3): input_col=37 -> output_neuron=52 (grad=0.0007)
  Warning: No gradients for layer encoder.layers.encoder_layer_1.self_attention.out_proj, skipping
  Layer 3 (encoder.layers.encoder_layer_1.mlp.0): input_col=4 -> output_neuron=2176 (grad=0.0001)
  Layer 4 (encoder.layers.encoder_layer_1.mlp.3): input_col=16 -> output_neuron=52 (grad=0.0055)
  Warning: No gradients for layer encoder.layers.encoder_layer_2.self_attention.out_proj, skipping
  Layer 6 (encoder.layers.encoder_layer_2.mlp.0): input_col=4 -> output_neuron=645 (grad=0.0018)
  Layer 7 (encoder.layers.encoder_layer_2.mlp.3): input_col=21 -> output_neuron=726 (grad=0.0011)
  Warning: No gradients for layer encoder.layers.encoder_layer_3.self_attention.out_proj, skipping
  Layer 9 (encoder.layers.encoder_layer_3.mlp.0): input_col=6 -> output_neuron=498 (grad=0.0091)
  Layer 10 (encoder.layers.encoder_layer_3.mlp.3): input_col=18 -> output_neuron=341 (grad=0.0022)
  Warning: No gradients for layer encoder.layers.encoder_layer_4.self_attention.out_proj, skipping
  Layer 12 (encoder.layers.encoder_layer_4.mlp.0): input_col=5 -> output_neuron=2450 (grad=0.0014)
  Layer 13 (encoder.layers.encoder_layer_4.mlp.3): input_col=2 -> output_neuron=279 (grad=0.0015)
  Warning: No gradients for layer encoder.layers.encoder_layer_5.self_attention.out_proj, skipping
  Layer 15 (encoder.layers.encoder_layer_5.mlp.0): input_col=39 -> output_neuron=2901 (grad=0.0002)
  Layer 16 (encoder.layers.encoder_layer_5.mlp.3): input_col=21 -> output_neuron=279 (grad=0.0012)
  Warning: No gradients for layer encoder.layers.encoder_layer_6.self_attention.out_proj, skipping
  Layer 18 (encoder.layers.encoder_layer_6.mlp.0): input_col=39 -> output_neuron=411 (grad=0.0191)
  Layer 19 (encoder.layers.encoder_layer_6.mlp.3): input_col=27 -> output_neuron=520 (grad=0.0026)
  Warning: No gradients for layer encoder.layers.encoder_layer_7.self_attention.out_proj, skipping
  Layer 21 (encoder.layers.encoder_layer_7.mlp.0): input_col=40 -> output_neuron=921 (grad=0.0091)
  Layer 22 (encoder.layers.encoder_layer_7.mlp.3): input_col=9 -> output_neuron=121 (grad=0.0015)
  Warning: No gradients for layer encoder.layers.encoder_layer_8.self_attention.out_proj, skipping
  Layer 24 (encoder.layers.encoder_layer_8.mlp.0): input_col=25 -> output_neuron=1238 (grad=0.0096)
  Layer 25 (encoder.layers.encoder_layer_8.mlp.3): input_col=38 -> output_neuron=520 (grad=0.0029)
  Warning: No gradients for layer encoder.layers.encoder_layer_9.self_attention.out_proj, skipping
  Layer 27 (encoder.layers.encoder_layer_9.mlp.0): input_col=40 -> output_neuron=324 (grad=0.0081)
  Layer 28 (encoder.layers.encoder_layer_9.mlp.3): input_col=36 -> output_neuron=520 (grad=0.0040)
  Warning: No gradients for layer encoder.layers.encoder_layer_10.self_attention.out_proj, skipping
  Layer 30 (encoder.layers.encoder_layer_10.mlp.0): input_col=40 -> output_neuron=1327 (grad=0.0276)
  Layer 31 (encoder.layers.encoder_layer_10.mlp.3): input_col=31 -> output_neuron=520 (grad=0.0042)
  Warning: No gradients for layer encoder.layers.encoder_layer_11.self_attention.out_proj, skipping
  Layer 33 (encoder.layers.encoder_layer_11.mlp.0): input_col=40 -> output_neuron=1139 (grad=0.0040)
  Layer 34 (encoder.layers.encoder_layer_11.mlp.3): input_col=35 -> output_neuron=387 (grad=0.0062)

Chain 1: Starting from neuron 30
  Layer 0 (encoder.layers.encoder_layer_0.mlp.0): input_col=30 -> output_neuron=1762 (grad=0.0003)
  Layer 1 (encoder.layers.encoder_layer_0.mlp.3): input_col=34 -> output_neuron=298 (grad=0.0039)
  Warning: No gradients for layer encoder.layers.encoder_layer_1.self_attention.out_proj, skipping
  Layer 3 (encoder.layers.encoder_layer_1.mlp.0): input_col=10 -> output_neuron=180 (grad=0.0008)
  Layer 4 (encoder.layers.encoder_layer_1.mlp.3): input_col=36 -> output_neuron=347 (grad=0.0015)
  Warning: No gradients for layer encoder.layers.encoder_layer_2.self_attention.out_proj, skipping
  Layer 6 (encoder.layers.encoder_layer_2.mlp.0): input_col=11 -> output_neuron=645 (grad=0.0001)
  Layer 7 (encoder.layers.encoder_layer_2.mlp.3): input_col=21 -> output_neuron=726 (grad=0.0011)
  Warning: No gradients for layer encoder.layers.encoder_layer_3.self_attention.out_proj, skipping
  Layer 9 (encoder.layers.encoder_layer_3.mlp.0): input_col=6 -> output_neuron=498 (grad=0.0091)
  Layer 10 (encoder.layers.encoder_layer_3.mlp.3): input_col=18 -> output_neuron=341 (grad=0.0022)
  Warning: No gradients for layer encoder.layers.encoder_layer_4.self_attention.out_proj, skipping
  Layer 12 (encoder.layers.encoder_layer_4.mlp.0): input_col=5 -> output_neuron=2450 (grad=0.0014)
  Layer 13 (encoder.layers.encoder_layer_4.mlp.3): input_col=2 -> output_neuron=279 (grad=0.0015)
  Warning: No gradients for layer encoder.layers.encoder_layer_5.self_attention.out_proj, skipping
  Layer 15 (encoder.layers.encoder_layer_5.mlp.0): input_col=39 -> output_neuron=2901 (grad=0.0002)
  Layer 16 (encoder.layers.encoder_layer_5.mlp.3): input_col=21 -> output_neuron=279 (grad=0.0012)
  Warning: No gradients for layer encoder.layers.encoder_layer_6.self_attention.out_proj, skipping
  Layer 18 (encoder.layers.encoder_layer_6.mlp.0): input_col=39 -> output_neuron=411 (grad=0.0191)
  Layer 19 (encoder.layers.encoder_layer_6.mlp.3): input_col=27 -> output_neuron=520 (grad=0.0026)
  Warning: No gradients for layer encoder.layers.encoder_layer_7.self_attention.out_proj, skipping
  Layer 21 (encoder.layers.encoder_layer_7.mlp.0): input_col=40 -> output_neuron=921 (grad=0.0091)
  Layer 22 (encoder.layers.encoder_layer_7.mlp.3): input_col=9 -> output_neuron=121 (grad=0.0015)
  Warning: No gradients for layer encoder.layers.encoder_layer_8.self_attention.out_proj, skipping
  Layer 24 (encoder.layers.encoder_layer_8.mlp.0): input_col=25 -> output_neuron=1238 (grad=0.0096)
  Layer 25 (encoder.layers.encoder_layer_8.mlp.3): input_col=38 -> output_neuron=520 (grad=0.0029)
  Warning: No gradients for layer encoder.layers.encoder_layer_9.self_attention.out_proj, skipping
  Layer 27 (encoder.layers.encoder_layer_9.mlp.0): input_col=40 -> output_neuron=324 (grad=0.0081)
  Layer 28 (encoder.layers.encoder_layer_9.mlp.3): input_col=36 -> output_neuron=520 (grad=0.0040)
  Warning: No gradients for layer encoder.layers.encoder_layer_10.self_attention.out_proj, skipping
  Layer 30 (encoder.layers.encoder_layer_10.mlp.0): input_col=40 -> output_neuron=1327 (grad=0.0276)
  Layer 31 (encoder.layers.encoder_layer_10.mlp.3): input_col=31 -> output_neuron=520 (grad=0.0042)
  Warning: No gradients for layer encoder.layers.encoder_layer_11.self_attention.out_proj, skipping
  Layer 33 (encoder.layers.encoder_layer_11.mlp.0): input_col=40 -> output_neuron=1139 (grad=0.0040)
  Layer 34 (encoder.layers.encoder_layer_11.mlp.3): input_col=35 -> output_neuron=387 (grad=0.0062)

Chain 2: Starting from neuron 20
  Layer 0 (encoder.layers.encoder_layer_0.mlp.0): input_col=20 -> output_neuron=2437 (grad=0.0007)
  Layer 1 (encoder.layers.encoder_layer_0.mlp.3): input_col=37 -> output_neuron=52 (grad=0.0007)
  Warning: No gradients for layer encoder.layers.encoder_layer_1.self_attention.out_proj, skipping
  Layer 3 (encoder.layers.encoder_layer_1.mlp.0): input_col=4 -> output_neuron=2176 (grad=0.0001)
  Layer 4 (encoder.layers.encoder_layer_1.mlp.3): input_col=16 -> output_neuron=52 (grad=0.0055)
  Warning: No gradients for layer encoder.layers.encoder_layer_2.self_attention.out_proj, skipping
  Layer 6 (encoder.layers.encoder_layer_2.mlp.0): input_col=4 -> output_neuron=645 (grad=0.0018)
  Layer 7 (encoder.layers.encoder_layer_2.mlp.3): input_col=21 -> output_neuron=726 (grad=0.0011)
  Warning: No gradients for layer encoder.layers.encoder_layer_3.self_attention.out_proj, skipping
  Layer 9 (encoder.layers.encoder_layer_3.mlp.0): input_col=6 -> output_neuron=498 (grad=0.0091)
  Layer 10 (encoder.layers.encoder_layer_3.mlp.3): input_col=18 -> output_neuron=341 (grad=0.0022)
  Warning: No gradients for layer encoder.layers.encoder_layer_4.self_attention.out_proj, skipping
  Layer 12 (encoder.layers.encoder_layer_4.mlp.0): input_col=5 -> output_neuron=2450 (grad=0.0014)
  Layer 13 (encoder.layers.encoder_layer_4.mlp.3): input_col=2 -> output_neuron=279 (grad=0.0015)
  Warning: No gradients for layer encoder.layers.encoder_layer_5.self_attention.out_proj, skipping
  Layer 15 (encoder.layers.encoder_layer_5.mlp.0): input_col=39 -> output_neuron=2901 (grad=0.0002)
  Layer 16 (encoder.layers.encoder_layer_5.mlp.3): input_col=21 -> output_neuron=279 (grad=0.0012)
  Warning: No gradients for layer encoder.layers.encoder_layer_6.self_attention.out_proj, skipping
  Layer 18 (encoder.layers.encoder_layer_6.mlp.0): input_col=39 -> output_neuron=411 (grad=0.0191)
  Layer 19 (encoder.layers.encoder_layer_6.mlp.3): input_col=27 -> output_neuron=520 (grad=0.0026)
  Warning: No gradients for layer encoder.layers.encoder_layer_7.self_attention.out_proj, skipping
  Layer 21 (encoder.layers.encoder_layer_7.mlp.0): input_col=40 -> output_neuron=921 (grad=0.0091)
  Layer 22 (encoder.layers.encoder_layer_7.mlp.3): input_col=9 -> output_neuron=121 (grad=0.0015)
  Warning: No gradients for layer encoder.layers.encoder_layer_8.self_attention.out_proj, skipping
  Layer 24 (encoder.layers.encoder_layer_8.mlp.0): input_col=25 -> output_neuron=1238 (grad=0.0096)
  Layer 25 (encoder.layers.encoder_layer_8.mlp.3): input_col=38 -> output_neuron=520 (grad=0.0029)
  Warning: No gradients for layer encoder.layers.encoder_layer_9.self_attention.out_proj, skipping
  Layer 27 (encoder.layers.encoder_layer_9.mlp.0): input_col=40 -> output_neuron=324 (grad=0.0081)
  Layer 28 (encoder.layers.encoder_layer_9.mlp.3): input_col=36 -> output_neuron=520 (grad=0.0040)
  Warning: No gradients for layer encoder.layers.encoder_layer_10.self_attention.out_proj, skipping
  Layer 30 (encoder.layers.encoder_layer_10.mlp.0): input_col=40 -> output_neuron=1327 (grad=0.0276)
  Layer 31 (encoder.layers.encoder_layer_10.mlp.3): input_col=31 -> output_neuron=520 (grad=0.0042)
  Warning: No gradients for layer encoder.layers.encoder_layer_11.self_attention.out_proj, skipping
  Layer 33 (encoder.layers.encoder_layer_11.mlp.0): input_col=40 -> output_neuron=1139 (grad=0.0040)
  Layer 34 (encoder.layers.encoder_layer_11.mlp.3): input_col=35 -> output_neuron=387 (grad=0.0062)

Chain 3: Starting from neuron 12
  Layer 0 (encoder.layers.encoder_layer_0.mlp.0): input_col=12 -> output_neuron=2437 (grad=0.0003)
  Layer 1 (encoder.layers.encoder_layer_0.mlp.3): input_col=37 -> output_neuron=52 (grad=0.0007)
  Warning: No gradients for layer encoder.layers.encoder_layer_1.self_attention.out_proj, skipping
  Layer 3 (encoder.layers.encoder_layer_1.mlp.0): input_col=4 -> output_neuron=2176 (grad=0.0001)
  Layer 4 (encoder.layers.encoder_layer_1.mlp.3): input_col=16 -> output_neuron=52 (grad=0.0055)
  Warning: No gradients for layer encoder.layers.encoder_layer_2.self_attention.out_proj, skipping
  Layer 6 (encoder.layers.encoder_layer_2.mlp.0): input_col=4 -> output_neuron=645 (grad=0.0018)
  Layer 7 (encoder.layers.encoder_layer_2.mlp.3): input_col=21 -> output_neuron=726 (grad=0.0011)
  Warning: No gradients for layer encoder.layers.encoder_layer_3.self_attention.out_proj, skipping
  Layer 9 (encoder.layers.encoder_layer_3.mlp.0): input_col=6 -> output_neuron=498 (grad=0.0091)
  Layer 10 (encoder.layers.encoder_layer_3.mlp.3): input_col=18 -> output_neuron=341 (grad=0.0022)
  Warning: No gradients for layer encoder.layers.encoder_layer_4.self_attention.out_proj, skipping
  Layer 12 (encoder.layers.encoder_layer_4.mlp.0): input_col=5 -> output_neuron=2450 (grad=0.0014)
  Layer 13 (encoder.layers.encoder_layer_4.mlp.3): input_col=2 -> output_neuron=279 (grad=0.0015)
  Warning: No gradients for layer encoder.layers.encoder_layer_5.self_attention.out_proj, skipping
  Layer 15 (encoder.layers.encoder_layer_5.mlp.0): input_col=39 -> output_neuron=2901 (grad=0.0002)
  Layer 16 (encoder.layers.encoder_layer_5.mlp.3): input_col=21 -> output_neuron=279 (grad=0.0012)
  Warning: No gradients for layer encoder.layers.encoder_layer_6.self_attention.out_proj, skipping
  Layer 18 (encoder.layers.encoder_layer_6.mlp.0): input_col=39 -> output_neuron=411 (grad=0.0191)
  Layer 19 (encoder.layers.encoder_layer_6.mlp.3): input_col=27 -> output_neuron=520 (grad=0.0026)
  Warning: No gradients for layer encoder.layers.encoder_layer_7.self_attention.out_proj, skipping
  Layer 21 (encoder.layers.encoder_layer_7.mlp.0): input_col=40 -> output_neuron=921 (grad=0.0091)
  Layer 22 (encoder.layers.encoder_layer_7.mlp.3): input_col=9 -> output_neuron=121 (grad=0.0015)
  Warning: No gradients for layer encoder.layers.encoder_layer_8.self_attention.out_proj, skipping
  Layer 24 (encoder.layers.encoder_layer_8.mlp.0): input_col=25 -> output_neuron=1238 (grad=0.0096)
  Layer 25 (encoder.layers.encoder_layer_8.mlp.3): input_col=38 -> output_neuron=520 (grad=0.0029)
  Warning: No gradients for layer encoder.layers.encoder_layer_9.self_attention.out_proj, skipping
  Layer 27 (encoder.layers.encoder_layer_9.mlp.0): input_col=40 -> output_neuron=324 (grad=0.0081)
  Layer 28 (encoder.layers.encoder_layer_9.mlp.3): input_col=36 -> output_neuron=520 (grad=0.0040)
  Warning: No gradients for layer encoder.layers.encoder_layer_10.self_attention.out_proj, skipping
  Layer 30 (encoder.layers.encoder_layer_10.mlp.0): input_col=40 -> output_neuron=1327 (grad=0.0276)
  Layer 31 (encoder.layers.encoder_layer_10.mlp.3): input_col=31 -> output_neuron=520 (grad=0.0042)
  Warning: No gradients for layer encoder.layers.encoder_layer_11.self_attention.out_proj, skipping
  Layer 33 (encoder.layers.encoder_layer_11.mlp.0): input_col=40 -> output_neuron=1139 (grad=0.0040)
  Layer 34 (encoder.layers.encoder_layer_11.mlp.3): input_col=35 -> output_neuron=387 (grad=0.0062)

Chain 4: Starting from neuron 7
  Layer 0 (encoder.layers.encoder_layer_0.mlp.0): input_col=7 -> output_neuron=2437 (grad=0.0004)
  Layer 1 (encoder.layers.encoder_layer_0.mlp.3): input_col=37 -> output_neuron=52 (grad=0.0007)
  Warning: No gradients for layer encoder.layers.encoder_layer_1.self_attention.out_proj, skipping
  Layer 3 (encoder.layers.encoder_layer_1.mlp.0): input_col=4 -> output_neuron=2176 (grad=0.0001)
  Layer 4 (encoder.layers.encoder_layer_1.mlp.3): input_col=16 -> output_neuron=52 (grad=0.0055)
  Warning: No gradients for layer encoder.layers.encoder_layer_2.self_attention.out_proj, skipping
  Layer 6 (encoder.layers.encoder_layer_2.mlp.0): input_col=4 -> output_neuron=645 (grad=0.0018)
  Layer 7 (encoder.layers.encoder_layer_2.mlp.3): input_col=21 -> output_neuron=726 (grad=0.0011)
  Warning: No gradients for layer encoder.layers.encoder_layer_3.self_attention.out_proj, skipping
  Layer 9 (encoder.layers.encoder_layer_3.mlp.0): input_col=6 -> output_neuron=498 (grad=0.0091)
  Layer 10 (encoder.layers.encoder_layer_3.mlp.3): input_col=18 -> output_neuron=341 (grad=0.0022)
  Warning: No gradients for layer encoder.layers.encoder_layer_4.self_attention.out_proj, skipping
  Layer 12 (encoder.layers.encoder_layer_4.mlp.0): input_col=5 -> output_neuron=2450 (grad=0.0014)
  Layer 13 (encoder.layers.encoder_layer_4.mlp.3): input_col=2 -> output_neuron=279 (grad=0.0015)
  Warning: No gradients for layer encoder.layers.encoder_layer_5.self_attention.out_proj, skipping
  Layer 15 (encoder.layers.encoder_layer_5.mlp.0): input_col=39 -> output_neuron=2901 (grad=0.0002)
  Layer 16 (encoder.layers.encoder_layer_5.mlp.3): input_col=21 -> output_neuron=279 (grad=0.0012)
  Warning: No gradients for layer encoder.layers.encoder_layer_6.self_attention.out_proj, skipping
  Layer 18 (encoder.layers.encoder_layer_6.mlp.0): input_col=39 -> output_neuron=411 (grad=0.0191)
  Layer 19 (encoder.layers.encoder_layer_6.mlp.3): input_col=27 -> output_neuron=520 (grad=0.0026)
  Warning: No gradients for layer encoder.layers.encoder_layer_7.self_attention.out_proj, skipping
  Layer 21 (encoder.layers.encoder_layer_7.mlp.0): input_col=40 -> output_neuron=921 (grad=0.0091)
  Layer 22 (encoder.layers.encoder_layer_7.mlp.3): input_col=9 -> output_neuron=121 (grad=0.0015)
  Warning: No gradients for layer encoder.layers.encoder_layer_8.self_attention.out_proj, skipping
  Layer 24 (encoder.layers.encoder_layer_8.mlp.0): input_col=25 -> output_neuron=1238 (grad=0.0096)
  Layer 25 (encoder.layers.encoder_layer_8.mlp.3): input_col=38 -> output_neuron=520 (grad=0.0029)
  Warning: No gradients for layer encoder.layers.encoder_layer_9.self_attention.out_proj, skipping
  Layer 27 (encoder.layers.encoder_layer_9.mlp.0): input_col=40 -> output_neuron=324 (grad=0.0081)
  Layer 28 (encoder.layers.encoder_layer_9.mlp.3): input_col=36 -> output_neuron=520 (grad=0.0040)
  Warning: No gradients for layer encoder.layers.encoder_layer_10.self_attention.out_proj, skipping
  Layer 30 (encoder.layers.encoder_layer_10.mlp.0): input_col=40 -> output_neuron=1327 (grad=0.0276)
  Layer 31 (encoder.layers.encoder_layer_10.mlp.3): input_col=31 -> output_neuron=520 (grad=0.0042)
  Warning: No gradients for layer encoder.layers.encoder_layer_11.self_attention.out_proj, skipping
  Layer 33 (encoder.layers.encoder_layer_11.mlp.0): input_col=40 -> output_neuron=1139 (grad=0.0040)
  Layer 34 (encoder.layers.encoder_layer_11.mlp.3): input_col=35 -> output_neuron=387 (grad=0.0062)

Chain 5: Starting from neuron 37
  Layer 0 (encoder.layers.encoder_layer_0.mlp.0): input_col=37 -> output_neuron=2437 (grad=0.0003)
  Layer 1 (encoder.layers.encoder_layer_0.mlp.3): input_col=37 -> output_neuron=52 (grad=0.0007)
  Warning: No gradients for layer encoder.layers.encoder_layer_1.self_attention.out_proj, skipping
  Layer 3 (encoder.layers.encoder_layer_1.mlp.0): input_col=4 -> output_neuron=2176 (grad=0.0001)
  Layer 4 (encoder.layers.encoder_layer_1.mlp.3): input_col=16 -> output_neuron=52 (grad=0.0055)
  Warning: No gradients for layer encoder.layers.encoder_layer_2.self_attention.out_proj, skipping
  Layer 6 (encoder.layers.encoder_layer_2.mlp.0): input_col=4 -> output_neuron=645 (grad=0.0018)
  Layer 7 (encoder.layers.encoder_layer_2.mlp.3): input_col=21 -> output_neuron=726 (grad=0.0011)
  Warning: No gradients for layer encoder.layers.encoder_layer_3.self_attention.out_proj, skipping
  Layer 9 (encoder.layers.encoder_layer_3.mlp.0): input_col=6 -> output_neuron=498 (grad=0.0091)
  Layer 10 (encoder.layers.encoder_layer_3.mlp.3): input_col=18 -> output_neuron=341 (grad=0.0022)
  Warning: No gradients for layer encoder.layers.encoder_layer_4.self_attention.out_proj, skipping
  Layer 12 (encoder.layers.encoder_layer_4.mlp.0): input_col=5 -> output_neuron=2450 (grad=0.0014)
  Layer 13 (encoder.layers.encoder_layer_4.mlp.3): input_col=2 -> output_neuron=279 (grad=0.0015)
  Warning: No gradients for layer encoder.layers.encoder_layer_5.self_attention.out_proj, skipping
  Layer 15 (encoder.layers.encoder_layer_5.mlp.0): input_col=39 -> output_neuron=2901 (grad=0.0002)
  Layer 16 (encoder.layers.encoder_layer_5.mlp.3): input_col=21 -> output_neuron=279 (grad=0.0012)
  Warning: No gradients for layer encoder.layers.encoder_layer_6.self_attention.out_proj, skipping
  Layer 18 (encoder.layers.encoder_layer_6.mlp.0): input_col=39 -> output_neuron=411 (grad=0.0191)
  Layer 19 (encoder.layers.encoder_layer_6.mlp.3): input_col=27 -> output_neuron=520 (grad=0.0026)
  Warning: No gradients for layer encoder.layers.encoder_layer_7.self_attention.out_proj, skipping
  Layer 21 (encoder.layers.encoder_layer_7.mlp.0): input_col=40 -> output_neuron=921 (grad=0.0091)
  Layer 22 (encoder.layers.encoder_layer_7.mlp.3): input_col=9 -> output_neuron=121 (grad=0.0015)
  Warning: No gradients for layer encoder.layers.encoder_layer_8.self_attention.out_proj, skipping
  Layer 24 (encoder.layers.encoder_layer_8.mlp.0): input_col=25 -> output_neuron=1238 (grad=0.0096)
  Layer 25 (encoder.layers.encoder_layer_8.mlp.3): input_col=38 -> output_neuron=520 (grad=0.0029)
  Warning: No gradients for layer encoder.layers.encoder_layer_9.self_attention.out_proj, skipping
  Layer 27 (encoder.layers.encoder_layer_9.mlp.0): input_col=40 -> output_neuron=324 (grad=0.0081)
  Layer 28 (encoder.layers.encoder_layer_9.mlp.3): input_col=36 -> output_neuron=520 (grad=0.0040)
  Warning: No gradients for layer encoder.layers.encoder_layer_10.self_attention.out_proj, skipping
  Layer 30 (encoder.layers.encoder_layer_10.mlp.0): input_col=40 -> output_neuron=1327 (grad=0.0276)
  Layer 31 (encoder.layers.encoder_layer_10.mlp.3): input_col=31 -> output_neuron=520 (grad=0.0042)
  Warning: No gradients for layer encoder.layers.encoder_layer_11.self_attention.out_proj, skipping
  Layer 33 (encoder.layers.encoder_layer_11.mlp.0): input_col=40 -> output_neuron=1139 (grad=0.0040)
  Layer 34 (encoder.layers.encoder_layer_11.mlp.3): input_col=35 -> output_neuron=387 (grad=0.0062)

============================================================
✓ Successfully built 6 gradient chains
============================================================

Epoch 2/100 | LR: 0.000200 | Time: 220.97s
Train Loss: 2.5488 | Train Acc: 51.39%
Val Loss: 1.3472 | Val Acc: 74.22%

Gradient Chain Statistics:
[PacaGradientChainManager - Gradient Chain Logs]
  Chains Built: True
  Number of Chains: 6
  Current Epoch: 1
  Selected Arms: [5, 1, 3, 4]
  Arm Means: [0.0, 0.0, 0.0, 0.0, 0.0, 0.0]
  Arm Stds: [10.0, 10.0, 10.0, 10.0, 10.0, 10.0]
  Arm Observation Counts: [0, 0, 0, 0, 0, 0]
  Last Sampled Values: [-8.919105529785156, 5.478792667388916, -6.648563385009766, -4.702066898345947, -4.874547958374023, 9.954854011535645]
------------------------------------------------------------

Reward: 7.41% (normalized: 0.74)

Epoch 3/100 | LR: 0.000300 | Time: 219.56s
Train Loss: 1.0023 | Train Acc: 79.90%
Val Loss: 0.8363 | Val Acc: 81.63%

Gradient Chain Statistics:
[PacaGradientChainManager - Gradient Chain Logs]
  Chains Built: True
  Number of Chains: 6
  Current Epoch: 2
  Selected Arms: [2, 0, 3, 5]
  Arm Means: [0.0, 0.5928000211715698, 0.0, 0.5928000211715698, 0.5928000211715698, 0.5928000211715698]
  Arm Stds: [10.0, 4.4721360206604, 10.0, 4.4721360206604, 4.4721360206604, 4.4721360206604]
  Arm Observation Counts: [0, 1, 0, 1, 1, 1]
  Last Sampled Values: [8.838689804077148, -3.9884748458862305, 9.787707328796387, 2.5420849323272705, -6.337192535400391, 0.7384989857673645]
------------------------------------------------------------

Reward: 1.95% (normalized: 0.20)

Epoch 4/100 | LR: 0.000400 | Time: 219.61s
Train Loss: 0.6293 | Train Acc: 85.93%
Val Loss: 0.6663 | Val Acc: 83.58%

Gradient Chain Statistics:
[PacaGradientChainManager - Gradient Chain Logs]
  Chains Built: True
  Number of Chains: 6
  Current Epoch: 3
  Selected Arms: [2, 1, 3, 5]
  Arm Means: [0.15600000321865082, 0.5928000211715698, 0.15600000321865082, 0.41600000858306885, 0.5928000211715698, 0.41600000858306885]
  Arm Stds: [4.4721360206604, 4.4721360206604, 4.4721360206604, 3.3333334922790527, 4.4721360206604, 3.3333334922790527]
  Arm Observation Counts: [1, 1, 1, 2, 1, 2]
  Last Sampled Values: [-3.4243412017822266, 3.2928543090820312, 6.1620707511901855, 2.076547145843506, -5.162286281585693, 0.6286292672157288]
------------------------------------------------------------

Reward: 0.65% (normalized: 0.07)

Epoch 5/100 | LR: 0.000500 | Time: 219.57s
Train Loss: 0.4437 | Train Acc: 89.53%
Val Loss: 0.5977 | Val Acc: 84.23%

Gradient Chain Statistics:
[PacaGradientChainManager - Gradient Chain Logs]
  Chains Built: True
  Number of Chains: 6
  Current Epoch: 4
  Selected Arms: [4, 5, 1, 2]
  Arm Means: [0.15600000321865082, 0.35822221636772156, 0.11555555462837219, 0.30799999833106995, 0.5928000211715698, 0.30799999833106995]
  Arm Stds: [4.4721360206604, 3.3333334922790527, 3.3333334922790527, 2.77350115776062, 4.4721360206604, 2.77350115776062]
  Arm Observation Counts: [1, 2, 2, 3, 1, 3]
  Last Sampled Values: [-1.2634055614471436, 3.9746861457824707, 2.397625207901001, -0.6762831211090088, 6.131687641143799, 5.086275100708008]
------------------------------------------------------------

Reward: 0.19% (normalized: 0.02)

Epoch 6/100 | LR: 0.000600 | Time: 219.79s
Train Loss: 0.3451 | Train Acc: 91.66%
Val Loss: 0.5933 | Val Acc: 84.42%

Gradient Chain Statistics:
[PacaGradientChainManager - Gradient Chain Logs]
  Chains Built: True
  Number of Chains: 6
  Current Epoch: 5
  Selected Arms: [4, 0, 3, 5]
  Arm Means: [0.15600000321865082, 0.253846138715744, 0.08584614843130112, 0.30799999833106995, 0.3377777934074402, 0.23999999463558197]
  Arm Stds: [4.4721360206604, 2.77350115776062, 2.77350115776062, 2.77350115776062, 3.3333334922790527, 2.425356388092041]
  Arm Observation Counts: [1, 3, 3, 3, 2, 4]
  Last Sampled Values: [4.338085651397705, -5.715553283691406, -4.673773765563965, 1.7196681499481201, 5.5262346267700195, -0.1516251415014267]
------------------------------------------------------------

Reward: -0.38% (normalized: -0.04)

Epoch 7/100 | LR: 0.000700 | Time: 219.74s
Train Loss: 0.2905 | Train Acc: 92.84%
Val Loss: 0.6068 | Val Acc: 84.04%

Gradient Chain Statistics:
[PacaGradientChainManager - Gradient Chain Logs]
  Chains Built: True
  Number of Chains: 6
  Current Epoch: 6
  Selected Arms: [2, 5, 4, 0]
  Arm Means: [0.06977777928113937, 0.253846138715744, 0.08584614843130112, 0.22658821940422058, 0.22215384244918823, 0.18704761564731598]
  Arm Stds: [3.3333334922790527, 2.77350115776062, 2.77350115776062, 2.425356388092041, 2.77350115776062, 2.1821789741516113]
  Arm Observation Counts: [2, 3, 3, 4, 3, 5]
  Last Sampled Values: [-0.498443603515625, -4.124776363372803, 4.166728496551514, -2.4802961349487305, 0.18803781270980835, 0.3126126527786255]
------------------------------------------------------------
No improvement for 1 epoch(s)

Reward: 0.57% (normalized: 0.06)

Epoch 8/100 | LR: 0.000800 | Time: 219.77s
Train Loss: 0.2631 | Train Acc: 93.37%
Val Loss: 0.6003 | Val Acc: 84.61%

Gradient Chain Statistics:
[PacaGradientChainManager - Gradient Chain Logs]
  Chains Built: True
  Number of Chains: 6
  Current Epoch: 7
  Selected Arms: [3, 5, 2, 1]
  Arm Means: [0.06584615260362625, 0.253846138715744, 0.07905881851911545, 0.22658821940422058, 0.1832941174507141, 0.16623999178409576]
  Arm Stds: [2.77350115776062, 2.77350115776062, 2.425356388092041, 2.425356388092041, 2.425356388092041, 2.0]
  Arm Observation Counts: [3, 3, 4, 4, 4, 6]
  Last Sampled Values: [-2.0380823612213135, -1.9077749252319336, -1.6858088970184326, 0.7307846546173096, -2.3776659965515137, 0.004602059721946716]
------------------------------------------------------------
No improvement for 2 epoch(s)

Reward: -0.65% (normalized: -0.07)

Epoch 9/100 | LR: 0.000900 | Time: 219.72s
Train Loss: 0.2618 | Train Acc: 93.31%
Val Loss: 0.6236 | Val Acc: 83.96%

Gradient Chain Statistics:
[PacaGradientChainManager - Gradient Chain Logs]
  Chains Built: True
  Number of Chains: 6
  Current Epoch: 8
  Selected Arms: [0, 5, 4, 3]
  Arm Means: [0.06584615260362625, 0.17882351577281952, 0.051619041711091995, 0.17104759812355042, 0.1832941174507141, 0.13434481620788574]
  Arm Stds: [2.77350115776062, 2.425356388092041, 2.1821789741516113, 2.1821789741516113, 2.425356388092041, 1.8569533824920654]
  Arm Observation Counts: [3, 4, 5, 5, 4, 7]
  Last Sampled Values: [5.834156036376953, -0.6784636974334717, 0.4730190634727478, 0.9257895946502686, 2.6844520568847656, 3.322915554046631]
------------------------------------------------------------
No improvement for 3 epoch(s)

Reward: -0.55% (normalized: -0.05)

Epoch 10/100 | LR: 0.001000 | Time: 219.85s
Train Loss: 0.2637 | Train Acc: 93.19%
Val Loss: 0.6512 | Val Acc: 83.41%

Gradient Chain Statistics:
[PacaGradientChainManager - Gradient Chain Logs]
  Chains Built: True
  Number of Chains: 6
  Current Epoch: 9
  Selected Arms: [4, 1, 5, 2]
  Arm Means: [0.03741176053881645, 0.17882351577281952, 0.051619041711091995, 0.1348799765110016, 0.13790476322174072, 0.11139392852783203]
  Arm Stds: [2.425356388092041, 2.425356388092041, 2.1821789741516113, 2.0, 2.1821789741516113, 1.740776538848877]
  Arm Observation Counts: [4, 4, 5, 6, 5, 8]
  Last Sampled Values: [-2.5496890544891357, 0.7785326838493347, -0.4802839159965515, -2.4553089141845703, 1.5692453384399414, 0.6274697184562683]
------------------------------------------------------------
No improvement for 4 epoch(s)

Reward: -0.52% (normalized: -0.05)

Epoch 11/100 | LR: 0.001000 | Time: 221.08s
Train Loss: 0.2499 | Train Acc: 93.44%
Val Loss: 0.6632 | Val Acc: 82.89%

Gradient Chain Statistics:
[PacaGradientChainManager - Gradient Chain Logs]
  Chains Built: True
  Number of Chains: 6
  Current Epoch: 10
  Selected Arms: [5, 2, 3, 1]
  Arm Means: [0.03741176053881645, 0.13485713303089142, 0.0350399948656559, 0.1348799765110016, 0.10751999914646149, 0.09372971951961517]
  Arm Stds: [2.425356388092041, 2.1821789741516113, 2.0, 2.0, 2.0, 1.64398992061615]
  Arm Observation Counts: [4, 5, 6, 6, 6, 9]
  Last Sampled Values: [-3.0063838958740234, -0.9842420220375061, 0.6255289912223816, -0.05439433455467224, -2.352303981781006, 4.053075313568115]
------------------------------------------------------------
No improvement for 5 epoch(s)

Reward: 0.83% (normalized: 0.08)

Epoch 12/100 | LR: 0.000999 | Time: 220.85s
Train Loss: 0.2488 | Train Acc: 93.44%
Val Loss: 0.6560 | Val Acc: 83.72%

Gradient Chain Statistics:
[PacaGradientChainManager - Gradient Chain Logs]
  Chains Built: True
  Number of Chains: 6
  Current Epoch: 11
  Selected Arms: [1, 0, 5, 2]
  Arm Means: [0.03741176053881645, 0.12655998766422272, 0.04165516793727875, 0.12772411108016968, 0.10751999914646149, 0.09268292039632797]
  Arm Stds: [2.425356388092041, 2.0, 1.8569533824920654, 1.8569533824920654, 2.0, 1.5617376565933228]
  Arm Observation Counts: [4, 6, 7, 7, 6, 10]
  Last Sampled Values: [1.5602360963821411, 3.092524290084839, 0.005839802324771881, -0.29523470997810364, -3.0265989303588867, 0.7133047580718994]
------------------------------------------------------------
No improvement for 6 epoch(s)

Reward: -1.24% (normalized: -0.12)

Epoch 13/100 | LR: 0.000997 | Time: 220.96s
Train Loss: 0.2365 | Train Acc: 93.73%
Val Loss: 0.6948 | Val Acc: 82.48%

Gradient Chain Statistics:
[PacaGradientChainManager - Gradient Chain Logs]
  Chains Built: True
  Number of Chains: 6
  Current Epoch: 12
  Selected Arms: [2, 4, 5, 0]
  Arm Means: [0.006666660308837891, 0.09199999272823334, 0.02157575450837612, 0.12772411108016968, 0.10751999914646149, 0.07342221587896347]
  Arm Stds: [2.1821789741516113, 1.8569533824920654, 1.740776538848877, 1.8569533824920654, 2.0, 1.49071204662323]
  Arm Observation Counts: [5, 7, 8, 7, 6, 11]
  Last Sampled Values: [0.31262943148612976, -2.1394498348236084, 1.2594763040542603, 0.024640686810016632, 1.085726261138916, 0.5886833667755127]
------------------------------------------------------------
No improvement for 7 epoch(s)
Early stopping triggered after 13 epochs.
Total training time: 2860.49 seconds
Average time per epoch: 220.04 seconds

============================================================
Training completed!
============================================================
Using device: cuda
============================================================
Vision Transformer Fine-tuning on CIFAR-100
Using Gradient Chain Selection (Ablation)
Num Arms: 6, Num Arms to Select: 5
============================================================
Using random seed: 5886

Loading dataset...
Files already downloaded and verified
Files already downloaded and verified
Dataset loaded: 50000 train samples, 10000 val samples
Number of classes: 100

Creating ViT model for 100 classes...

PEFT config: PacaConfig(peft_type=<PeftType.PACA: 'PACA'>, auto_mapping=None, base_model_name_or_path=None, revision=None, task_type=<TaskType.FEATURE_EXTRACTION: 'FEATURE_EXTRACTION'>, inference_mode=False, r=48, target_modules={'mlp.0', 'out_proj', 'mlp.3'}, paca_alpha=96, fan_in_fan_out=False, bias='all', modules_to_save=['head'], layers_to_transform=None, layers_pattern=None, rank_pattern={}, alpha_pattern={}, megatron_config=None, megatron_core='megatron.core', layer_replication=None, gradient_accumulation_steps=1, steps_per_epoch=782, arm_distribution='gradient_chain', num_arms=6, num_arms_to_select=5, ucb_alpha=0.5, use_fixed_indices=False, arm_selection_method='thompson', thompson_distribution='gaussian', thompson_alpha_prior=1.0, thompson_beta_prior=1.0, thompson_gaussian_prior_mean=0.0, thompson_gaussian_prior_std=10.0, thompson_gaussian_noise_std=5.0, gradient_chain_warmup_epochs=2, gradient_chain_num_samples=5)
Total parameters: 149,653,448
Trainable parameters: 2,757,320 (1.84%)
Frozen parameters: 146,896,128 (98.16%)

============================================================
Fine-tuning ViT using Gradient Chain Selection:
============================================================
Calculating initial validation accuracy...
Initial Val Acc: 0.38%

Reward: 0.00% (normalized: 0.00)
Gradient chain warmup: 1/2

Epoch 1/100 | LR: 0.000100 | Time: 218.93s
Train Loss: 4.7288 | Train Acc: 0.55%
Val Loss: 4.7325 | Val Acc: 0.38%

Gradient Chain Statistics:
[PacaGradientChainManager - Gradient Chain Logs]
  Chains Built: False
  Number of Chains: 0
  Current Epoch: 0
  Arm Means: [0.0, 0.0, 0.0, 0.0, 0.0, 0.0]
  Arm Stds: [10.0, 10.0, 10.0, 10.0, 10.0, 10.0]
  Arm Observation Counts: [0, 0, 0, 0, 0, 0]
------------------------------------------------------------

Reward: 74.50% (normalized: 7.45)

============================================================
Building Gradient Chains...
============================================================
Sampling 5 batches to estimate gradients...
  Batch 1/5 processed
  Batch 2/5 processed
  Batch 3/5 processed
  Batch 4/5 processed
  Batch 5/5 processed

Averaging gradients across batches...

Building 6 gradient chains...

Chain 0: Starting from neuron 46
  Layer 0 (encoder.layers.encoder_layer_0.mlp.0): input_col=46 -> output_neuron=711 (grad=0.0001)
  Layer 1 (encoder.layers.encoder_layer_0.mlp.3): input_col=39 -> output_neuron=685 (grad=0.0005)
  Warning: No gradients for layer encoder.layers.encoder_layer_1.self_attention.out_proj, skipping
  Layer 3 (encoder.layers.encoder_layer_1.mlp.0): input_col=13 -> output_neuron=497 (grad=0.0005)
  Layer 4 (encoder.layers.encoder_layer_1.mlp.3): input_col=17 -> output_neuron=159 (grad=0.0012)
  Warning: No gradients for layer encoder.layers.encoder_layer_2.self_attention.out_proj, skipping
  Layer 6 (encoder.layers.encoder_layer_2.mlp.0): input_col=15 -> output_neuron=2216 (grad=0.0000)
  Layer 7 (encoder.layers.encoder_layer_2.mlp.3): input_col=8 -> output_neuron=532 (grad=0.0016)
  Warning: No gradients for layer encoder.layers.encoder_layer_3.self_attention.out_proj, skipping
  Layer 9 (encoder.layers.encoder_layer_3.mlp.0): input_col=4 -> output_neuron=2529 (grad=0.0002)
  Layer 10 (encoder.layers.encoder_layer_3.mlp.3): input_col=33 -> output_neuron=489 (grad=0.0019)
  Warning: No gradients for layer encoder.layers.encoder_layer_4.self_attention.out_proj, skipping
  Layer 12 (encoder.layers.encoder_layer_4.mlp.0): input_col=9 -> output_neuron=1572 (grad=0.0035)
  Layer 13 (encoder.layers.encoder_layer_4.mlp.3): input_col=36 -> output_neuron=473 (grad=0.0012)
  Warning: No gradients for layer encoder.layers.encoder_layer_5.self_attention.out_proj, skipping
  Layer 15 (encoder.layers.encoder_layer_5.mlp.0): input_col=41 -> output_neuron=2542 (grad=0.0049)
  Layer 16 (encoder.layers.encoder_layer_5.mlp.3): input_col=46 -> output_neuron=249 (grad=0.0027)
  Warning: No gradients for layer encoder.layers.encoder_layer_6.self_attention.out_proj, skipping
  Layer 18 (encoder.layers.encoder_layer_6.mlp.0): input_col=9 -> output_neuron=791 (grad=0.0004)
  Layer 19 (encoder.layers.encoder_layer_6.mlp.3): input_col=23 -> output_neuron=689 (grad=0.0016)
  Warning: No gradients for layer encoder.layers.encoder_layer_7.self_attention.out_proj, skipping
  Layer 21 (encoder.layers.encoder_layer_7.mlp.0): input_col=17 -> output_neuron=1396 (grad=0.0022)
  Layer 22 (encoder.layers.encoder_layer_7.mlp.3): input_col=4 -> output_neuron=71 (grad=0.0012)
  Warning: No gradients for layer encoder.layers.encoder_layer_8.self_attention.out_proj, skipping
  Layer 24 (encoder.layers.encoder_layer_8.mlp.0): input_col=23 -> output_neuron=1731 (grad=0.0032)
  Layer 25 (encoder.layers.encoder_layer_8.mlp.3): input_col=3 -> output_neuron=119 (grad=0.0021)
  Warning: No gradients for layer encoder.layers.encoder_layer_9.self_attention.out_proj, skipping
  Layer 27 (encoder.layers.encoder_layer_9.mlp.0): input_col=23 -> output_neuron=2071 (grad=0.0230)
  Layer 28 (encoder.layers.encoder_layer_9.mlp.3): input_col=7 -> output_neuron=710 (grad=0.0035)
  Warning: No gradients for layer encoder.layers.encoder_layer_10.self_attention.out_proj, skipping
  Layer 30 (encoder.layers.encoder_layer_10.mlp.0): input_col=38 -> output_neuron=1361 (grad=0.0211)
  Layer 31 (encoder.layers.encoder_layer_10.mlp.3): input_col=17 -> output_neuron=628 (grad=0.0029)
  Warning: No gradients for layer encoder.layers.encoder_layer_11.self_attention.out_proj, skipping
  Layer 33 (encoder.layers.encoder_layer_11.mlp.0): input_col=4 -> output_neuron=1558 (grad=0.0096)
  Layer 34 (encoder.layers.encoder_layer_11.mlp.3): input_col=22 -> output_neuron=718 (grad=0.0053)

Chain 1: Starting from neuron 20
  Layer 0 (encoder.layers.encoder_layer_0.mlp.0): input_col=20 -> output_neuron=2595 (grad=0.0006)
  Layer 1 (encoder.layers.encoder_layer_0.mlp.3): input_col=3 -> output_neuron=505 (grad=0.0017)
  Warning: No gradients for layer encoder.layers.encoder_layer_1.self_attention.out_proj, skipping
  Layer 3 (encoder.layers.encoder_layer_1.mlp.0): input_col=25 -> output_neuron=1517 (grad=0.0238)
  Layer 4 (encoder.layers.encoder_layer_1.mlp.3): input_col=29 -> output_neuron=173 (grad=0.0000)
  Warning: No gradients for layer encoder.layers.encoder_layer_2.self_attention.out_proj, skipping
  Layer 6 (encoder.layers.encoder_layer_2.mlp.0): input_col=29 -> output_neuron=2216 (grad=0.0002)
  Layer 7 (encoder.layers.encoder_layer_2.mlp.3): input_col=8 -> output_neuron=532 (grad=0.0016)
  Warning: No gradients for layer encoder.layers.encoder_layer_3.self_attention.out_proj, skipping
  Layer 9 (encoder.layers.encoder_layer_3.mlp.0): input_col=4 -> output_neuron=2529 (grad=0.0002)
  Layer 10 (encoder.layers.encoder_layer_3.mlp.3): input_col=33 -> output_neuron=489 (grad=0.0019)
  Warning: No gradients for layer encoder.layers.encoder_layer_4.self_attention.out_proj, skipping
  Layer 12 (encoder.layers.encoder_layer_4.mlp.0): input_col=9 -> output_neuron=1572 (grad=0.0035)
  Layer 13 (encoder.layers.encoder_layer_4.mlp.3): input_col=36 -> output_neuron=473 (grad=0.0012)
  Warning: No gradients for layer encoder.layers.encoder_layer_5.self_attention.out_proj, skipping
  Layer 15 (encoder.layers.encoder_layer_5.mlp.0): input_col=41 -> output_neuron=2542 (grad=0.0049)
  Layer 16 (encoder.layers.encoder_layer_5.mlp.3): input_col=46 -> output_neuron=249 (grad=0.0027)
  Warning: No gradients for layer encoder.layers.encoder_layer_6.self_attention.out_proj, skipping
  Layer 18 (encoder.layers.encoder_layer_6.mlp.0): input_col=9 -> output_neuron=791 (grad=0.0004)
  Layer 19 (encoder.layers.encoder_layer_6.mlp.3): input_col=23 -> output_neuron=689 (grad=0.0016)
  Warning: No gradients for layer encoder.layers.encoder_layer_7.self_attention.out_proj, skipping
  Layer 21 (encoder.layers.encoder_layer_7.mlp.0): input_col=17 -> output_neuron=1396 (grad=0.0022)
  Layer 22 (encoder.layers.encoder_layer_7.mlp.3): input_col=4 -> output_neuron=71 (grad=0.0012)
  Warning: No gradients for layer encoder.layers.encoder_layer_8.self_attention.out_proj, skipping
  Layer 24 (encoder.layers.encoder_layer_8.mlp.0): input_col=23 -> output_neuron=1731 (grad=0.0032)
  Layer 25 (encoder.layers.encoder_layer_8.mlp.3): input_col=3 -> output_neuron=119 (grad=0.0021)
  Warning: No gradients for layer encoder.layers.encoder_layer_9.self_attention.out_proj, skipping
  Layer 27 (encoder.layers.encoder_layer_9.mlp.0): input_col=23 -> output_neuron=2071 (grad=0.0230)
  Layer 28 (encoder.layers.encoder_layer_9.mlp.3): input_col=7 -> output_neuron=710 (grad=0.0035)
  Warning: No gradients for layer encoder.layers.encoder_layer_10.self_attention.out_proj, skipping
  Layer 30 (encoder.layers.encoder_layer_10.mlp.0): input_col=38 -> output_neuron=1361 (grad=0.0211)
  Layer 31 (encoder.layers.encoder_layer_10.mlp.3): input_col=17 -> output_neuron=628 (grad=0.0029)
  Warning: No gradients for layer encoder.layers.encoder_layer_11.self_attention.out_proj, skipping
  Layer 33 (encoder.layers.encoder_layer_11.mlp.0): input_col=4 -> output_neuron=1558 (grad=0.0096)
  Layer 34 (encoder.layers.encoder_layer_11.mlp.3): input_col=22 -> output_neuron=718 (grad=0.0053)

Chain 2: Starting from neuron 6
  Layer 0 (encoder.layers.encoder_layer_0.mlp.0): input_col=6 -> output_neuron=2445 (grad=0.0001)
  Layer 1 (encoder.layers.encoder_layer_0.mlp.3): input_col=45 -> output_neuron=685 (grad=0.0007)
  Warning: No gradients for layer encoder.layers.encoder_layer_1.self_attention.out_proj, skipping
  Layer 3 (encoder.layers.encoder_layer_1.mlp.0): input_col=13 -> output_neuron=497 (grad=0.0005)
  Layer 4 (encoder.layers.encoder_layer_1.mlp.3): input_col=17 -> output_neuron=159 (grad=0.0012)
  Warning: No gradients for layer encoder.layers.encoder_layer_2.self_attention.out_proj, skipping
  Layer 6 (encoder.layers.encoder_layer_2.mlp.0): input_col=15 -> output_neuron=2216 (grad=0.0000)
  Layer 7 (encoder.layers.encoder_layer_2.mlp.3): input_col=8 -> output_neuron=532 (grad=0.0016)
  Warning: No gradients for layer encoder.layers.encoder_layer_3.self_attention.out_proj, skipping
  Layer 9 (encoder.layers.encoder_layer_3.mlp.0): input_col=4 -> output_neuron=2529 (grad=0.0002)
  Layer 10 (encoder.layers.encoder_layer_3.mlp.3): input_col=33 -> output_neuron=489 (grad=0.0019)
  Warning: No gradients for layer encoder.layers.encoder_layer_4.self_attention.out_proj, skipping
  Layer 12 (encoder.layers.encoder_layer_4.mlp.0): input_col=9 -> output_neuron=1572 (grad=0.0035)
  Layer 13 (encoder.layers.encoder_layer_4.mlp.3): input_col=36 -> output_neuron=473 (grad=0.0012)
  Warning: No gradients for layer encoder.layers.encoder_layer_5.self_attention.out_proj, skipping
  Layer 15 (encoder.layers.encoder_layer_5.mlp.0): input_col=41 -> output_neuron=2542 (grad=0.0049)
  Layer 16 (encoder.layers.encoder_layer_5.mlp.3): input_col=46 -> output_neuron=249 (grad=0.0027)
  Warning: No gradients for layer encoder.layers.encoder_layer_6.self_attention.out_proj, skipping
  Layer 18 (encoder.layers.encoder_layer_6.mlp.0): input_col=9 -> output_neuron=791 (grad=0.0004)
  Layer 19 (encoder.layers.encoder_layer_6.mlp.3): input_col=23 -> output_neuron=689 (grad=0.0016)
  Warning: No gradients for layer encoder.layers.encoder_layer_7.self_attention.out_proj, skipping
  Layer 21 (encoder.layers.encoder_layer_7.mlp.0): input_col=17 -> output_neuron=1396 (grad=0.0022)
  Layer 22 (encoder.layers.encoder_layer_7.mlp.3): input_col=4 -> output_neuron=71 (grad=0.0012)
  Warning: No gradients for layer encoder.layers.encoder_layer_8.self_attention.out_proj, skipping
  Layer 24 (encoder.layers.encoder_layer_8.mlp.0): input_col=23 -> output_neuron=1731 (grad=0.0032)
  Layer 25 (encoder.layers.encoder_layer_8.mlp.3): input_col=3 -> output_neuron=119 (grad=0.0021)
  Warning: No gradients for layer encoder.layers.encoder_layer_9.self_attention.out_proj, skipping
  Layer 27 (encoder.layers.encoder_layer_9.mlp.0): input_col=23 -> output_neuron=2071 (grad=0.0230)
  Layer 28 (encoder.layers.encoder_layer_9.mlp.3): input_col=7 -> output_neuron=710 (grad=0.0035)
  Warning: No gradients for layer encoder.layers.encoder_layer_10.self_attention.out_proj, skipping
  Layer 30 (encoder.layers.encoder_layer_10.mlp.0): input_col=38 -> output_neuron=1361 (grad=0.0211)
  Layer 31 (encoder.layers.encoder_layer_10.mlp.3): input_col=17 -> output_neuron=628 (grad=0.0029)
  Warning: No gradients for layer encoder.layers.encoder_layer_11.self_attention.out_proj, skipping
  Layer 33 (encoder.layers.encoder_layer_11.mlp.0): input_col=4 -> output_neuron=1558 (grad=0.0096)
  Layer 34 (encoder.layers.encoder_layer_11.mlp.3): input_col=22 -> output_neuron=718 (grad=0.0053)

Chain 3: Starting from neuron 40
  Layer 0 (encoder.layers.encoder_layer_0.mlp.0): input_col=40 -> output_neuron=2437 (grad=0.0011)
  Layer 1 (encoder.layers.encoder_layer_0.mlp.3): input_col=37 -> output_neuron=685 (grad=0.0018)
  Warning: No gradients for layer encoder.layers.encoder_layer_1.self_attention.out_proj, skipping
  Layer 3 (encoder.layers.encoder_layer_1.mlp.0): input_col=13 -> output_neuron=497 (grad=0.0005)
  Layer 4 (encoder.layers.encoder_layer_1.mlp.3): input_col=17 -> output_neuron=159 (grad=0.0012)
  Warning: No gradients for layer encoder.layers.encoder_layer_2.self_attention.out_proj, skipping
  Layer 6 (encoder.layers.encoder_layer_2.mlp.0): input_col=15 -> output_neuron=2216 (grad=0.0000)
  Layer 7 (encoder.layers.encoder_layer_2.mlp.3): input_col=8 -> output_neuron=532 (grad=0.0016)
  Warning: No gradients for layer encoder.layers.encoder_layer_3.self_attention.out_proj, skipping
  Layer 9 (encoder.layers.encoder_layer_3.mlp.0): input_col=4 -> output_neuron=2529 (grad=0.0002)
  Layer 10 (encoder.layers.encoder_layer_3.mlp.3): input_col=33 -> output_neuron=489 (grad=0.0019)
  Warning: No gradients for layer encoder.layers.encoder_layer_4.self_attention.out_proj, skipping
  Layer 12 (encoder.layers.encoder_layer_4.mlp.0): input_col=9 -> output_neuron=1572 (grad=0.0035)
  Layer 13 (encoder.layers.encoder_layer_4.mlp.3): input_col=36 -> output_neuron=473 (grad=0.0012)
  Warning: No gradients for layer encoder.layers.encoder_layer_5.self_attention.out_proj, skipping
  Layer 15 (encoder.layers.encoder_layer_5.mlp.0): input_col=41 -> output_neuron=2542 (grad=0.0049)
  Layer 16 (encoder.layers.encoder_layer_5.mlp.3): input_col=46 -> output_neuron=249 (grad=0.0027)
  Warning: No gradients for layer encoder.layers.encoder_layer_6.self_attention.out_proj, skipping
  Layer 18 (encoder.layers.encoder_layer_6.mlp.0): input_col=9 -> output_neuron=791 (grad=0.0004)
  Layer 19 (encoder.layers.encoder_layer_6.mlp.3): input_col=23 -> output_neuron=689 (grad=0.0016)
  Warning: No gradients for layer encoder.layers.encoder_layer_7.self_attention.out_proj, skipping
  Layer 21 (encoder.layers.encoder_layer_7.mlp.0): input_col=17 -> output_neuron=1396 (grad=0.0022)
  Layer 22 (encoder.layers.encoder_layer_7.mlp.3): input_col=4 -> output_neuron=71 (grad=0.0012)
  Warning: No gradients for layer encoder.layers.encoder_layer_8.self_attention.out_proj, skipping
  Layer 24 (encoder.layers.encoder_layer_8.mlp.0): input_col=23 -> output_neuron=1731 (grad=0.0032)
  Layer 25 (encoder.layers.encoder_layer_8.mlp.3): input_col=3 -> output_neuron=119 (grad=0.0021)
  Warning: No gradients for layer encoder.layers.encoder_layer_9.self_attention.out_proj, skipping
  Layer 27 (encoder.layers.encoder_layer_9.mlp.0): input_col=23 -> output_neuron=2071 (grad=0.0230)
  Layer 28 (encoder.layers.encoder_layer_9.mlp.3): input_col=7 -> output_neuron=710 (grad=0.0035)
  Warning: No gradients for layer encoder.layers.encoder_layer_10.self_attention.out_proj, skipping
  Layer 30 (encoder.layers.encoder_layer_10.mlp.0): input_col=38 -> output_neuron=1361 (grad=0.0211)
  Layer 31 (encoder.layers.encoder_layer_10.mlp.3): input_col=17 -> output_neuron=628 (grad=0.0029)
  Warning: No gradients for layer encoder.layers.encoder_layer_11.self_attention.out_proj, skipping
  Layer 33 (encoder.layers.encoder_layer_11.mlp.0): input_col=4 -> output_neuron=1558 (grad=0.0096)
  Layer 34 (encoder.layers.encoder_layer_11.mlp.3): input_col=22 -> output_neuron=718 (grad=0.0053)

Chain 4: Starting from neuron 14
  Layer 0 (encoder.layers.encoder_layer_0.mlp.0): input_col=14 -> output_neuron=2445 (grad=0.0007)
  Layer 1 (encoder.layers.encoder_layer_0.mlp.3): input_col=45 -> output_neuron=685 (grad=0.0007)
  Warning: No gradients for layer encoder.layers.encoder_layer_1.self_attention.out_proj, skipping
  Layer 3 (encoder.layers.encoder_layer_1.mlp.0): input_col=13 -> output_neuron=497 (grad=0.0005)
  Layer 4 (encoder.layers.encoder_layer_1.mlp.3): input_col=17 -> output_neuron=159 (grad=0.0012)
  Warning: No gradients for layer encoder.layers.encoder_layer_2.self_attention.out_proj, skipping
  Layer 6 (encoder.layers.encoder_layer_2.mlp.0): input_col=15 -> output_neuron=2216 (grad=0.0000)
  Layer 7 (encoder.layers.encoder_layer_2.mlp.3): input_col=8 -> output_neuron=532 (grad=0.0016)
  Warning: No gradients for layer encoder.layers.encoder_layer_3.self_attention.out_proj, skipping
  Layer 9 (encoder.layers.encoder_layer_3.mlp.0): input_col=4 -> output_neuron=2529 (grad=0.0002)
  Layer 10 (encoder.layers.encoder_layer_3.mlp.3): input_col=33 -> output_neuron=489 (grad=0.0019)
  Warning: No gradients for layer encoder.layers.encoder_layer_4.self_attention.out_proj, skipping
  Layer 12 (encoder.layers.encoder_layer_4.mlp.0): input_col=9 -> output_neuron=1572 (grad=0.0035)
  Layer 13 (encoder.layers.encoder_layer_4.mlp.3): input_col=36 -> output_neuron=473 (grad=0.0012)
  Warning: No gradients for layer encoder.layers.encoder_layer_5.self_attention.out_proj, skipping
  Layer 15 (encoder.layers.encoder_layer_5.mlp.0): input_col=41 -> output_neuron=2542 (grad=0.0049)
  Layer 16 (encoder.layers.encoder_layer_5.mlp.3): input_col=46 -> output_neuron=249 (grad=0.0027)
  Warning: No gradients for layer encoder.layers.encoder_layer_6.self_attention.out_proj, skipping
  Layer 18 (encoder.layers.encoder_layer_6.mlp.0): input_col=9 -> output_neuron=791 (grad=0.0004)
  Layer 19 (encoder.layers.encoder_layer_6.mlp.3): input_col=23 -> output_neuron=689 (grad=0.0016)
  Warning: No gradients for layer encoder.layers.encoder_layer_7.self_attention.out_proj, skipping
  Layer 21 (encoder.layers.encoder_layer_7.mlp.0): input_col=17 -> output_neuron=1396 (grad=0.0022)
  Layer 22 (encoder.layers.encoder_layer_7.mlp.3): input_col=4 -> output_neuron=71 (grad=0.0012)
  Warning: No gradients for layer encoder.layers.encoder_layer_8.self_attention.out_proj, skipping
  Layer 24 (encoder.layers.encoder_layer_8.mlp.0): input_col=23 -> output_neuron=1731 (grad=0.0032)
  Layer 25 (encoder.layers.encoder_layer_8.mlp.3): input_col=3 -> output_neuron=119 (grad=0.0021)
  Warning: No gradients for layer encoder.layers.encoder_layer_9.self_attention.out_proj, skipping
  Layer 27 (encoder.layers.encoder_layer_9.mlp.0): input_col=23 -> output_neuron=2071 (grad=0.0230)
  Layer 28 (encoder.layers.encoder_layer_9.mlp.3): input_col=7 -> output_neuron=710 (grad=0.0035)
  Warning: No gradients for layer encoder.layers.encoder_layer_10.self_attention.out_proj, skipping
  Layer 30 (encoder.layers.encoder_layer_10.mlp.0): input_col=38 -> output_neuron=1361 (grad=0.0211)
  Layer 31 (encoder.layers.encoder_layer_10.mlp.3): input_col=17 -> output_neuron=628 (grad=0.0029)
  Warning: No gradients for layer encoder.layers.encoder_layer_11.self_attention.out_proj, skipping
  Layer 33 (encoder.layers.encoder_layer_11.mlp.0): input_col=4 -> output_neuron=1558 (grad=0.0096)
  Layer 34 (encoder.layers.encoder_layer_11.mlp.3): input_col=22 -> output_neuron=718 (grad=0.0053)

Chain 5: Starting from neuron 18
  Layer 0 (encoder.layers.encoder_layer_0.mlp.0): input_col=18 -> output_neuron=2437 (grad=0.0001)
  Layer 1 (encoder.layers.encoder_layer_0.mlp.3): input_col=37 -> output_neuron=685 (grad=0.0018)
  Warning: No gradients for layer encoder.layers.encoder_layer_1.self_attention.out_proj, skipping
  Layer 3 (encoder.layers.encoder_layer_1.mlp.0): input_col=13 -> output_neuron=497 (grad=0.0005)
  Layer 4 (encoder.layers.encoder_layer_1.mlp.3): input_col=17 -> output_neuron=159 (grad=0.0012)
  Warning: No gradients for layer encoder.layers.encoder_layer_2.self_attention.out_proj, skipping
  Layer 6 (encoder.layers.encoder_layer_2.mlp.0): input_col=15 -> output_neuron=2216 (grad=0.0000)
  Layer 7 (encoder.layers.encoder_layer_2.mlp.3): input_col=8 -> output_neuron=532 (grad=0.0016)
  Warning: No gradients for layer encoder.layers.encoder_layer_3.self_attention.out_proj, skipping
  Layer 9 (encoder.layers.encoder_layer_3.mlp.0): input_col=4 -> output_neuron=2529 (grad=0.0002)
  Layer 10 (encoder.layers.encoder_layer_3.mlp.3): input_col=33 -> output_neuron=489 (grad=0.0019)
  Warning: No gradients for layer encoder.layers.encoder_layer_4.self_attention.out_proj, skipping
  Layer 12 (encoder.layers.encoder_layer_4.mlp.0): input_col=9 -> output_neuron=1572 (grad=0.0035)
  Layer 13 (encoder.layers.encoder_layer_4.mlp.3): input_col=36 -> output_neuron=473 (grad=0.0012)
  Warning: No gradients for layer encoder.layers.encoder_layer_5.self_attention.out_proj, skipping
  Layer 15 (encoder.layers.encoder_layer_5.mlp.0): input_col=41 -> output_neuron=2542 (grad=0.0049)
  Layer 16 (encoder.layers.encoder_layer_5.mlp.3): input_col=46 -> output_neuron=249 (grad=0.0027)
  Warning: No gradients for layer encoder.layers.encoder_layer_6.self_attention.out_proj, skipping
  Layer 18 (encoder.layers.encoder_layer_6.mlp.0): input_col=9 -> output_neuron=791 (grad=0.0004)
  Layer 19 (encoder.layers.encoder_layer_6.mlp.3): input_col=23 -> output_neuron=689 (grad=0.0016)
  Warning: No gradients for layer encoder.layers.encoder_layer_7.self_attention.out_proj, skipping
  Layer 21 (encoder.layers.encoder_layer_7.mlp.0): input_col=17 -> output_neuron=1396 (grad=0.0022)
  Layer 22 (encoder.layers.encoder_layer_7.mlp.3): input_col=4 -> output_neuron=71 (grad=0.0012)
  Warning: No gradients for layer encoder.layers.encoder_layer_8.self_attention.out_proj, skipping
  Layer 24 (encoder.layers.encoder_layer_8.mlp.0): input_col=23 -> output_neuron=1731 (grad=0.0032)
  Layer 25 (encoder.layers.encoder_layer_8.mlp.3): input_col=3 -> output_neuron=119 (grad=0.0021)
  Warning: No gradients for layer encoder.layers.encoder_layer_9.self_attention.out_proj, skipping
  Layer 27 (encoder.layers.encoder_layer_9.mlp.0): input_col=23 -> output_neuron=2071 (grad=0.0230)
  Layer 28 (encoder.layers.encoder_layer_9.mlp.3): input_col=7 -> output_neuron=710 (grad=0.0035)
  Warning: No gradients for layer encoder.layers.encoder_layer_10.self_attention.out_proj, skipping
  Layer 30 (encoder.layers.encoder_layer_10.mlp.0): input_col=38 -> output_neuron=1361 (grad=0.0211)
  Layer 31 (encoder.layers.encoder_layer_10.mlp.3): input_col=17 -> output_neuron=628 (grad=0.0029)
  Warning: No gradients for layer encoder.layers.encoder_layer_11.self_attention.out_proj, skipping
  Layer 33 (encoder.layers.encoder_layer_11.mlp.0): input_col=4 -> output_neuron=1558 (grad=0.0096)
  Layer 34 (encoder.layers.encoder_layer_11.mlp.3): input_col=22 -> output_neuron=718 (grad=0.0053)

============================================================
✓ Successfully built 6 gradient chains
============================================================

Epoch 2/100 | LR: 0.000200 | Time: 220.95s
Train Loss: 2.4058 | Train Acc: 53.88%
Val Loss: 1.2865 | Val Acc: 74.88%

Gradient Chain Statistics:
[PacaGradientChainManager - Gradient Chain Logs]
  Chains Built: True
  Number of Chains: 6
  Current Epoch: 1
  Selected Arms: [1, 4, 3, 0, 2]
  Arm Means: [0.0, 0.0, 0.0, 0.0, 0.0, 0.0]
  Arm Stds: [10.0, 10.0, 10.0, 10.0, 10.0, 10.0]
  Arm Observation Counts: [0, 0, 0, 0, 0, 0]
  Last Sampled Values: [3.4316494464874268, 24.892175674438477, -20.015714645385742, 6.964877128601074, 11.353813171386719, -20.571426391601562]
------------------------------------------------------------

Reward: 7.38% (normalized: 0.74)

Epoch 3/100 | LR: 0.000300 | Time: 219.52s
Train Loss: 0.9422 | Train Acc: 81.06%
Val Loss: 0.8036 | Val Acc: 82.26%

Gradient Chain Statistics:
[PacaGradientChainManager - Gradient Chain Logs]
  Chains Built: True
  Number of Chains: 6
  Current Epoch: 2
  Selected Arms: [5, 2, 0, 3, 4]
  Arm Means: [0.590399980545044, 0.590399980545044, 0.590399980545044, 0.590399980545044, 0.590399980545044, 0.0]
  Arm Stds: [4.4721360206604, 4.4721360206604, 4.4721360206604, 4.4721360206604, 4.4721360206604, 10.0]
  Arm Observation Counts: [1, 1, 1, 1, 1, 0]
  Last Sampled Values: [3.49299693107605, -9.244738578796387, 9.624699592590332, 0.3616282343864441, -6.364865303039551, 15.77841854095459]
------------------------------------------------------------

Reward: 1.84% (normalized: 0.18)

Epoch 4/100 | LR: 0.000400 | Time: 219.63s
Train Loss: 0.6042 | Train Acc: 86.74%
Val Loss: 0.6434 | Val Acc: 84.10%

Gradient Chain Statistics:
[PacaGradientChainManager - Gradient Chain Logs]
  Chains Built: True
  Number of Chains: 6
  Current Epoch: 3
  Selected Arms: [0, 5, 3, 1, 4]
  Arm Means: [0.40977776050567627, 0.590399980545044, 0.40977776050567627, 0.40977776050567627, 0.40977776050567627, 0.14720000326633453]
  Arm Stds: [3.3333334922790527, 4.4721360206604, 3.3333334922790527, 3.3333334922790527, 3.3333334922790527, 4.4721360206604]
  Arm Observation Counts: [2, 1, 2, 2, 2, 1]
  Last Sampled Values: [3.925401210784912, -0.10031789541244507, -3.695770740509033, 0.8135209083557129, -0.6832484006881714, 2.0953307151794434]
------------------------------------------------------------

Reward: 0.45% (normalized: 0.05)

Epoch 5/100 | LR: 0.000500 | Time: 217.48s
Train Loss: 0.4195 | Train Acc: 90.10%
Val Loss: 0.5945 | Val Acc: 84.55%

Gradient Chain Statistics:
[PacaGradientChainManager - Gradient Chain Logs]
  Chains Built: True
  Number of Chains: 6
  Current Epoch: 4
  Selected Arms: [0, 5, 2, 1, 4]
  Arm Means: [0.2975384294986725, 0.3479999899864197, 0.40977776050567627, 0.2975384294986725, 0.2975384294986725, 0.10177777707576752]
  Arm Stds: [2.77350115776062, 3.3333334922790527, 3.3333334922790527, 2.77350115776062, 2.77350115776062, 3.3333334922790527]
  Arm Observation Counts: [3, 2, 2, 3, 3, 2]
  Last Sampled Values: [4.618403911590576, -1.2285962104797363, -0.3119484782218933, -3.832322835922241, -2.441403865814209, 0.3459455072879791]
------------------------------------------------------------

Reward: 0.06% (normalized: 0.01)

Epoch 6/100 | LR: 0.000600 | Time: 204.07s
Train Loss: 0.3202 | Train Acc: 92.15%
Val Loss: 0.5888 | Val Acc: 84.61%

Gradient Chain Statistics:
[PacaGradientChainManager - Gradient Chain Logs]
  Chains Built: True
  Number of Chains: 6
  Current Epoch: 5
  Selected Arms: [0, 4, 5, 3, 2]
  Arm Means: [0.2289411425590515, 0.24276921153068542, 0.2855384349822998, 0.2975384294986725, 0.2289411425590515, 0.07230769097805023]
  Arm Stds: [2.425356388092041, 2.77350115776062, 2.77350115776062, 2.77350115776062, 2.425356388092041, 2.77350115776062]
  Arm Observation Counts: [4, 3, 3, 3, 4, 3]
  Last Sampled Values: [2.681736469268799, -1.9144258499145508, -0.4963729977607727, 0.7846462726593018, 1.140186071395874, 0.9260610342025757]
------------------------------------------------------------

Reward: 0.41% (normalized: 0.04)

Epoch 7/100 | LR: 0.000700 | Time: 198.63s
Train Loss: 0.2714 | Train Acc: 93.16%
Val Loss: 0.5848 | Val Acc: 85.02%

Gradient Chain Statistics:
[PacaGradientChainManager - Gradient Chain Logs]
  Chains Built: True
  Number of Chains: 6
  Current Epoch: 6
  Selected Arms: [1, 4, 0, 3, 5]
  Arm Means: [0.193142831325531, 0.24276921153068542, 0.2279999703168869, 0.23717643320560455, 0.193142831325531, 0.0649411752820015]
  Arm Stds: [2.1821789741516113, 2.77350115776062, 2.425356388092041, 2.425356388092041, 2.1821789741516113, 2.425356388092041]
  Arm Observation Counts: [5, 3, 4, 4, 5, 4]
  Last Sampled Values: [0.6932122111320496, 3.5098445415496826, -2.1916756629943848, 0.46338245272636414, 3.0750210285186768, 0.019412722438573837]
------------------------------------------------------------

Reward: -1.97% (normalized: -0.20)

Epoch 8/100 | LR: 0.000800 | Time: 197.77s
Train Loss: 0.2440 | Train Acc: 93.71%
Val Loss: 0.6621 | Val Acc: 83.05%

Gradient Chain Statistics:
[PacaGradientChainManager - Gradient Chain Logs]
  Chains Built: True
  Number of Chains: 6
  Current Epoch: 7
  Selected Arms: [5, 3, 0, 2, 4]
  Arm Means: [0.13071997463703156, 0.1392940878868103, 0.2279999703168869, 0.15447615087032318, 0.13071997463703156, 0.01504761353135109]
  Arm Stds: [2.0, 2.425356388092041, 2.425356388092041, 2.1821789741516113, 2.0, 2.1821789741516113]
  Arm Observation Counts: [6, 4, 4, 5, 6, 5]
  Last Sampled Values: [0.5643810033798218, -2.9763455390930176, -0.43877750635147095, 1.4980747699737549, -0.76186203956604, 4.53945779800415]
------------------------------------------------------------
No improvement for 1 epoch(s)

Reward: 0.46% (normalized: 0.05)

Epoch 9/100 | LR: 0.000900 | Time: 198.24s
Train Loss: 0.2567 | Train Acc: 93.31%
Val Loss: 0.6428 | Val Acc: 83.51%

Gradient Chain Statistics:
[PacaGradientChainManager - Gradient Chain Logs]
  Chains Built: True
  Number of Chains: 6
  Current Epoch: 8
  Selected Arms: [5, 1, 0, 2, 3]
  Arm Means: [0.11903446167707443, 0.1392940878868103, 0.19333331286907196, 0.13711996376514435, 0.11903446167707443, 0.019999995827674866]
  Arm Stds: [1.8569533824920654, 2.425356388092041, 2.1821789741516113, 2.0, 1.8569533824920654, 2.0]
  Arm Observation Counts: [7, 4, 5, 6, 7, 6]
  Last Sampled Values: [1.785630464553833, 2.8640341758728027, 1.085181713104248, 0.5869231224060059, -0.05271852761507034, 3.386228561401367]
------------------------------------------------------------
No improvement for 2 epoch(s)

Reward: 0.41% (normalized: 0.04)

Epoch 10/100 | LR: 0.001000 | Time: 199.05s
Train Loss: 0.2500 | Train Acc: 93.50%
Val Loss: 0.6285 | Val Acc: 83.92%

Gradient Chain Statistics:
[PacaGradientChainManager - Gradient Chain Logs]
  Chains Built: True
  Number of Chains: 6
  Current Epoch: 9
  Selected Arms: [3, 5, 2, 0, 1]
  Arm Means: [0.10957574099302292, 0.12057140469551086, 0.16895997524261475, 0.12386203557252884, 0.11903446167707443, 0.022896548733115196]
  Arm Stds: [1.740776538848877, 2.1821789741516113, 2.0, 1.8569533824920654, 1.8569533824920654, 1.8569533824920654]
  Arm Observation Counts: [8, 5, 6, 7, 7, 7]
  Last Sampled Values: [0.43160274624824524, -1.8493977785110474, 2.5044608116149902, 3.2887089252471924, -2.031428575515747, 2.630666732788086]
------------------------------------------------------------
No improvement for 3 epoch(s)

Reward: -0.56% (normalized: -0.06)

Epoch 11/100 | LR: 0.001000 | Time: 200.50s
Train Loss: 0.2387 | Train Acc: 93.67%
Val Loss: 0.6745 | Val Acc: 83.36%

Gradient Chain Statistics:
[PacaGradientChainManager - Gradient Chain Logs]
  Chains Built: True
  Number of Chains: 6
  Current Epoch: 10
  Selected Arms: [2, 0, 3, 4, 5]
  Arm Means: [0.09167566150426865, 0.09231998026371002, 0.13793101906776428, 0.10206057876348495, 0.11903446167707443, 0.013333330862224102]
  Arm Stds: [1.64398992061615, 2.0, 1.8569533824920654, 1.740776538848877, 1.8569533824920654, 1.740776538848877]
  Arm Observation Counts: [9, 6, 7, 8, 7, 8]
  Last Sampled Values: [-0.026655904948711395, -2.8797481060028076, 0.45142078399658203, -0.9844924211502075, -1.6904127597808838, -2.57849383354187]
------------------------------------------------------------
No improvement for 4 epoch(s)

Reward: -0.75% (normalized: -0.07)

Epoch 12/100 | LR: 0.000999 | Time: 200.43s
Train Loss: 0.2454 | Train Acc: 93.28%
Val Loss: 0.6799 | Val Acc: 82.61%

Gradient Chain Statistics:
[PacaGradientChainManager - Gradient Chain Logs]
  Chains Built: True
  Number of Chains: 6
  Current Epoch: 11
  Selected Arms: [5, 3, 4, 2, 1]
  Arm Means: [0.07541462033987045, 0.09231998026371002, 0.11212120205163956, 0.08291889727115631, 0.09551513195037842, 0.0037837817799299955]
  Arm Stds: [1.5617376565933228, 2.0, 1.740776538848877, 1.64398992061615, 1.740776538848877, 1.64398992061615]
  Arm Observation Counts: [10, 6, 8, 9, 8, 9]
  Last Sampled Values: [-0.8292023539543152, -0.029621757566928864, 0.5727548599243164, 2.391995429992676, 0.8350421786308289, 2.5087032318115234]
------------------------------------------------------------
No improvement for 5 epoch(s)

Reward: 0.14% (normalized: 0.01)

Epoch 13/100 | LR: 0.000997 | Time: 200.42s
Train Loss: 0.2209 | Train Acc: 94.12%
Val Loss: 0.6896 | Val Acc: 82.75%

Gradient Chain Statistics:
[PacaGradientChainManager - Gradient Chain Logs]
  Chains Built: True
  Number of Chains: 6
  Current Epoch: 12
  Selected Arms: [0, 1, 2, 5, 3]
  Arm Means: [0.07541462033987045, 0.08151722699403763, 0.10151350498199463, 0.07619509845972061, 0.08670268207788467, 0.004780486226081848]
  Arm Stds: [1.5617376565933228, 1.8569533824920654, 1.64398992061615, 1.5617376565933228, 1.64398992061615, 1.5617376565933228]
  Arm Observation Counts: [10, 7, 9, 10, 9, 10]
  Last Sampled Values: [1.911047101020813, 0.6535484790802002, -0.07458977401256561, -0.8408650159835815, -2.0732064247131348, -0.6169732809066772]
------------------------------------------------------------
No improvement for 6 epoch(s)

Reward: 0.22% (normalized: 0.02)

Epoch 14/100 | LR: 0.000995 | Time: 200.41s
Train Loss: 0.2209 | Train Acc: 94.07%
Val Loss: 0.6867 | Val Acc: 82.97%

Gradient Chain Statistics:
[PacaGradientChainManager - Gradient Chain Logs]
  Chains Built: True
  Number of Chains: 6
  Current Epoch: 13
  Selected Arms: [4, 1, 2, 5, 3]
  Arm Means: [0.07066665589809418, 0.07430301606655121, 0.09375608712434769, 0.07137775421142578, 0.08670268207788467, 0.006311109755188227]
  Arm Stds: [1.49071204662323, 1.740776538848877, 1.5617376565933228, 1.49071204662323, 1.64398992061615, 1.49071204662323]
  Arm Observation Counts: [11, 8, 10, 11, 9, 11]
  Last Sampled Values: [-0.7691904306411743, 2.788839817047119, 1.2229160070419312, -0.5242226123809814, 4.147016525268555, 0.34782978892326355]
------------------------------------------------------------
No improvement for 7 epoch(s)
Early stopping triggered after 14 epochs.
Total training time: 2896.03 seconds
Average time per epoch: 206.86 seconds

============================================================
Training completed!
============================================================
Job completed at Wed Dec 31 10:31:55 IST 2025
